は	1
の	2
た	3
に	4
を	5
だ	6
て	7
が	8
する	9
ない	10
いる	11
彼	12
と	13
で	14
ます	15
私	16
か	17
です	18
も	19
よ	20
ある	21
こと	22
その	23
彼女	24
トム	25
なる	26
ん	27
この	28
から	29
お	30
てる	31
れる	32
人	33
何	34
行く	35
ぬ	36
言う	37
たち	38
ば	39
あなた	40
思う	41
よう	42
ね	43
それ	44
できる	45
たい	46
見る	47
ら	48
いい	49
って	50
君	51
くる	52
くれる	53
どう	54
な	55
いう	56
家	57
知る	58
これ	59
もの	60
やる	61
まで	62
日	63
時	64
自分	65
好き	66
中	67
くださる	68
へ	69
つく	70
来る	71
もう	72
なさる	73
誰	74
僕	75
られる	76
メアリー	77
本	78
そう	79
語	80
仕事	81
より	82
持つ	83
ため	84
ここ	85
今	86
時間	87
話す	88
食べる	89
日本	90
方	91
せる	92
とても	93
一	94
あの	95
出る	96
よい	97
今日	98
車	99
前	100
聞く	101
しまう	102
買う	103
年	104
さん	105
だけ	106
よく	107
金	108
どこ	109
達	110
会う	111
的	112
子供	113
かける	114
けど	115
そんな	116
いく	117
者	118
つ	119
気	120
すぐ	121
取る	122
出す	123
英語	124
いつも	125
ところ	126
必要	127
入る	128
読む	129
問題	130
いける	131
べし	132
学校	133
フランス	134
部屋	135
事	136
まだ	137
本当	138
さ	139
・	140
書く	141
明日	142
勉強	143
みる	144
電話	145
目	146
我々	147
ず	148
手	149
わかる	150
いつ	151
とき	152
話	153
分かる	154
昨日	155
新しい	156
雨	157
使う	158
そこ	159
悪い	160
ほど	161
ご	162
少し	163
住む	164
考える	165
待つ	166
とる	167
なん	168
父	169
先生	170
良い	171
たくさん	172
飲む	173
下さる	174
犬	175
おく	176
見える	177
つもり	178
や	179
間	180
合う	181
上	182
立つ	183
高い	184
受ける	185
帰る	186
教える	187
かかる	188
入れる	189
後	190
忘れる	191
月	192
寝る	193
友達	194
男	195
ちゃう	196
もらう	197
すぎる	198
つける	199
みんな	200
もっと	201
手紙	202
結婚	203
うち	204
早い	205
よる	206
多く	207
一緒	208
働く	209
わ	210
降る	211
なんて	212
同じ	213
ちょっと	214
あげる	215
作る	216
水	217
乗る	218
歩く	219
計画	220
一番	221
俺	222
あまり	223
国	224
着く	225
くらい	226
二	227
どんな	228
始める	229
名前	230
アメリカ	231
また	232
バス	233
子	234
分	235
事故	236
ほとんど	237
成功	238
長い	239
世界	240
母	241
楽しい	242
死ぬ	243
歳	244
一人	245
病気	246
欲しい	247
テレビ	248
多い	249
言葉	250
すべて	251
駅	252
こんな	253
終わる	254
医者	255
旅行	256
少年	257
映画	258
機	259
ずっと	260
どの	261
会社	262
店	263
出来る	264
度	265
パーティー	266
込む	267
もし	268
しれる	269
若い	270
やめる	271
ボストン	272
不	273
起きる	274
遅れる	275
うまい	276
次	277
息子	278
猫	279
頭	280
試験	281
大きな	282
道	283
でる	284
生活	285
ほう	286
注意	287
コーヒー	288
顔	289
引く	290
学生	291
人間	292
運転	293
心	294
走る	295
難しい	296
ドア	297
他	298
夜	299
しか	300
人々	301
通り	302
座る	303
起こる	304
信ずる	305
お前	306
呼ぶ	307
美しい	308
毎日	309
以上	310
大	311
町	312
大学	313
出発	314
ながら	315
み	316
一度	317
大きい	318
わけ	319
願う	320
数	321
音楽	322
落ちる	323
忙しい	324
所	325
手伝う	326
上げる	327
全部	328
朝	329
飛行	330
生きる	331
物	332
花	333
ばかり	334
戻る	335
着る	336
ジョン	337
健康	338
東京	339
ドル	340
とも	341
見つける	342
力	343
女性	344
ありがとう	345
泣く	346
対する	347
質問	348
いただける	349
雪	350
最近	351
どれ	352
家族	353
料理	354
木	355
両親	356
山	357
約束	358
送る	359
切る	360
大変	361
全く	362
寒い	363
考え	364
心配	365
写真	366
意味	367
川	368
意見	369
時計	370
怒る	371
たり	372
回	373
電車	374
失敗	375
理解	376
疲れる	377
覚える	378
ひどい	379
得る	380
生徒	381
開ける	382
違う	383
非常	384
説明	385
列車	386
笑う	387
親切	388
すごい	389
女の子	390
どちら	391
与える	392
動物	393
外国	394
館	395
話せる	396
大好き	397
なぜ	398
二人	399
窓	400
関係	401
天気	402
ぞ	403
続ける	404
夢	405
生まれる	406
痛い	407
遊ぶ	408
人生	409
外	410
口	411
強い	412
警察	413
テニス	414
一生	415
頃	416
上手	417
友人	418
驚く	419
いくら	420
置く	421
週間	422
試合	423
変わる	424
必ず	425
探す	426
し	427
飛ぶ	428
三	429
あれ	430
声	431
行う	432
皆	433
音	434
す	435
決める	436
払う	437
母さん	438
宿題	439
懸命	440
正しい	441
もらえる	442
自転車	443
開く	444
決して	445
あいつ	446
わたし	447
助ける	448
色	449
会	450
上がる	451
娘	452
十分	453
幸せ	454
絵	455
ただ	456
結果	457
聞こえる	458
努力	459
服	460
見せる	461
日曜	462
すむ	463
小説	464
近く	465
過ぎる	466
はず	467
みたい	468
点	469
面白い	470
場所	471
貸す	472
円	473
夏	474
性	475
愛する	476
初めて	477
可能	478
体	479
泳ぐ	480
父さん	481
足	482
重要	483
急ぐ	484
似る	485
深い	486
オーストラリア	487
生	488
立てる	489
時代	490
求める	491
食事	492
ホテル	493
速い	494
らしい	495
公園	496
簡単	497
危険	498
実	499
魚	500
予定	501
自由	502
古い	503
理由	504
知らせ	505
終える	506
午後	507
など	508
選ぶ	509
嘘	510
新聞	511
付く	512
授業	513
辞書	514
学ぶ	515
昔	516
守る	517
少女	518
間違い	519
興味	520
全て	521
きれい	522
まま	523
嫌い	524
暑い	525
靴	526
最初	527
船	528
ござる	529
妻	530
箱	531
さえ	532
過ごす	533
下	534
薬	535
クラス	536
気分	537
背	538
なあ	539
気持ち	540
答える	541
風	542
だれ	543
頼む	544
かなり	545
勝つ	546
付ける	547
元気	548
小さな	549
返す	550
小さい	551
違い	552
ほしい	553
ちょうど	554
今夜	555
書	556
有名	557
反対	558
最後	559
止める	560
やすい	561
少ない	562
散歩	563
ドイツ	564
始まる	565
事実	566
弟	567
空	568
鍵	569
風邪	570
会議	571
歌	572
誕生	573
野球	574
間違う	575
いっぱい	576
起こす	577
妹	578
喜ぶ	579
ぐらい	580
夕食	581
母親	582
鳥	583
失う	584
最も	585
困る	586
大切	587
関する	588
まったく	589
今年	590
歌う	591
戦争	592
テーブル	593
遅い	594
がる	595
向かう	596
客	597
眠る	598
こちら	599
到着	600
言語	601
チーム	602
ケーキ	603
何時	604
兄	605
役	606
昨夜	607
価値	608
感ずる	609
海	610
行動	611
方法	612
責任	613
酒	614
ビル	615
政治	616
金持ち	617
文	618
こう	619
なし	620
別	621
以前	622
出席	623
父親	624
とく	625
提案	626
追う	627
正直	628
楽しむ	629
研究	630
冬	631
打つ	632
たがる	633
様	634
他人	635
変える	636
消す	637
あと	638
借りる	639
パン	640
太陽	641
今朝	642
互い	643
庭	644
月曜	645
連絡	646
安い	647
帽子	648
身	649
耳	650
賛成	651
女	652
間に合う	653
ピアノ	654
伝える	655
場合	656
席	657
準備	658
おる	659
ごめん	660
怖い	661
男の子	662
いただく	663
きっと	664
絶対	665
進む	666
病院	667
限り	668
ちゃ	669
突然	670
全然	671
吸う	672
第	673
あんな	674
満足	675
行ける	676
ひく	677
ニュース	678
運動	679
机	680
ちゃん	681
銀行	682
もつ	683
科学	684
認める	685
タバコ	686
ロンドン	687
売る	688
食べ物	689
今度	690
押す	691
残る	692
親	693
かしら	694
大丈夫	695
無い	696
どうぞ	697
図書	698
社会	699
交通	700
静か	701
い	702
しかし	703
休む	704
髪	705
せい	706
カメラ	707
先	708
悲しい	709
来週	710
みな	711
去る	712
市	713
2人	714
傘	715
利用	716
盗む	717
中国	718
経験	719
続く	720
そして	721
洗う	722
実際	723
慣れる	724
逃げる	725
直す	726
おかげ	727
事件	728
世話	729
年間	730
道路	731
老人	732
茶	733
赤ちゃん	734
返事	735
士	736
外出	737
学	738
番	739
通る	740
子ども	741
普通	742
ついに	743
火	744
経済	745
姉	746
ワイン	747
地球	748
情報	749
暮らす	750
動く	751
腹	752
うれしい	753
時々	754
残念	755
無駄	756
よろしい	757
合格	758
調べる	759
数学	760
腕	761
許す	762
ゲーム	763
先週	764
男性	765
相手	766
離れる	767
なんか	768
政府	769
訪ねる	770
いかが	771
暗い	772
赤い	773
馬鹿	774
なぁ	775
まず	776
ゆっくり	777
歯	778
ビール	779
途中	780
かわいい	781
ドレス	782
秘密	783
連れる	784
プレゼント	785
従う	786
ニューヨーク	787
幸福	788
われわれ	789
忠告	790
訪れる	791
卵	792
名	793
朝食	794
真実	795
解決	796
滞在	797
空港	798
我慢	799
氏	800
夫	801
感謝	802
ペン	803
無理	804
コンピューター	805
冗談	806
鳴る	807
いたす	808
イギリス	809
ヶ月	810
村	811
気づく	812
赤ん坊	813
おいしい	814
スポーツ	815
半	816
尋ねる	817
建物	818
現在	819
扱う	820
結局	821
参加	822
教師	823
枚	824
運ぶ	825
すばらしい	826
パリ	827
教育	828
レストラン	829
亡くなる	830
回る	831
式	832
用	833
神	834
どっち	835
ま	836
タクシー	837
隣	838
テスト	839
帰宅	840
掃除	841
死	842
番号	843
目的	844
習う	845
はっきり	846
あらゆる	847
員	848
渡る	849
全員	850
春	851
翻訳	852
買い物	853
習慣	854
ジェーン	855
姿	856
選手	857
降りる	858
当然	859
無	860
迎える	861
急	862
期待	863
高校	864
海外	865
合わせる	866
肉	867
やっと	868
品	869
街	870
遅刻	871
馬	872
まるで	873
近い	874
けれど	875
クリスマス	876
出身	877
人気	878
吹く	879
平和	880
橋	881
機械	882
いや	883
しばらく	884
件	885
休暇	886
将来	887
修理	888
嫌	889
落とす	890
させる	891
パソコン	892
限る	893
助け	894
湖	895
なくす	896
ベッド	897
京都	898
困難	899
地震	900
歴史	901
白い	902
荷物	903
郵便	904
コンサート	905
ジム	906
床	907
暇	908
止まる	909
美味しい	910
議論	911
都市	912
値段	913
場	914
得意	915
招待	916
援助	917
飼う	918
なれる	919
以外	920
捨てる	921
涙	922
登る	923
答え	924
不足	925
地	926
嬉しい	927
影響	928
予約	929
冊	930
昼食	931
晩	932
確か	933
空気	934
いろいろ	935
ころ	936
ダメ	937
なくなる	938
黙る	939
なり	940
変	941
お腹	942
ひと	943
コート	944
シャツ	945
自身	946
要求	947
一般	948
去年	949
味	950
キス	951
昼	952
殺す	953
激しい	954
単語	955
寄る	956
自動車	957
自然	958
ラジオ	959
一杯	960
代	961
奴	962
弾く	963
振る	964
カナダ	965
張る	966
森	967
警官	968
重い	969
会合	970
壁	971
実行	972
部	973
サッカー	974
旅	975
閉める	976
間違える	977
すっかり	978
たいへん	979
ほか	980
もん	981
偶然	982
大統領	983
決心	984
規則	985
頑張る	986
感じ	987
毎朝	988
倍	989
原因	990
存在	991
広い	992
牛乳	993
階	994
しばしば	995
上手い	996
屋	997
種	998
見つかる	999
尊敬	1000
星	1001
望む	1002
注文	1003
言える	1004
年齢	1005
描く	1006
1人	1007
スキー	1008
紙	1009
はい	1010
ヨーロッパ	1011
個	1012
完全	1013
明らか	1014
最高	1015
暖かい	1016
趣味	1017
たいてい	1018
ボール	1019
解く	1020
ぼく	1021
労働	1022
届く	1023
負ける	1024
匹	1025
若者	1026
ボブ	1027
卒業	1028
愛	1029
状態	1030
しゃべる	1031
五	1032
法律	1033
示す	1034
詩	1035
読書	1036
財布	1037
買える	1038
青い	1039
なかなか	1040
教会	1041
敵	1042
火事	1043
申す	1044
ちゃんと	1045
ケン	1046
同意	1047
尽くす	1048
近づく	1049
スペイン	1050
休み	1051
島	1052
機会	1053
砂糖	1054
さらに	1055
法	1056
貧しい	1057
たつ	1058
会える	1059
十	1060
弁護	1061
態度	1062
状況	1063
住所	1064
割る	1065
叔父	1066
調子	1067
スミス	1068
切れる	1069
代わり	1070
分ける	1071
命	1072
携帯	1073
歌手	1074
賢い	1075
明るい	1076
現れる	1077
能力	1078
通う	1079
部分	1080
だめ	1081
なに	1082
恥ずかしい	1083
掛ける	1084
次第	1085
説得	1086
こそ	1087
投げる	1088
来年	1089
消える	1090
あそこ	1091
ごらん	1092
優しい	1093
増える	1094
皿	1095
いらっしゃる	1096
カード	1097
リンゴ	1098
空く	1099
紹介	1100
迷う	1101
釣り	1102
おもしろい	1103
ひとり	1104
めっちゃ	1105
スープ	1106
普段	1107
横	1108
残す	1109
事務	1110
化	1111
渡す	1112
練習	1113
うん	1114
事業	1115
内	1116
失礼	1117
当たる	1118
洗濯	1119
演説	1120
遠い	1121
主義	1122
人口	1123
偉大	1124
電気	1125
おじ	1126
やさしい	1127
イタリア	1128
メール	1129
希望	1130
当てる	1131
曲	1132
知識	1133
隠す	1134
泥棒	1135
週末	1136
じゃん	1137
とこ	1138
丘	1139
信頼	1140
国民	1141
後ろ	1142
戻す	1143
抱く	1144
正確	1145
財産	1146
風呂	1147
大いに	1148
大阪	1149
宇宙	1150
断る	1151
新	1152
甘い	1153
発見	1154
罪	1155
苦労	1156
願い	1157
クラブ	1158
ナイフ	1159
兄弟	1160
判断	1161
厳しい	1162
嵐	1163
泊まる	1164
素晴らしい	1165
線	1166
詳しい	1167
誤り	1168
むしろ	1169
息	1170
留守	1171
給料	1172
勇気	1173
思い	1174
思える	1175
恐れる	1176
才能	1177
等	1178
素敵	1179
通す	1180
信用	1181
大事	1182
委員	1183
抜ける	1184
日間	1185
杯	1186
鉛筆	1187
こっち	1188
土曜	1189
後悔	1190
撮る	1191
閉じる	1192
かく	1193
多分	1194
工場	1195
熱	1196
約	1197
かかわる	1198
ほんの	1199
もちろん	1200
冷たい	1201
短い	1202
苦手	1203
遠く	1204
じゃ	1205
壊れる	1206
安全	1207
室	1208
建てる	1209
石	1210
聴く	1211
そろそろ	1212
たとえ	1213
常	1214
泳げる	1215
雑誌	1216
ああ	1217
すぎ	1218
ねえ	1219
ばあ	1220
切符	1221
回復	1222
御	1223
患者	1224
決定	1225
田舎	1226
自慢	1227
謝る	1228
やつ	1229
椅子	1230
行為	1231
面倒	1232
あっ	1233
光	1234
早起き	1235
祖父	1236
終わり	1237
表現	1238
調査	1239
集める	1240
夏休み	1241
太る	1242
確認	1243
訳す	1244
酔う	1245
ギター	1246
上司	1247
収入	1248
地図	1249
申し訳	1250
訪問	1251
どういう	1252
噂	1253
だす	1254
ますます	1255
向ける	1256
曲がる	1257
環境	1258
確信	1259
トイレ	1260
マイク	1261
作家	1262
台所	1263
喫煙	1264
地域	1265
手伝い	1266
首	1267
しっかり	1268
午前	1269
恋	1270
故障	1271
秋	1272
きく	1273
ネクタイ	1274
報告	1275
案内	1276
台	1277
周り	1278
大人	1279
決まる	1280
読める	1281
野菜	1282
かつて	1283
すでに	1284
全体	1285
出せる	1286
晴れる	1287
マイル	1288
主張	1289
信じる	1290
塩	1291
文化	1292
赤	1293
週	1294
めった	1295
ボタン	1296
ミルク	1297
加える	1298
壊す	1299
局	1300
指	1301
浮かぶ	1302
足りる	1303
たばこ	1304
りんご	1305
アイス	1306
オレンジ	1307
低い	1308
体重	1309
使える	1310
助言	1311
国際	1312
天候	1313
官	1314
庫	1315
教室	1316
案	1317
立派	1318
邪魔	1319
おかしい	1320
果たす	1321
王	1322
育つ	1323
胸	1324
記憶	1325
詩人	1326
辺	1327
過去	1328
あう	1329
取れる	1330
形	1331
感	1332
折る	1333
眠い	1334
しも	1335
ページ	1336
今週	1337
成長	1338
熱心	1339
理論	1340
組む	1341
集まる	1342
さあ	1343
にくい	1344
びっくり	1345
もっとも	1346
価格	1347
冷蔵	1348
昨年	1349
程度	1350
種類	1351
結構	1352
芸術	1353
避ける	1354
台風	1355
夢中	1356
奥さん	1357
延期	1358
毎年	1359
特に	1360
近所	1361
関心	1362
じっと	1363
居る	1364
書類	1365
用意	1366
社長	1367
考慮	1368
育てる	1369
表す	1370
述べる	1371
駄目	1372
一日	1373
全	1374
塗る	1375
好む	1376
焼く	1377
脱ぐ	1378
製品	1379
実験	1380
来月	1381
欠点	1382
減る	1383
選挙	1384
ピザ	1385
個人	1386
具合	1387
勤勉	1388
奪う	1389
技術	1390
破る	1391
うそ	1392
ほんと	1393
まさに	1394
年上	1395
最大	1396
発明	1397
賞	1398
雲	1399
黒い	1400
つめる	1401
セーター	1402
チーズ	1403
変化	1404
富士	1405
意識	1406
提出	1407
文句	1408
済む	1409
犯す	1410
貧乏	1411
つつ	1412
やら	1413
先月	1414
入院	1415
活動	1416
眠れる	1417
精神	1418
叫ぶ	1419
向く	1420
婦人	1421
弱い	1422
想像	1423
比べる	1424
流れる	1425
キロ	1426
不思議	1427
人形	1428
商品	1429
土地	1430
家庭	1431
教授	1432
権利	1433
機嫌	1434
語る	1435
うんざり	1436
そば	1437
たった	1438
わずか	1439
会話	1440
同様	1441
殺人	1442
事態	1443
感情	1444
退屈	1445
都合	1446
除く	1447
魅力	1448
っけ	1449
ばか	1450
チケット	1451
トニー	1452
市場	1453
性格	1454
文字	1455
楽	1456
池	1457
留学	1458
真	1459
禁止	1460
踊る	1461
ずつ	1462
切手	1463
回す	1464
園	1465
経営	1466
興奮	1467
飲み物	1468
きのう	1469
よろしく	1470
トラック	1471
中止	1472
仕方	1473
優れる	1474
怒り	1475
恐怖	1476
異なる	1477
職	1478
遅く	1479
える	1480
ジャック	1481
一体	1482
今晩	1483
右	1484
商売	1485
植物	1486
申し出	1487
英国	1488
量	1489
下がる	1490
余裕	1491
側	1492
半分	1493
向こう	1494
怪我	1495
捕まえる	1496
氷	1497
燃える	1498
輝く	1499
きみ	1500
つまる	1501
変更	1502
学者	1503
誇り	1504
ゴルフ	1505
バラ	1506
以来	1507
作品	1508
備える	1509
屋根	1510
抜く	1511
捜す	1512
気候	1513
いま	1514
それぞれ	1515
アパート	1516
タイプ	1517
デート	1518
倒れる	1519
差す	1520
果物	1521
犯罪	1522
看護	1523
義務	1524
耐える	1525
肩	1526
血	1527
駐車	1528
紅茶	1529
観光	1530
辞める	1531
頼る	1532
いっしょ	1533
かまう	1534
クッキー	1535
一致	1536
便り	1537
喜び	1538
噛む	1539
成績	1540
無視	1541
熱い	1542
特別	1543
行き	1544
さぁ	1545
ては	1546
使用	1547
借金	1548
唯一	1549
四	1550
恐ろしい	1551
最終	1552
相談	1553
米	1554
越える	1555
金曜	1556
騒音	1557
ふり	1558
まあ	1559
ポケット	1560
一言	1561
兵士	1562
流す	1563
なす	1564
もたらす	1565
スーパー	1566
レポート	1567
替える	1568
欠席	1569
気付く	1570
祖母	1571
突く	1572
遅れ	1573
達する	1574
鏡	1575
うるさい	1576
はじめる	1577
ノート	1578
ロシア	1579
先日	1580
最善	1581
末	1582
狭い	1583
現実	1584
綺麗	1585
長	1586
かぶる	1587
じい	1588
てく	1589
まい	1590
上着	1591
世紀	1592
両方	1593
中心	1594
当時	1595
為	1596
痛む	1597
自殺	1598
非難	1599
けが	1600
こむ	1601
だます	1602
ほぼ	1603
叔母	1604
明かり	1605
腰	1606
面	1607
ピクニック	1608
メートル	1609
今回	1610
劣る	1611
容易	1612
幸運	1613
物語	1614
現代	1615
立場	1616
美人	1617
だんだん	1618
とにかく	1619
バター	1620
ボート	1621
万一	1622
並ぶ	1623
便	1624
値	1625
招く	1626
支配	1627
沈む	1628
生産	1629
いったい	1630
いでる	1631
がち	1632
がっかり	1633
たまに	1634
つかむ	1635
ローマ	1636
乗客	1637
否定	1638
含む	1639
咲く	1640
契約	1641
水泳	1642
発表	1643
穴	1644
結ぶ	1645
覚める	1646
誘う	1647
贈り物	1648
閉まる	1649
離婚	1650
おもちゃ	1651
はまる	1652
不安	1653
不幸	1654
彼氏	1655
無事	1656
番組	1657
運	1658
食う	1659
鼻	1660
いいえ	1661
たび	1662
ケイト	1663
再び	1664
大勢	1665
支払う	1666
治る	1667
煙草	1668
牛	1669
疑う	1670
過ぎ	1671
カップ	1672
喧嘩	1673
奇妙	1674
専門	1675
感じる	1676
昨晩	1677
歩ける	1678
田中	1679
相	1680
許可	1681
軽い	1682
銃	1683
階段	1684
あたり	1685
つれる	1686
もと	1687
企業	1688
何事	1689
免許	1690
別れる	1691
小	1692
戦う	1693
緑	1694
菓子	1695
評価	1696
あ	1697
ずいぶん	1698
ぜひ	1699
ガラス	1700
ブラウン	1701
ミス	1702
伺う	1703
信号	1704
区別	1705
夕方	1706
季節	1707
我が	1708
手段	1709
知り合い	1710
競争	1711
触れる	1712
門	1713
雇う	1714
ご飯	1715
り	1716
クリーム	1717
作文	1718
利益	1719
地位	1720
大声	1721
物価	1722
犠牲	1723
禁煙	1724
証拠	1725
距離	1726
うわさ	1727
ぜ	1728
ぶり	1729
チャンス	1730
ナンシー	1731
バッグ	1732
人物	1733
光景	1734
巻く	1735
桜	1736
歓迎	1737
解ける	1738
進歩	1739
あきらめる	1740
さっき	1741
っぽい	1742
とうとう	1743
シャワー	1744
ダンス	1745
人類	1746
動かす	1747
踏む	1748
返る	1749
都会	1750
骨	1751
アン	1752
一部	1753
主人	1754
予想	1755
仲間	1756
任せる	1757
例	1758
六	1759
実現	1760
要る	1761
角	1762
食料	1763
あがる	1764
たぶん	1765
スーツケース	1766
マジ	1767
ママ	1768
傾向	1769
利口	1770
勝利	1771
北海道	1772
嫌う	1773
家具	1774
感動	1775
繰る	1776
越す	1777
際	1778
隠れる	1779
おまえ	1780
ほら	1781
め	1782
やっぱり	1783
傷つける	1784
初め	1785
危機	1786
城	1787
字	1788
引っ越す	1789
指導	1790
石油	1791
礼儀	1792
自信	1793
臭い	1794
辺り	1795
ちょうだい	1796
とおり	1797
とれる	1798
バカ	1799
勝てる	1800
挨拶	1801
支持	1802
生まれ	1803
紳士	1804
緊張	1805
販売	1806
逮捕	1807
運命	1808
遠慮	1809
どおり	1810
アドバイス	1811
スーツ	1812
久しぶり	1813
人前	1814
出来事	1815
博物	1816
可愛い	1817
完璧	1818
毎週	1819
留める	1820
秘書	1821
貯金	1822
遂げる	1823
香り	1824
おそらく	1825
ちがい	1826
まし	1827
休憩	1828
候補	1829
優勝	1830
喉	1831
夕飯	1832
故郷	1833
流行	1834
礼	1835
美術	1836
ごと	1837
たたく	1838
やむ	1839
スピーチ	1840
師	1841
愚か	1842
浴びる	1843
自己	1844
記録	1845
貴方	1846
頭痛	1847
高	1848
からかう	1849
ときどき	1850
ソファー	1851
交換	1852
文学	1853
生物	1854
賢明	1855
供給	1856
匂い	1857
天才	1858
寂しい	1859
州	1860
悪	1861
愛す	1862
成る	1863
新車	1864
海岸	1865
狂う	1866
聴衆	1867
証明	1868
軽蔑	1869
あたる	1870
おっしゃる	1871
たまたま	1872
便利	1873
太郎	1874
完成	1875
幽霊	1876
役立つ	1877
棚	1878
演奏	1879
発言	1880
腐る	1881
覆う	1882
計算	1883
関わる	1884
おしゃべり	1885
エンジン	1886
割	1887
効果	1888
化学	1889
協力	1890
合衆	1891
地面	1892
基本	1893
夜中	1894
数える	1895
景色	1896
横断	1897
迷惑	1898
つくる	1899
ジュース	1900
フットボール	1901
ベンチ	1902
好み	1903
左	1904
心臓	1905
悪口	1906
本気	1907
虫	1908
首相	1909
かなう	1910
だらけ	1911
一方	1912
兄さん	1913
入学	1914
夫婦	1915
履く	1916
微笑む	1917
救う	1918
様子	1919
物事	1920
稼ぐ	1921
苦しむ	1922
襲う	1923
記事	1924
責める	1925
どころ	1926
インド	1927
ベル	1928
勇敢	1929
同時	1930
増加	1931
大嫌い	1932
女優	1933
文章	1934
日記	1935
発音	1936
目標	1937
論文	1938
資金	1939
ばっかり	1940
ガス	1941
グループ	1942
コップ	1943
スピード	1944
下手	1945
元	1946
告げる	1947
女子	1948
宗教	1949
文法	1950
条件	1951
構う	1952
物理	1953
確かめる	1954
社	1955
継ぐ	1956
退職	1957
あんまり	1958
はるか	1959
使い方	1960
共	1961
大金	1962
換える	1963
爆発	1964
睡眠	1965
1日	1966
いかに	1967
いわゆる	1968
かばん	1969
たずねる	1970
サービス	1971
スカート	1972
ダイエット	1973
チェック	1974
パスポート	1975
乗せる	1976
伸ばす	1977
全力	1978
召し上がる	1979
地方	1980
拾う	1981
料	1982
望み	1983
産業	1984
百	1985
眼鏡	1986
祈る	1987
貿易	1988
辛い	1989
通ずる	1990
飽きる	1991
おい	1992
たまる	1993
上昇	1994
以内	1995
八	1996
公平	1997
列	1998
叱る	1999
婦	2000
所有	2001
抑える	2002
教科	2003
本物	2004
殴る	2005
解雇	2006
訳	2007
費用	2008
選択	2009
駆ける	2010
いちばん	2011
つまり	2012
サイズ	2013
サミ	2014
仲良く	2015
傷	2016
危ない	2017
知れる	2018
笑顔	2019
被害	2020
見込み	2021
触る	2022
きつい	2023
しめる	2024
つなぐ	2025
アフリカ	2026
不平	2027
俳優	2028
平均	2029
撃つ	2030
料金	2031
検査	2032
権	2033
汚染	2034
無料	2035
磨く	2036
経つ	2037
行儀	2038
覚ます	2039
議長	2040
購入	2041
たてる	2042
やがて	2043
ウサギ	2044
エネルギー	2045
ショック	2046
ジョージ	2047
チョコレート	2048
リスト	2049
仲	2050
余地	2051
保険	2052
処理	2053
手術	2054
投票	2055
抱える	2056
教	2057
方向	2058
疑い	2059
癖	2060
神経	2061
あんた	2062
ええ	2063
お気に入り	2064
きる	2065
じゃあ	2066
たって	2067
どんどん	2068
世の中	2069
乗れる	2070
出版	2071
勧める	2072
姉さん	2073
専攻	2074
幸い	2075
愛情	2076
玄関	2077
生命	2078
白	2079
諦める	2080
逃す	2081
もはや	2082
サイン	2083
下す	2084
劇	2085
友情	2086
味方	2087
帰り	2088
当て	2089
意志	2090
我	2091
戸	2092
攻撃	2093
比較	2094
民主	2095
眺める	2096
締める	2097
背中	2098
英	2099
裁判	2100
輸入	2101
重大	2102
鞄	2103
額	2104
黒	2105
きちんと	2106
さっぱり	2107
すく	2108
つい	2109
まさか	2110
不明	2111
不満	2112
交渉	2113
政策	2114
有効	2115
犯人	2116
発生	2117
県	2118
職業	2119
誤解	2120
講義	2121
込める	2122
霧	2123
青	2124
いとこ	2125
かえる	2126
かねる	2127
カーテン	2128
サンドイッチ	2129
ハワイ	2130
作業	2131
双子	2132
叩く	2133
多数	2134
建設	2135
慎重	2136
昇る	2137
時期	2138
最新	2139
正午	2140
深刻	2141
疑問	2142
表	2143
袋	2144
負う	2145
あり	2146
ねぇ	2147
サイト	2148
データ	2149
ヤニー	2150
割れる	2151
囲む	2152
従業	2153
指輪	2154
放課	2155
新鮮	2156
暗記	2157
汽車	2158
油	2159
片付ける	2160
自ら	2161
舞台	2162
観る	2163
養う	2164
のみ	2165
ホワイト	2166
今月	2167
党	2168
内容	2169
及ぶ	2170
小屋	2171
市長	2172
幾	2173
応ずる	2174
悩む	2175
珍しい	2176
生む	2177
羊	2178
警告	2179
集中	2180
食	2181
首都	2182
いれる	2183
きれる	2184
この世	2185
さま	2186
エレベーター	2187
ポンド	2188
レース	2189
劇場	2190
包む	2191
吠える	2192
忍耐	2193
明ける	2194
直接	2195
直面	2196
競技	2197
管理	2198
結論	2199
葉	2200
複雑	2201
評判	2202
誠実	2203
離陸	2204
高価	2205
髪の毛	2206
あちこち	2207
こんにちは	2208
ったら	2209
っぱなし	2210
ガソリン	2211
ノック	2212
プール	2213
世間	2214
仕上げる	2215
券	2216
器	2217
広告	2218
暮らし	2219
概して	2220
止む	2221
治療	2222
渋滞	2223
草	2224
親友	2225
話題	2226
達成	2227
おめでとう	2228
そのまま	2229
つらい	2230
ライオン	2231
ルール	2232
国家	2233
型	2234
当地	2235
扱い	2236
最悪	2237
画家	2238
航空	2239
貴重	2240
質	2241
転ぶ	2242
さも	2243
ばかげる	2244
バイク	2245
ブラジル	2246
一目	2247
体調	2248
効く	2249
医師	2250
喋る	2251
基づく	2252
姉妹	2253
廃止	2254
欠ける	2255
消費	2256
漫画	2257
現場	2258
詰める	2259
農場	2260
開発	2261
非	2262
わが	2263
わたる	2264
グラス	2265
シカゴ	2266
スマホ	2267
トランプ	2268
例文	2269
原子	2270
安心	2271
寄せる	2272
新た	2273
暮れる	2274
滑る	2275
濡れる	2276
熊	2277
相当	2278
訓練	2279
試す	2280
豊富	2281
道具	2282
遭う	2283
はじめて	2284
インターネット	2285
ズボン	2286
下ろす	2287
休日	2288
会員	2289
名声	2290
地下鉄	2291
富	2292
支払い	2293
日々	2294
景気	2295
混む	2296
発展	2297
米国	2298
羽	2299
裕福	2300
西	2301
親しい	2302
記念	2303
訴える	2304
超える	2305
飛ばす	2306
食物	2307
アリス	2308
スケート	2309
チェス	2310
ベルト	2311
七	2312
下げる	2313
勤務	2314
印象	2315
売れる	2316
対処	2317
座	2318
建築	2319
強盗	2320
握る	2321
損害	2322
未来	2323
業	2324
沢山	2325
漢字	2326
独立	2327
率	2328
現金	2329
神戸	2330
策	2331
超	2332
いっそう	2333
じゃう	2334
そっくり	2335
よし	2336
タトエバ	2337
プロジェクト	2338
兄ちゃん	2339
加減	2340
命ずる	2341
営業	2342
寿司	2343
成す	2344
拒否	2345
最	2346
組織	2347
肌	2348
花瓶	2349
製	2350
費	2351
途方	2352
頂上	2353
だり	2354
ち	2355
とたん	2356
とどまる	2357
ふう	2358
わざと	2359
ネット	2360
パパ	2361
予報	2362
今後	2363
倒す	2364
共通	2365
分別	2366
制度	2367
医	2368
学習	2369
広がる	2370
恋愛	2371
提供	2372
検討	2373
様々	2374
満ちる	2375
火曜	2376
用いる	2377
空腹	2378
胃	2379
障害	2380
類	2381
いす	2382
いろんな	2383
しょっちゅう	2384
つづける	2385
バイオリン	2386
ペット	2387
ペンキ	2388
作法	2389
受かる	2390
命令	2391
汚れる	2392
洪水	2393
涼しい	2394
界	2395
症	2396
税	2397
老	2398
記者	2399
診る	2400
遊び	2401
靴下	2402
頼り	2403
いずれ	2404
ぐっすり	2405
わざわざ	2406
アジア	2407
アレルギー	2408
エスペラント	2409
トマト	2410
ネズミ	2411
メキシコ	2412
ラーメン	2413
以下	2414
停	2415
冷静	2416
友	2417
役割	2418
批判	2419
挙げる	2420
暗闇	2421
残り	2422
永遠	2423
笑い	2424
職場	2425
言い訳	2426
豊か	2427
長年	2428
震える	2429
あける	2430
いらいら	2431
おき	2432
さす	2433
すてき	2434
キャンプ	2435
ファン	2436
代わる	2437
刑務	2438
同情	2439
同然	2440
塔	2441
夫人	2442
好く	2443
影	2444
我が家	2445
指摘	2446
昼ご飯	2447
書ける	2448
有罪	2449
格好	2450
汗	2451
波	2452
注目	2453
無実	2454
記入	2455
資源	2456
雷	2457
がんばる	2458
くつろぐ	2459
けんか	2460
しる	2461
とっても	2462
コピー	2463
タオル	2464
ネイティブ	2465
世代	2466
事情	2467
健	2468
別れ	2469
勘定	2470
号	2471
夜更かし	2472
底	2473
投資	2474
掛かる	2475
控える	2476
期	2477
期間	2478
核	2479
構成	2480
混乱	2481
煙	2482
物質	2483
祭	2484
衝突	2485
裏切る	2486
要する	2487
詳細	2488
講演	2489
費やす	2490
イエス	2491
システム	2492
スイス	2493
デパート	2494
ピアニスト	2495
ランチ	2496
九	2497
例えば	2498
努める	2499
南	2500
反応	2501
大会	2502
寺	2503
小麦	2504
岩	2505
年寄り	2506
振る舞い	2507
採用	2508
機能	2509
減らす	2510
無し	2511
無罪	2512
玉	2513
病	2514
監督	2515
納得	2516
見送り	2517
贈る	2518
身体	2519
近頃	2520
青年	2521
いたずら	2522
え	2523
ども	2524
まして	2525
オフィス	2526
キリスト	2527
デザイン	2528
ネコ	2529
バナナ	2530
メンバー	2531
ロック	2532
世	2533
冷える	2534
千	2535
大した	2536
就職	2537
常識	2538
幼い	2539
快適	2540
揺れる	2541
時刻	2542
暴力	2543
歩	2544
毎晩	2545
毒	2546
温かい	2547
生涯	2548
男子	2549
破壊	2550
緊急	2551
芝生	2552
逆	2553
開催	2554
離す	2555
ごく	2556
どなた	2557
ふける	2558
ロボット	2559
侮辱	2560
制限	2561
合図	2562
名づける	2563
宝石	2564
惑星	2565
才	2566
既に	2567
旧友	2568
服装	2569
次々	2570
汚い	2571
注ぐ	2572
洋服	2573
濃い	2574
率直	2575
瓶	2576
範囲	2577
診察	2578
追加	2579
かむ	2580
ご覧	2581
はく	2582
やがる	2583
カレー	2584
ジョーンズ	2585
ロープ	2586
保護	2587
凍る	2588
医学	2589
博士	2590
同士	2591
問う	2592
外す	2593
大戦	2594
意外	2595
持ち主	2596
横切る	2597
派	2598
犯	2599
表情	2600
裏	2601
謎	2602
負傷	2603
違反	2604
配達	2605
あふれる	2606
こぼす	2607
はいる	2608
やれる	2609
サラダ	2610
ポスト	2611
上達	2612
位	2613
保証	2614
取引	2615
多額	2616
支える	2617
本屋	2618
板	2619
流れ	2620
理想	2621
美	2622
習得	2623
製造	2624
貼る	2625
韓国	2626
飲める	2627
そっち	2628
なるほど	2629
まっすぐ	2630
みえる	2631
クレジット	2632
ドライブ	2633
作物	2634
冒険	2635
刈る	2636
参る	2637
周	2638
姉ちゃん	2639
強調	2640
急速	2641
恋人	2642
手袋	2643
指示	2644
有能	2645
湯	2646
皮	2647
瞬間	2648
確実	2649
署名	2650
色々	2651
証	2652
財政	2653
蹴る	2654
身長	2655
随分	2656
顔色	2657
さらす	2658
せいぜい	2659
そちら	2660
ふと	2661
やはり	2662
ようやく	2663
ジョギング	2664
ユーモア	2665
代表	2666
伝言	2667
勤める	2668
呼吸	2669
哲学	2670
大量	2671
失望	2672
失業	2673
恐い	2674
戦	2675
未	2676
植える	2677
母語	2678
毎月	2679
沈黙	2680
独身	2681
積む	2682
系	2683
行方	2684
試みる	2685
譲る	2686
順調	2687
鳴く	2688
あて	2689
いえる	2690
きり	2691
たいした	2692
まぁ	2693
スーザン	2694
ホール	2695
マリア	2696
メグ	2697
ー	2698
今ごろ	2699
体育	2700
優秀	2701
入場	2702
再	2703
助かる	2704
品物	2705
報道	2706
富む	2707
少々	2708
平等	2709
広まる	2710
弁当	2711
思い出	2712
思想	2713
恵まれる	2714
感覚	2715
戦い	2716
掘る	2717
握手	2718
放送	2719
昇進	2720
最低	2721
気味	2722
焼ける	2723
税金	2724
脚	2725
舌	2726
見当	2727
覚悟	2728
観察	2729
載る	2730
適切	2731
預ける	2732
飾る	2733
1万	2734
あいにく	2735
あく	2736
いまだ	2737
たどる	2738
どっ	2739
なか	2740
にわか雨	2741
みなす	2742
アイデア	2743
アルコール	2744
シート	2745
ジャクソン	2746
リス	2747
刺す	2748
前もって	2749
大っ嫌い	2750
大抵	2751
大雨	2752
山田	2753
怠け者	2754
振る舞う	2755
日中	2756
晩ご飯	2757
気の毒	2758
真相	2759
通学	2760
鋭い	2761
頬	2762
餌	2763
驚き	2764
えっ	2765
かわり	2766
まずい	2767
ショー	2768
ファイル	2769
メガネ	2770
メッセージ	2771
主要	2772
何故	2773
初心	2774
北	2775
古代	2776
喫茶	2777
大雪	2778
巨大	2779
市民	2780
徒	2781
所在	2782
挑戦	2783
有る	2784
株	2785
根	2786
目撃	2787
臆病	2788
薄い	2789
資格	2790
軒	2791
過ち	2792
電子	2793
いな	2794
さよなら	2795
しかる	2796
しょう	2797
ほめる	2798
オリンピック	2799
クリス	2800
タイヤ	2801
ビデオ	2802
フォーク	2803
レモン	2804
伝統	2805
伸びる	2806
保つ	2807
分間	2808
制服	2809
加わる	2810
化粧	2811
危うい	2812
塀	2813
天然	2814
奈良	2815
好奇	2816
弾ける	2817
徐々	2818
従事	2819
恥	2820
折れる	2821
数字	2822
札	2823
来れる	2824
浪費	2825
消防	2826
渇く	2827
火災	2828
由美	2829
疑わしい	2830
病人	2831
発つ	2832
祝う	2833
自動	2834
航海	2835
苦しい	2836
誉める	2837
誘惑	2838
賃金	2839
走れる	2840
限	2841
隣人	2842
食欲	2843
騙す	2844
鬼	2845
か月	2846
ごろ	2847
すら	2848
たっぷり	2849
ちっとも	2850
ひょっと	2851
ぴったり	2852
ケモナー	2853
ゴミ	2854
デザート	2855
ドラマ	2856
メモ	2857
両手	2858
厚い	2859
吐く	2860
大半	2861
天井	2862
女王	2863
差	2864
抗議	2865
改善	2866
放す	2867
日光	2868
東	2869
気温	2870
泳ぎ	2871
流暢	2872
無礼	2873
節約	2874
群衆	2875
脳	2876
芝居	2877
表面	2878
討論	2879
請求	2880
賞賛	2881
軍隊	2882
鉄道	2883
おはよう	2884
しかも	2885
じき	2886
じゃぁ	2887
におい	2888
アイロン	2889
ギリシャ	2890
ジャズ	2891
ステーキ	2892
チョコ	2893
体験	2894
依頼	2895
収穫	2896
名付ける	2897
向け	2898
大臣	2899
妊娠	2900
害	2901
容疑	2902
寄付	2903
寝室	2904
対応	2905
対象	2906
恥じる	2907
扉	2908
捕まる	2909
昼寝	2910
決断	2911
満たす	2912
炎	2913
片づける	2914
痛める	2915
県庁	2916
移る	2917
精	2918
罰する	2919
貴社	2920
迫る	2921
進める	2922
騒ぐ	2923
お宅	2924
げ	2925
そっと	2926
つぶす	2927
とめる	2928
ガン	2929
コメント	2930
ハンサム	2931
ポール	2932
一家	2933
一時	2934
丁寧	2935
丸い	2936
位置	2937
何処	2938
内気	2939
分析	2940
分野	2941
判決	2942
単位	2943
固い	2944
外交	2945
婚約	2946
孤独	2947
定期	2948
干す	2949
心理	2950
港	2951
用心	2952
眼	2953
細かい	2954
自体	2955
良く	2956
見物	2957
見舞い	2958
観客	2959
誓う	2960
輸出	2961
速度	2962
頂ける	2963
食卓	2964
あっち	2965
インク	2966
ヘビ	2967
マユコ	2968
ミーティング	2969
レコード	2970
中学	2971
主な	2972
住宅	2973
何百	2974
友だち	2975
名誉	2976
増す	2977
定刻	2978
引用	2979
当たり前	2980
応募	2981
朝ごはん	2982
独り	2983
目指す	2984
砂	2985
課題	2986
負える	2987
迷子	2988
院	2989
隊	2990
需要	2991
頂く	2992
黄	2993
およそ	2994
さまざま	2995
どのような	2996
はじめ	2997
ふる	2998
やる気	2999
エアコン	3000
カンニング	3001
シンガポール	3002
パイ	3003
プロ	3004
ベスト	3005
マスク	3006
ルーシー	3007
人工	3008
今晩は	3009
反する	3010
同僚	3011
土産	3012
奴隷	3013
家事	3014
家賃	3015
巣	3016
店員	3017
悲しむ	3018
日常	3019
有利	3020
朝ご飯	3021
死亡	3022
毛布	3023
浮かべる	3024
溺れる	3025
無知	3026
状	3027
生ずる	3028
直ちに	3029
真っ赤	3030
移動	3031
解釈	3032
軍	3033
通訳	3034
野生	3035
防ぐ	3036
おもう	3037
がた	3038
まわる	3039
よす	3040
インフルエンザ	3041
キツネ	3042
ジャケット	3043
スタイル	3044
ストレス	3045
中古	3046
主に	3047
人種	3048
今頃	3049
企画	3050
傷つく	3051
利く	3052
天	3053
孫	3054
寝坊	3055
広げる	3056
怠惰	3057
成人	3058
捧げる	3059
文書	3060
期限	3061
民族	3062
演ずる	3063
爆弾	3064
申し分	3065
直る	3066
真剣	3067
筋	3068
膝	3069
詞	3070
論	3071
重さ	3072
長生き	3073
陰	3074
雰囲気	3075
食品	3076
ありがたい	3077
いわば	3078
おなか	3079
かかれる	3080
すぐれる	3081
つくす	3082
とりわけ	3083
のど	3084
はねる	3085
まとも	3086
ジーンズ	3087
ビジネス	3088
ベス	3089
ホント	3090
モデル	3091
一切	3092
一行	3093
万	3094
中華	3095
会計	3096
保存	3097
内緒	3098
出張	3099
単なる	3100
単に	3101
名古屋	3102
周囲	3103
唇	3104
埋める	3105
外見	3106
多少	3107
小切手	3108
憎む	3109
手助け	3110
拍手	3111
損失	3112
旗	3113
是非	3114
極めて	3115
模様	3116
洗い	3117
着陸	3118
祭り	3119
粉	3120
苦痛	3121
蛇	3122
見かけ	3123
見事	3124
限界	3125
食べれる	3126
食前	3127
骨折	3128
黄色い	3129
かわいそう	3130
くせ	3131
ふさわしい	3132
クラシック	3133
スイッチ	3134
ソフト	3135
バイト	3136
パーセント	3137
ラテン	3138
信念	3139
切れ	3140
医療	3141
収める	3142
団体	3143
地元	3144
嫉妬	3145
対	3146
振り	3147
早寝	3148
材料	3149
柔らかい	3150
栽培	3151
武器	3152
水曜	3153
永久	3154
物音	3155
癌	3156
発	3157
真面目	3158
砂漠	3159
答案	3160
絶望	3161
自宅	3162
英雄	3163
要素	3164
設立	3165
貯める	3166
赤字	3167
部下	3168
金属	3169
関連	3170
いったん	3171
きょう	3172
こないだ	3173
さて	3174
ため息	3175
つながる	3176
とんでも	3177
ど	3178
はやる	3179
まとめる	3180
む	3181
むずかしい	3182
ゆく	3183
アルジェリア	3184
キー	3185
テープ	3186
パイロット	3187
リーダー	3188
万事	3189
上る	3190
不利	3191
主	3192
付き	3193
出世	3194
初	3195
国会	3196
存ずる	3197
存知	3198
封筒	3199
小鳥	3200
年下	3201
怪しい	3202
悩み	3203
意気	3204
批評	3205
承知	3206
担当	3207
明確	3208
滅多	3209
産む	3210
目立つ	3211
着物	3212
科目	3213
空っぽ	3214
絶える	3215
血圧	3216
試着	3217
貧困	3218
辞職	3219
野原	3220
針	3221
あてる	3222
うる	3223
くだる	3224
こたえる	3225
すき	3226
つかまる	3227
ばったり	3228
ぶつ	3229
ぶつかる	3230
ほっと	3231
イチゴ	3232
イメージ	3233
スキャンダル	3234
センス	3235
ヘレン	3236
ホーム	3237
ボス	3238
ヨット	3239
一種	3240
下る	3241
中央	3242
予算	3243
具体	3244
口論	3245
史	3246
囚人	3247
地下	3248
外食	3249
専念	3250
徹夜	3251
必死	3252
忠実	3253
意思	3254
慌てる	3255
所属	3256
接する	3257
損	3258
放つ	3259
早し	3260
昆虫	3261
易しい	3262
最良	3263
栄養	3264
混ぜる	3265
灰	3266
現象	3267
畑	3268
症状	3269
登場	3270
登山	3271
社員	3272
祝い	3273
組	3274
蚊	3275
行い	3276
視力	3277
覚え	3278
遅し	3279
適当	3280
金銭	3281
鉄	3282
順番	3283
100万	3284
さがす	3285
さっさと	3286
だいたい	3287
なお	3288
ゆうべ	3289
アルバム	3290
クモ	3291
コイン	3292
セット	3293
メニュー	3294
レッスン	3295
一面	3296
並べる	3297
人格	3298
代理	3299
仮	3300
創造	3301
否	3302
大気	3303
学期	3304
少数	3305
屈する	3306
布	3307
帰国	3308
座席	3309
感心	3310
支度	3311
明後日	3312
最中	3313
木の葉	3314
林檎	3315
枝	3316
泊	3317
混雑	3318
無くす	3319
独特	3320
猿	3321
男女	3322
痩せる	3323
眺め	3324
着ける	3325
穏やか	3326
等しい	3327
精通	3328
維持	3329
聖書	3330
至る	3331
解る	3332
諸国	3333
谷	3334
象	3335
逃れる	3336
通常	3337
鍋	3338
開始	3339
顔つき	3340
あら	3341
どうせ	3342
ふつう	3343
まえ	3344
みせる	3345
もどる	3346
やせる	3347
アップ	3348
カー	3349
コロナ	3350
センター	3351
ディナー	3352
ドライバー	3353
プラン	3354
一瞬	3355
乾く	3356
仕方ない	3357
修正	3358
傾ける	3359
剤	3360
勝手に	3361
収集	3362
叶う	3363
向こう側	3364
器用	3365
地獄	3366
少なし	3367
左側	3368
当社	3369
得	3370
手放す	3371
拡大	3372
支援	3373
新型	3374
日焼け	3375
本人	3376
村人	3377
枯れる	3378
校長	3379
気楽	3380
泥	3381
温度	3382
災害	3383
熱中	3384
生計	3385
疲れ	3386
登録	3387
真ん中	3388
立	3389
規模	3390
観	3391
貢献	3392
足元	3393
逆らう	3394
通行	3395
造る	3396
適する	3397
配る	3398
風景	3399
食堂	3400
いじめる	3401
うっかり	3402
こもる	3403
ためる	3404
だいぶ	3405
とりあえず	3406
ぬれる	3407
よこす	3408
ウイルス	3409
ガールフレンド	3410
サングラス	3411
タイム	3412
ピーター	3413
ブライアン	3414
ベティ	3415
ワープロ	3416
丈夫	3417
不可欠	3418
任命	3419
冒す	3420
前進	3421
動き	3422
口座	3423
国境	3424
学問	3425
害する	3426
届ける	3427
延ばす	3428
徹底	3429
念	3430
恋しい	3431
愉快	3432
意	3433
意図	3434
懐かしい	3435
成田	3436
承認	3437
放る	3438
敏感	3439
救助	3440
整える	3441
施設	3442
書物	3443
本日	3444
沿う	3445
版	3446
特徴	3447
獲得	3448
生える	3449
目覚まし	3450
目覚める	3451
眠り	3452
知恵	3453
縛る	3454
翌日	3455
致す	3456
行	3457
裸	3458
論ずる	3459
途端	3460
通	3461
適用	3462
郊外	3463
重ねる	3464
革命	3465
飲酒	3466
高齢	3467
髪型	3468
鳴らす	3469
あす	3470
あたし	3471
うえ	3472
かっこいい	3473
くたくた	3474
くん	3475
こなす	3476
なおさら	3477
わがまま	3478
コンテスト	3479
ゴール	3480
ジャム	3481
トラブル	3482
ハイキング	3483
ピカソ	3484
マッチ	3485
一層	3486
事柄	3487
伝わる	3488
余り	3489
光る	3490
単純	3491
占める	3492
合計	3493
吸収	3494
嘘つき	3495
売り	3496
妥協	3497
安定	3498
小包	3499
思いやり	3500
怠ける	3501
感染	3502
抵抗	3503
改革	3504
救急	3505
整理	3506
文明	3507
旦那	3508
曇る	3509
書斎	3510
桃	3511
楽しめる	3512
横浜	3513
機関	3514
死後	3515
温暖	3516
異常	3517
発達	3518
真理	3519
群集	3520
肉体	3521
衣服	3522
語学	3523
辛抱	3524
陥る	3525
電池	3526
青ざめる	3527
面接	3528
預かる	3529
食糧	3530
鶏	3531
あくまで	3532
さわる	3533
のんびり	3534
ふたり	3535
むだ	3536
もったい	3537
アドレス	3538
カーペット	3539
キャンセル	3540
スター	3541
ダイヤ	3542
トンネル	3543
トースト	3544
フード	3545
ポテト	3546
マーク	3547
中毒	3548
予防	3549
体温	3550
依存	3551
克服	3552
全国	3553
共和	3554
刺激	3555
動機	3556
印刷	3557
品質	3558
善悪	3559
大体	3560
大陸	3561
妙	3562
就く	3563
左右	3564
悩ます	3565
悪化	3566
未だ	3567
棒	3568
横たわる	3569
母国	3570
決意	3571
治す	3572
用紙	3573
画	3574
発行	3575
秒	3576
程	3577
絶滅	3578
被告	3579
貰う	3580
進行	3581
酸素	3582
金融	3583
高速	3584
黒板	3585
いかなる	3586
うける	3587
かん	3588
きっぱり	3589
きわめて	3590
さすが	3591
したがう	3592
じっくり	3593
すます	3594
たびたび	3595
づける	3596
ぶつける	3597
ぶどう	3598
ほこり	3599
まさる	3600
まだまだ	3601
まれ	3602
ろうそく	3603
わくわく	3604
キャプテン	3605
グリーン	3606
ジョー	3607
ジョーク	3608
ソース	3609
バスケットボール	3610
ラケット	3611
レベル	3612
不在	3613
争う	3614
作曲	3615
共同	3616
分かれる	3617
助力	3618
厄介	3619
叫び声	3620
向き	3621
始発	3622
実業	3623
尊重	3624
小川	3625
尽きる	3626
布団	3627
引き出し	3628
徒歩	3629
押さえる	3630
持ち合わせ	3631
操作	3632
本棚	3633
権力	3634
死刑	3635
残酷	3636
活用	3637
漏れる	3638
燃料	3639
理性	3640
盛る	3641
禁ずる	3642
筋肉	3643
終電	3644
経由	3645
缶	3646
著者	3647
褒める	3648
規制	3649
詰まる	3650
議員	3651
足る	3652
転がる	3653
通勤	3654
進化	3655
野心	3656
難民	3657
麻薬	3658
ううん	3659
おごる	3660
かわいらしい	3661
ごちそう	3662
さっ	3663
しきり	3664
たやすい	3665
まく	3666
わっ	3667
アルファベット	3668
イスラム	3669
イライラ	3670
イングランド	3671
コンビニ	3672
スケジュール	3673
ネックレス	3674
リンカーン	3675
中身	3676
事項	3677
交差	3678
人民	3679
会場	3680
住民	3681
倒産	3682
偏見	3683
充分	3684
処分	3685
刻む	3686
勝手	3687
厳密	3688
同社	3689
咳	3690
団	3691
地上	3692
大使	3693
天使	3694
完了	3695
山頂	3696
悪魔	3697
惹く	3698
我が社	3699
昼間	3700
枕	3701
画面	3702
真珠	3703
知能	3704
福祉	3705
箸	3706
糸	3707
衰える	3708
親戚	3709
誤る	3710
議会	3711
道徳	3712
釣る	3713
集団	3714
食器	3715
騒がしい	3716
魔法	3717
いきなり	3718
いざ	3719
おろす	3720
かぜ	3721
しだい	3722
っこ	3723
でかい	3724
みつける	3725
めちゃ	3726
ようこそ	3727
アルバイト	3728
コース	3729
サボる	3730
サム	3731
シェイクスピア	3732
ジョンソン	3733
ストーブ	3734
セント	3735
タイ	3736
ハンバーガー	3737
バンド	3738
フィート	3739
リンク	3740
一見	3741
不意	3742
不正	3743
主婦	3744
予測	3745
代金	3746
優先	3747
先輩	3748
切望	3749
名詞	3750
好意	3751
存じ	3752
当分	3753
待たす	3754
投函	3755
投稿	3756
探し	3757
搭乗	3758
明かす	3759
木々	3760
木曜	3761
検索	3762
流行る	3763
温泉	3764
溶ける	3765
火星	3766
無くなる	3767
片方	3768
牛肉	3769
狙う	3770
町中	3771
発車	3772
硬貨	3773
積極	3774
空ける	3775
船長	3776
莫大	3777
設計	3778
診断	3779
課する	3780
論争	3781
豚	3782
資料	3783
通知	3784
連中	3785
避難	3786
部長	3787
重	3788
降ろす	3789
陽気	3790
電報	3791
あくび	3792
あした	3793
かえって	3794
かた	3795
かろうじて	3796
き	3797
すなわち	3798
ぜんぜん	3799
ためらう	3800
っ	3801
っ放し	3802
はさむ	3803
まわり	3804
アイディア	3805
エメット	3806
オーバー	3807
クビ	3808
クマ	3809
ケガ	3810
コーチ	3811
ハンドバッグ	3812
ピンク	3813
ブーツ	3814
ベルリン	3815
マスター	3816
リンダ	3817
予言	3818
伴う	3819
体力	3820
作成	3821
保守	3822
個性	3823
像	3824
公開	3825
削除	3826
収容	3827
同	3828
向上	3829
回り	3830
墜落	3831
天文	3832
奇跡	3833
好	3834
展示	3835
左手	3836
平気	3837
当惑	3838
後者	3839
悟る	3840
成果	3841
拒絶	3842
校	3843
権威	3844
正気	3845
毛	3846
水道	3847
没頭	3848
浮く	3849
深夜	3850
済ます	3851
減少	3852
火山	3853
狐	3854
玉ねぎ	3855
申し込み	3856
神社	3857
移す	3858
筆	3859
級友	3860
素早い	3861
罰金	3862
美容	3863
蜘蛛	3864
衛星	3865
裂く	3866
裏返し	3867
視線	3868
跡	3869
身分	3870
農家	3871
金庫	3872
閉店	3873
電灯	3874
魂	3875
あるいは	3876
うなずく	3877
かじる	3878
がたい	3879
すこし	3880
すわる	3881
ただいま	3882
なるべく	3883
にっこり	3884
ふれる	3885
むく	3886
アラビア	3887
イン	3888
ウイスキー	3889
カバン	3890
コミュニケーション	3891
サンタ	3892
ジャガイモ	3893
スタンド	3894
セールスマン	3895
ダース	3896
テント	3897
ニュージーランド	3898
バケツ	3899
バー	3900
ビザ	3901
ビーチ	3902
フレッド	3903
ブドウ	3904
ブレーキ	3905
ベン	3906
ポルトガル	3907
一員	3908
両国	3909
両替	3910
以降	3911
信仰	3912
働ける	3913
公	3914
参考	3915
及ぼす	3916
大衆	3917
始め	3918
実力	3919
宿泊	3920
寝れる	3921
対策	3922
居間	3923
展開	3924
属する	3925
崩れる	3926
差別	3927
帳	3928
幾ら	3929
引退	3930
役所	3931
微妙	3932
急行	3933
戦後	3934
戦闘	3935
持ち	3936
探検	3937
早口	3938
暮らし向き	3939
正当	3940
沖縄	3941
洋	3942
海辺	3943
測る	3944
源	3945
燃やす	3946
牧師	3947
物体	3948
独自	3949
生存	3950
真似	3951
組合	3952
花子	3953
花火	3954
虹	3955
計	3956
討議	3957
贅沢	3958
輪	3959
辞任	3960
返信	3961
通過	3962
連想	3963
連続	3964
違法	3965
銀	3966
階級	3967
順	3968
頑固	3969
おさまる	3970
こいつ	3971
ざっ	3972
しよう	3973
すばやい	3974
っと	3975
とぶ	3976
ねー	3977
のる	3978
はるばる	3979
ふるまう	3980
ぼんやり	3981
まじめ	3982
もしもし	3983
アニメ	3984
イベント	3985
オオカミ	3986
カッコ	3987
ショッピング	3988
ジェット	3989
トップ	3990
ハンカチ	3991
パジャマ	3992
パスタ	3993
パンク	3994
ビタミン	3995
ビン	3996
ブルー	3997
ボランティア	3998
ロバート	3999
一気	4000
何色	4001
値引き	4002
偉い	4003
免れる	4004
入り	4005
全身	4006
凄い	4007
出くわす	4008
到達	4009
助手	4010
動詞	4011
半年	4012
同い年	4013
国内	4014
夜明け	4015
妨げる	4016
孤児	4017
崩壊	4018
当	4019
応援	4020
怠る	4021
恐らく	4022
悲劇	4023
愛想	4024
成年	4025
手入れ	4026
手間	4027
抜き	4028
拒む	4029
拭く	4030
指揮	4031
散髪	4032
断然	4033
新人	4034
時折	4035
有害	4036
根拠	4037
歌える	4038
毎	4039
水準	4040
浅い	4041
浜辺	4042
温める	4043
潔白	4044
照らす	4045
王子	4046
生き物	4047
生地	4048
穀物	4049
縁	4050
縫う	4051
苦い	4052
荒れる	4053
虎	4054
蝶々	4055
見解	4056
豆	4057
負かす	4058
過労	4059
適応	4060
鈴木	4061
難い	4062
響く	4063
預金	4064
顧客	4065
飛べる	4066
食後	4067
高級	4068
鯨	4069
う	4070
おとなしい	4071
しみる	4072
すませる	4073
ちらっ	4074
のぼる	4075
ふく	4076
ふた	4077
ぶらぶら	4078
ほる	4079
まね	4080
めちゃくちゃ	4081
ものすごい	4082
やばい	4083
アップル	4084
カラオケ	4085
クラスメート	4086
コンタクト	4087
スパイ	4088
タイプライター	4089
パレード	4090
ファッション	4091
プロポーズ	4092
マネージャー	4093
リラックス	4094
ローン	4095
ワン	4096
一人暮らし	4097
一昨	4098
一歩	4099
不況	4100
世論	4101
予期	4102
亡くす	4103
仲直り	4104
佐藤	4105
何千	4106
催す	4107
充電	4108
冷凍	4109
出産	4110
前者	4111
十二	4112
受験	4113
台無し	4114
右手	4115
合意	4116
地平	4117
報酬	4118
奨学	4119
寛大	4120
庭園	4121
往復	4122
待てる	4123
応える	4124
悲鳴	4125
意地悪	4126
愚痴	4127
探偵	4128
掲示	4129
新年	4130
暖房	4131
柱	4132
株式	4133
正月	4134
民	4135
汚す	4136
沸騰	4137
活気	4138
浮気	4139
演技	4140
熱帯	4141
用事	4142
由来	4143
石炭	4144
細い	4145
網	4146
血液	4147
西洋	4148
要点	4149
解放	4150
証言	4151
試し	4152
足す	4153
路線	4154
隅	4155
電源	4156
あえて	4157
おまけ	4158
かっこ	4159
かつ	4160
かれ	4161
こわい	4162
そりゃ	4163
つかまえる	4164
やけ	4165
オートバイ	4166
オープン	4167
カウンター	4168
カップル	4169
ガイド	4170
ケース	4171
サリー	4172
スコットランド	4173
パンダ	4174
メアリ	4175
ロケット	4176
一口	4177
不良	4178
乗り	4179
乗組	4180
伝達	4181
住まい	4182
作り	4183
侵入	4184
係	4185
停止	4186
入り口	4187
入浴	4188
共有	4189
典型	4190
処置	4191
出口	4192
動画	4193
反抗	4194
各	4195
固める	4196
固執	4197
国々	4198
埋め合わせ	4199
増やす	4200
外れる	4201
大胆	4202
宝くじ	4203
実施	4204
寺院	4205
忍ぶ	4206
憂鬱	4207
憲法	4208
戸口	4209
手品	4210
手洗い	4211
手渡す	4212
技師	4213
担任	4214
接触	4215
推測	4216
推理	4217
敬意	4218
方針	4219
族	4220
曖昧	4221
果てる	4222
極端	4223
模型	4224
正常	4225
歩道	4226
段階	4227
漏らす	4228
生かす	4229
発する	4230
盗み	4231
相応	4232
看板	4233
知事	4234
社交	4235
空想	4236
築く	4237
粉々	4238
納豆	4239
絵画	4240
罠	4241
義理	4242
職人	4243
職員	4244
良し	4245
蒸し暑い	4246
衝撃	4247
被る	4248
視	4249
論理	4250
負担	4251
通信	4252
重視	4253
鐘	4254
長者	4255
順応	4256
鹿	4257
いえ	4258
いちいち	4259
いっつ	4260
うそつき	4261
おおう	4262
かご	4263
かっと	4264
きける	4265
だるま	4266
のむ	4267
はずす	4268
ひげ	4269
ひざ	4270
まちがう	4271
もたれる	4272
ゆえ	4273
イス	4274
インフレ	4275
オイル	4276
オレ	4277
カリフォルニア	4278
コーラ	4279
サンフランシスコ	4280
ストライキ	4281
スーパーマーケット	4282
ダイヤモンド	4283
ディック	4284
トランク	4285
ハマる	4286
パスワード	4287
マリー	4288
ランプ	4289
ルーム	4290
一人一人	4291
下りる	4292
丸	4293
井戸	4294
作れる	4295
停車	4296
儲ける	4297
全焼	4298
写す	4299
冷める	4300
切らす	4301
刑事	4302
初期	4303
勝る	4304
取り引き	4305
右側	4306
名案	4307
味わう	4308
商人	4309
嗅ぐ	4310
回答	4311
回転	4312
図	4313
地区	4314
堅い	4315
多大	4316
宝	4317
小道	4318
居眠り	4319
層	4320
年老いる	4321
年金	4322
性質	4323
情勢	4324
意地	4325
感銘	4326
手配	4327
承諾	4328
指名	4329
推薦	4330
整頓	4331
日暮らし	4332
晴れ	4333
有益	4334
望遠	4335
杖	4336
条約	4337
株価	4338
植民	4339
概念	4340
清潔	4341
独裁	4342
現状	4343
異議	4344
直せる	4345
省	4346
着	4347
着実	4348
矢	4349
破産	4350
祈り	4351
科	4352
積もる	4353
端	4354
終了	4355
総	4356
翌朝	4357
職務	4358
背景	4359
良心	4360
蓄える	4361
薔薇	4362
虫歯	4363
蝶	4364
装置	4365
見なす	4366
設備	4367
認識	4368
課	4369
負け	4370
賄賂	4371
農業	4372
進学	4373
釈放	4374
金額	4375
長期	4376
頻繁	4377
飢える	4378
餓死	4379
鶏肉	4380
黒人	4381
おぼれる	4382
および	4383
ことば	4384
ことわざ	4385
こらえる	4386
ごはん	4387
ごまかす	4388
しゃべれる	4389
ちなむ	4390
ちらり	4391
てらっしゃる	4392
ぬける	4393
のぞく	4394
はしご	4395
はやい	4396
へとへと	4397
めいめい	4398
オランダ	4399
キッチン	4400
クリック	4401
ゴム	4402
サンタクロース	4403
ショップ	4404
ジュディ	4405
スリ	4406
チャンネル	4407
テーマ	4408
デモ	4409
デー	4410
トラ	4411
バレーボール	4412
パンツ	4413
ブラウス	4414
ブログ	4415
プロフィール	4416
ボトル	4417
ボーイフレンド	4418
ポイント	4419
マナー	4420
マンション	4421
モノ	4422
ユーザー	4423
ライト	4424
リビング	4425
両者	4426
二十	4427
交わす	4428
交際	4429
伏せる	4430
伝説	4431
何に	4432
余る	4433
依然	4434
入試	4435
出会い	4436
務める	4437
勝ち	4438
勝負	4439
勢い	4440
地理	4441
基礎	4442
失くす	4443
好機	4444
尻尾	4445
手元	4446
払える	4447
捕らえる	4448
支給	4449
断念	4450
期末	4451
梅雨	4452
様式	4453
欠かせる	4454
欠く	4455
泊める	4456
洋子	4457
液体	4458
焦る	4459
爪	4460
特有	4461
独り言	4462
登校	4463
百万	4464
皮膚	4465
相続	4466
破滅	4467
素直	4468
続き	4469
罰	4470
羨ましい	4471
蜂	4472
蜂蜜	4473
表せる	4474
見せびらかす	4475
覗く	4476
観点	4477
象徴	4478
資本	4479
返却	4480
運べる	4481
過剰	4482
選出	4483
雑草	4484
香港	4485
あぁ	4486
あいさつ	4487
あちら	4488
あらかじめ	4489
ありがと	4490
いたる	4491
おびえる	4492
かぁ	4493
がける	4494
がまん	4495
くっつく	4496
こっそり	4497
こめる	4498
つり	4499
なまり	4500
のける	4501
はめる	4502
まいる	4503
まくる	4504
まとう	4505
やりくり	4506
エイズ	4507
カギ	4508
キング	4509
コンピュータ	4510
サル	4511
ジャンプ	4512
センチ	4513
ソーセージ	4514
チキン	4515
ツアー	4516
ティー	4517
テキスト	4518
ハムレット	4519
ハーバード	4520
バレンタイン	4521
パイプ	4522
ブラシ	4523
ブラック	4524
ブロック	4525
マック	4526
ラグビー	4527
ラッキー	4528
ランナー	4529
リスク	4530
ヶ国	4531
一万	4532
上京	4533
余計	4534
作	4535
作用	4536
例外	4537
停留	4538
児	4539
入会	4540
全面	4541
公衆	4542
兵器	4543
処方	4544
出演	4545
制	4546
剃る	4547
口答え	4548
哺乳	4549
善	4550
土	4551
圧力	4552
在宅	4553
売り場	4554
夜空	4555
奥様	4556
学識	4557
定義	4558
宣伝	4559
宮殿	4560
寝	4561
審判	4562
寮	4563
帰り道	4564
帰れる	4565
待ち遠しい	4566
悲観	4567
情熱	4568
持てる	4569
指す	4570
挟む	4571
摘む	4572
支出	4573
放射	4574
数多く	4575
日付	4576
日差し	4577
早急	4578
明白	4579
映る	4580
映像	4581
暴動	4582
朝日	4583
本名	4584
染める	4585
校舎	4586
欠陥	4587
正	4588
死者	4589
残業	4590
気前	4591
気難しい	4592
洞窟	4593
混同	4594
溢れる	4595
知的	4596
紛争	4597
絞る	4598
編む	4599
群れ	4600
脅す	4601
苺	4602
術	4603
見分け	4604
計る	4605
誌	4606
警備	4607
賭ける	4608
載せる	4609
近代	4610
適任	4611
適度	4612
酔い	4613
酸っぱい	4614
閉鎖	4615
開店	4616
防止	4617
集会	4618
面する	4619
10万	4620
5万	4621
あわせる	4622
いらしゃる	4623
うさぎ	4624
おかす	4625
くよくよ	4626
けち	4627
こだわる	4628
このごろ	4629
ごみ	4630
しつこい	4631
すすめる	4632
すっぱい	4633
せっかく	4634
そもそも	4635
ちがう	4636
とける	4637
とまる	4638
とらえる	4639
ふさぐ	4640
ふるまい	4641
ぶつぶつ	4642
エジソン	4643
エミリー	4644
オーブン	4645
カエル	4646
カタログ	4647
キノコ	4648
キャロル	4649
コアラ	4650
ココ	4651
シチュー	4652
シングル	4653
シーズン	4654
ジミー	4655
スプーン	4656
スペース	4657
セール	4658
ダム	4659
ハエ	4660
バスケ	4661
バスケット	4662
パズル	4663
パーク	4664
ピン	4665
フィンランド	4666
フェンス	4667
フロント	4668
プラスチック	4669
ベジタリアン	4670
モスク	4671
ユーロ	4672
ラブレター	4673
リサ	4674
レジ	4675
ワンピース	4676
九州	4677
乾燥	4678
争い	4679
仏教	4680
仲良し	4681
会見	4682
低	4683
何語	4684
余分	4685
保管	4686
値上げ	4687
傲慢	4688
働き	4689
公共	4690
判明	4691
副	4692
北極	4693
区	4694
印	4695
合併	4696
商用	4697
堂々	4698
場面	4699
売り上げ	4700
夜通し	4701
太平	4702
女房	4703
嫁	4704
尻	4705
尾	4706
幅	4707
強制	4708
形成	4709
思考	4710
惚れる	4711
慣習	4712
所得	4713
手数	4714
手続き	4715
掴む	4716
損なう	4717
曲げる	4718
本能	4719
楽観	4720
正義	4721
水着	4722
海水	4723
添付	4724
漂う	4725
煮る	4726
特定	4727
獲物	4728
生理	4729
用語	4730
白状	4731
監視	4732
紐	4733
翼	4734
脇	4735
自発	4736
舞う	4737
苦難	4738
英文	4739
落胆	4740
表示	4741
設定	4742
調和	4743
身なり	4744
身振り	4745
軌道	4746
転換	4747
農夫	4748
近年	4749
錠	4750
青春	4751
飲料	4752
飽き飽き	4753
駅前	4754
高層	4755
あれこれ	4756
あわてる	4757
えさ	4758
おこる	4759
かわる	4760
けっこう	4761
すごす	4762
そ	4763
そいつ	4764
つぐ	4765
にぎやか	4766
はずれ	4767
はる	4768
ひょっこり	4769
まあまあ	4770
めぐる	4771
もらす	4772
ゆったり	4773
わき	4774
アカウント	4775
エジプト	4776
エベレスト	4777
カット	4778
カレンダー	4779
ゴキブリ	4780
スウェーデン	4781
ステージ	4782
スー	4783
スージー	4784
ディズニーランド	4785
ノー	4786
ハンガリー	4787
バッテリー	4788
プレーヤー	4789
ヘリコプター	4790
ヨーグルト	4791
レンジ	4792
ワールド	4793
一流	4794
万年	4795
下記	4796
中途	4797
乳	4798
人数	4799
人柄	4800
人込み	4801
停電	4802
傷む	4803
光栄	4804
冷やす	4805
出血	4806
剣	4807
励ます	4808
効率	4809
動作	4810
半ば	4811
半端	4812
原稿	4813
参照	4814
名札	4815
向かい	4816
含める	4817
告白	4818
圏	4819
夕べ	4820
外科	4821
夢見る	4822
工事	4823
工業	4824
市内	4825
帝国	4826
広場	4827
広島	4828
引っ越し	4829
強風	4830
形容	4831
怒鳴る	4832
悪事	4833
惚れ	4834
抜群	4835
撮影	4836
擦る	4837
教わる	4838
文通	4839
早く	4840
旺盛	4841
昇給	4842
更に	4843
木造	4844
本来	4845
業績	4846
構造	4847
欲する	4848
水中	4849
決勝	4850
法則	4851
津波	4852
浴	4853
添う	4854
満員	4855
激怒	4856
無断	4857
無邪気	4858
無駄遣い	4859
狼	4860
発作	4861
発電	4862
皮肉	4863
矛盾	4864
硬い	4865
祖国	4866
票	4867
移民	4868
窃盗	4869
素	4870
蒸気	4871
行進	4872
被災	4873
要領	4874
訂正	4875
詐欺	4876
説く	4877
課長	4878
調整	4879
謝罪	4880
足跡	4881
跳ねる	4882
踊り	4883
車庫	4884
近づける	4885
近寄る	4886
近道	4887
野郎	4888
長所	4889
間柄	4890
闇	4891
闘う	4892
革	4893
風船	4894
飢え	4895
魅了	4896
鳴き声	4897
いたい	4898
うらやましい	4899
お陰	4900
かさ	4901
こぼれる	4902
さびしい	4903
ぞっと	4904
たとえる	4905
づらい	4906
べ	4907
まさしく	4908
まつ	4909
めちゃめちゃ	4910
アクセス	4911
カバー	4912
ガタガタ	4913
コロンブス	4914
シェークスピア	4915
スタート	4916
ゼロ	4917
トルコ	4918
トーナメント	4919
ハト	4920
ハリー	4921
バランス	4922
パート	4923
ヒット	4924
フルーツ	4925
プログラム	4926
ボールペン	4927
マラソン	4928
ラッシュ	4929
ワシントン	4930
一定	4931
上下	4932
世辞	4933
中断	4934
主将	4935
他方	4936
付き合い	4937
任務	4938
休息	4939
低下	4940
使い	4941
促進	4942
入手	4943
公式	4944
内側	4945
再会	4946
出生	4947
別々	4948
創立	4949
受賞	4950
各地	4951
同一	4952
告発	4953
商店	4954
喋れる	4955
国王	4956
土砂降り	4957
圧倒	4958
基準	4959
多様	4960
夫妻	4961
姿勢	4962
寸前	4963
将軍	4964
小銭	4965
崖	4966
崩す	4967
幕	4968
年々	4969
幼児	4970
幼稚	4971
廊下	4972
微笑み	4973
急激	4974
愚か者	4975
捜索	4976
操縦	4977
新入	4978
新婚	4979
旨い	4980
明朝	4981
最上	4982
有用	4983
札幌	4984
次回	4985
次郎	4986
歩む	4987
段	4988
沿い	4989
派手	4990
済み	4991
満開	4992
炭素	4993
煙突	4994
犬小屋	4995
現す	4996
申請	4997
痛	4998
眠たい	4999
着用	5000
石鹸	5001
礼拝	5002
神秘	5003
章	5004
精力	5005
絹	5006
肢	5007
至急	5008
見積もる	5009
試み	5010
話し合い	5011
読者	5012
調理	5013
警戒	5014
豪華	5015
通れる	5016
遠足	5017
遺伝	5018
集合	5019
霜	5020
項目	5021
頭上	5022
馬鹿げる	5023
いじめ	5024
いびき	5025
うつ	5026
おおいに	5027
おかしな	5028
おりる	5029
お出かけ	5030
かんしゃく	5031
きっかり	5032
くう	5033
こなせる	5034
しかた	5035
じぎ	5036
すすめ	5037
せめて	5038
そべる	5039
たいして	5040
つき	5041
とっく	5042
なおす	5043
ぱらう	5044
ふさがる	5045
ほんとう	5046
まこと	5047
やあ	5048
やけど	5049
やたら	5050
りっぱ	5051
アイルランド	5052
アリ	5053
アレックス	5054
イヌ	5055
ウッド	5056
オペラ	5057
コスト	5058
ジル	5059
スピーカー	5060
ダン	5061
テッド	5062
トーマス	5063
バグ	5064
バック	5065
ビートルズ	5066
ペース	5067
メリー	5068
メロン	5069
メーカー	5070
一夜	5071
両	5072
予備	5073
些細	5074
人ごみ	5075
会長	5076
体操	5077
何十	5078
傑作	5079
八九	5080
八方	5081
凝る	5082
出	5083
利害	5084
前回	5085
包丁	5086
包帯	5087
半数	5088
又	5089
古典	5090
召す	5091
嘆く	5092
四方	5093
国連	5094
堪能	5095
変わり	5096
大国	5097
安否	5098
宝物	5099
展覧	5100
帯	5101
干渉	5102
平行	5103
弁解	5104
恐れ	5105
恵子	5106
感嘆	5107
慰める	5108
接種	5109
摂る	5110
支店	5111
教訓	5112
教養	5113
散る	5114
時勢	5115
書店	5116
本質	5117
梨	5118
森林	5119
正解	5120
汁	5121
法廷	5122
派遣	5123
満点	5124
照る	5125
熟する	5126
球	5127
生き生き	5128
生じる	5129
疲労	5130
発揮	5131
目下	5132
瞬く	5133
碑	5134
祝日	5135
禎子	5136
稲妻	5137
粗末	5138
紛失	5139
紫	5140
絶え間	5141
綿	5142
総理	5143
締め切り	5144
署	5145
育ち	5146
自国	5147
芝	5148
芯	5149
蔵書	5150
複数	5151
要	5152
要因	5153
要望	5154
要請	5155
見出す	5156
説教	5157
豆腐	5158
豚肉	5159
起源	5160
轢く	5161
農民	5162
通貨	5163
運営	5164
醜い	5165
釘	5166
降参	5167
陣	5168
雄弁	5169
雇用	5170
電力	5171
静まる	5172
面会	5173
頼み	5174
高まる	5175
高める	5176
いつ頃	5177
うぬぼれる	5178
おきる	5179
おしゃれ	5180
おととい	5181
がけ	5182
きっかけ	5183
ごとし	5184
さかのぼる	5185
ささい	5186
さようなら	5187
すり	5188
そうそう	5189
そろえる	5190
たいそう	5191
たちまち	5192
っきり	5193
っ子	5194
つる	5195
とがめる	5196
ねずみ	5197
ねらう	5198
のせる	5199
ひとりでに	5200
めがね	5201
もうける	5202
もてる	5203
わぁ	5204
アルプス	5205
イチジク	5206
オーストリア	5207
オーナー	5208
カフェ	5209
キャッチ	5210
クリーニング	5211
サーカス	5212
スイカ	5213
タイミング	5214
ドキドキ	5215
ハウス	5216
ハンドル	5217
パス	5218
パンフレット	5219
ヒーロー	5220
ビックリ	5221
フィルム	5222
フリー	5223
ペーパー	5224
ホラー	5225
ボックス	5226
ポット	5227
メダル	5228
モスクワ	5229
レンズ	5230
ロサンゼルス	5231
一斉	5232
三十	5233
上役	5234
上等	5235
不当	5236
不運	5237
丸太	5238
予告	5239
交代	5240
仕事場	5241
余暇	5242
作動	5243
侵略	5244
停める	5245
億	5246
先進	5247
内閣	5248
分類	5249
別荘	5250
利己	5251
十人	5252
及び	5253
反乱	5254
取り	5255
受付	5256
口笛	5257
同性	5258
周辺	5259
和らぐ	5260
唱える	5261
困惑	5262
図る	5263
墓	5264
声明	5265
変装	5266
天国	5267
姫	5268
宅	5269
寿命	5270
小学	5271
居心地	5272
岸	5273
己	5274
度胸	5275
強化	5276
形態	5277
快い	5278
怪物	5279
悪意	5280
慈善	5281
憎し	5282
憧れる	5283
持ち物	5284
損ねる	5285
改正	5286
散らかる	5287
敷く	5288
新宿	5289
暖炉	5290
有り金	5291
根本	5292
梯子	5293
標識	5294
正式	5295
水平	5296
水面	5297
決する	5298
海峡	5299
添える	5300
減量	5301
演劇	5302
焦げる	5303
理	5304
理屈	5305
留まる	5306
相性	5307
真っ暗	5308
真っ白	5309
知性	5310
磁石	5311
神話	5312
移住	5313
脱出	5314
自力	5315
自立	5316
薬局	5317
行事	5318
裏庭	5319
観衆	5320
諸君	5321
資産	5322
近ごろ	5323
逃亡	5324
途上	5325
通報	5326
遺産	5327
遺言	5328
郵送	5329
酔っ払い	5330
金髪	5331
銀河	5332
間食	5333
離せる	5334
難問	5335
雨林	5336
青空	5337
魔女	5338
鶴	5339
うかがう	5340
おこす	5341
おっ	5342
かぎ	5343
かゆい	5344
がん	5345
こわれる	5346
しがみつく	5347
しびれる	5348
しるし	5349
ずぶぬれ	5350
ずる	5351
たしか	5352
ただちに	5353
たとえば	5354
ちまう	5355
つまずく	5356
とうさん	5357
ともかく	5358
ねだる	5359
ふもと	5360
ほえる	5361
まじ	5362
やかましい	5363
わく	5364
アリバイ	5365
イヤホン	5366
オリーブ	5367
ガム	5368
ガレージ	5369
キャシー	5370
ゴロゴロ	5371
スカーフ	5372
ソファ	5373
ダンサー	5374
チェックアウト	5375
チップ	5376
ファースト	5377
プレイヤー	5378
ベビー	5379
ベランダ	5380
ホームレス	5381
ボロボロ	5382
ボーイ	5383
ライター	5384
ラクダ	5385
レイラ	5386
ロマンチック	5387
ロング	5388
一人息子	5389
一列	5390
丁度	5391
上品	5392
中東	5393
乏しい	5394
乗務	5395
乞食	5396
事前	5397
云う	5398
仰向け	5399
伊藤	5400
何者	5401
優雅	5402
共産	5403
出勤	5404
利点	5405
前後	5406
前途	5407
収まる	5408
吹雪	5409
和らげる	5410
固まる	5411
固定	5412
在庫	5413
堪える	5414
多量	5415
夜間	5416
大喜び	5417
大型	5418
大騒ぎ	5419
始まり	5420
始末	5421
嫌がらせ	5422
実用	5423
対立	5424
小型	5425
小遣い	5426
平ら	5427
年月	5428
広大	5429
建て	5430
弱点	5431
当局	5432
当店	5433
彫刻	5434
征服	5435
後半	5436
戦死	5437
手探り	5438
払い	5439
承る	5440
抽象	5441
拝見	5442
振舞う	5443
接近	5444
改めて	5445
故国	5446
断つ	5447
新作	5448
早朝	5449
最寄り	5450
有望	5451
服用	5452
来客	5453
業務	5454
極める	5455
楽勝	5456
楽器	5457
歯磨き	5458
死体	5459
殺害	5460
気取る	5461
沸く	5462
注射	5463
流れ星	5464
淋しい	5465
深	5466
王女	5467
球場	5468
申込	5469
発売	5470
盗る	5471
省く	5472
真っ	5473
確保	5474
競馬	5475
答	5476
簡潔	5477
統計	5478
緑茶	5479
罪悪	5480
美徳	5481
群	5482
脅威	5483
脱走	5484
自覚	5485
葡萄	5486
虐待	5487
衣装	5488
表明	5489
見方	5490
見舞う	5491
見通し	5492
親父	5493
解答	5494
訊く	5495
警報	5496
賃上げ	5497
転職	5498
軽率	5499
辞儀	5500
農園	5501
迅速	5502
迎え	5503
追跡	5504
通用	5505
連休	5506
遂行	5507
過失	5508
過度	5509
鍛える	5510
静けさ	5511
頻度	5512
飴	5513
香水	5514
騒ぎ	5515
高度	5516
ぁ	5517
あいだ	5518
あご	5519
あだ名	5520
ありのまま	5521
かう	5522
からだ	5523
こする	5524
ご馳走	5525
さえずる	5526
ささげる	5527
さめる	5528
じょうず	5529
じろじろ	5530
せっせと	5531
そばかす	5532
そらす	5533
そる	5534
ついつい	5535
つかる	5536
つづり	5537
つぶれる	5538
てっぺん	5539
どっと	5540
なけなし	5541
にて	5542
ぬいぐるみ	5543
ばっか	5544
ばれる	5545
ふざける	5546
みすぼらしい	5547
アクセント	5548
アホ	5549
アメリカン	5550
イスラエル	5551
エッセイ	5552
エビ	5553
カ国	5554
ギリギリ	5555
ゴリラ	5556
シンプル	5557
スタッフ	5558
ストリート	5559
タワー	5560
ダブル	5561
チャンピオン	5562
ニワトリ	5563
ハンマー	5564
バット	5565
バージョン	5566
フライト	5567
プリンター	5568
ヘンリー	5569
ペラペラ	5570
ホッと	5571
ホームシック	5572
ボク	5573
ミニスカート	5574
リボン	5575
一人ぼっち	5576
上流	5577
上空	5578
二千	5579
五十	5580
仙台	5581
伯父	5582
似	5583
傷口	5584
公害	5585
内部	5586
再開	5587
出現	5588
刑	5589
前日	5590
動揺	5591
勘違い	5592
匹敵	5593
十一	5594
単調	5595
原則	5596
厳守	5597
口出し	5598
口調	5599
団結	5600
垣根	5601
報う	5602
増大	5603
大幅	5604
太平洋	5605
妥当	5606
娯楽	5607
宛	5608
実家	5609
寝かす	5610
専用	5611
就寝	5612
屋根裏	5613
年中	5614
年度	5615
年頃	5616
座れる	5617
建つ	5618
弾丸	5619
当選	5620
待ち	5621
復活	5622
惜しむ	5623
愛国	5624
手足	5625
打者	5626
指さす	5627
指定	5628
捏ちる	5629
捕る	5630
控え目	5631
掻く	5632
政党	5633
新品	5634
新幹線	5635
日の出	5636
昔々	5637
昭和	5638
普及	5639
木星	5640
木製	5641
未満	5642
本音	5643
来日	5644
果実	5645
柔軟	5646
栄光	5647
歌舞伎	5648
止め	5649
正面	5650
武装	5651
毛皮	5652
水素	5653
沙汰	5654
油断	5655
活発	5656
活躍	5657
渋谷	5658
湿気	5659
潮	5660
濃霧	5661
火傷	5662
炊飯	5663
点数	5664
無限	5665
焼き	5666
猛	5667
甘やかす	5668
盛り	5669
盛ん	5670
直感	5671
直行	5672
相互	5673
瞳	5674
祝福	5675
純粋	5676
素材	5677
経歴	5678
経費	5679
老後	5680
肖像	5681
背負う	5682
脈	5683
芽	5684
苗字	5685
衝動	5686
袖	5687
要約	5688
見れる	5689
見地	5690
言い分	5691
許せる	5692
語彙	5693
走者	5694
足首	5695
跳ぶ	5696
返済	5697
追求	5698
退学	5699
連邦	5700
遊べる	5701
過ごせる	5702
違える	5703
遠方	5704
遺憾	5705
酷い	5706
間隔	5707
集まり	5708
面前	5709
領土	5710
飲食	5711
鳩	5712
あったかい	5713
あら捜し	5714
うっとり	5715
えー	5716
おちる	5717
かげん	5718
くしゃみ	5719
ぐるぐる	5720
けっして	5721
こ	5722
こっ	5723
こわす	5724
しまい	5725
じゅうたん	5726
すぐさま	5727
すっきり	5728
たたむ	5729
ためし	5730
つぶる	5731
とげる	5732
どく	5733
にらむ	5734
はかどる	5735
はかる	5736
ひも	5737
ほお	5738
ほのめかす	5739
めがける	5740
めんどくさい	5741
ゐる	5742
アインシュタイン	5743
ウクライナ	5744
エリザベス	5745
エンジニア	5746
オウム	5747
カトリック	5748
カール	5749
キャベツ	5750
キーボード	5751
ギャンブル	5752
コツ	5753
コントロール	5754
シドニー	5755
スコット	5756
ダウンロード	5757
ティム	5758
テレサ	5759
テーブルクロス	5760
トレーニング	5761
ニック	5762
ハグ	5763
バルコニー	5764
バレー	5765
パターン	5766
パーティ	5767
ヒント	5768
ファックス	5769
フェイスブック	5770
ベルベル	5771
ホームラン	5772
ボクサー	5773
ミュージシャン	5774
ムスリム	5775
メイン	5776
一休み	5777
一節	5778
一連	5779
上回る	5780
上演	5781
不動産	5782
不快	5783
中世	5784
乱暴	5785
乾杯	5786
住める	5787
儀式	5788
兎	5789
児童	5790
入力	5791
兵	5792
出来	5793
刀	5794
分厚い	5795
分解	5796
初恋	5797
刺さる	5798
削る	5799
削減	5800
割引	5801
北部	5802
卑劣	5803
南極	5804
占い	5805
右足	5806
司祭	5807
同盟	5808
名所	5809
名簿	5810
商業	5811
器具	5812
夕日	5813
多し	5814
奥	5815
如し	5816
学位	5817
学年	5818
学級	5819
定める	5820
家出	5821
家屋	5822
家計	5823
寒気	5824
崇拝	5825
幻想	5826
廃棄	5827
弱る	5828
形式	5829
役目	5830
役者	5831
微笑	5832
心がける	5833
怠慢	5834
悔やむ	5835
患う	5836
想定	5837
愛着	5838
手がかり	5839
打ち	5840
抑制	5841
提示	5842
擁護	5843
改める	5844
整う	5845
既婚	5846
曇り	5847
月給	5848
服従	5849
本社	5850
本題	5851
機内	5852
欲	5853
歌詞	5854
正す	5855
気体	5856
気絶	5857
汚れ	5858
江戸	5859
決まり	5860
治まる	5861
湾	5862
澄む	5863
無口	5864
煮える	5865
熟練	5866
片	5867
片手	5868
独力	5869
独占	5870
献血	5871
用品	5872
画像	5873
疎通	5874
痒い	5875
発想	5876
白髪	5877
直線	5878
短	5879
短編	5880
競う	5881
符	5882
紅葉	5883
編集	5884
繁栄	5885
美貌	5886
老婆	5887
聡明	5888
脅かす	5889
致命	5890
苦	5891
苦情	5892
蓋	5893
観念	5894
観戦	5895
言及	5896
記載	5897
詫び	5898
詫びる	5899
読み書き	5900
論議	5901
諸	5902
豪雨	5903
貫く	5904
転倒	5905
返答	5906
速力	5907
道理	5908
部品	5909
部門	5910
配置	5911
重なる	5912
重荷	5913
金利	5914
銃声	5915
開会	5916
開拓	5917
間抜け	5918
防衛	5919
降伏	5920
限定	5921
陰謀	5922
陸	5923
難なく	5924
領収	5925
頭脳	5926
麻雀	5927
あいまい	5928
あらわす	5929
あら探し	5930
いじる	5931
おしっこ	5932
おにぎり	5933
おやすみ	5934
おやつ	5935
お家	5936
ぎりぎり	5937
くさい	5938
けさ	5939
ける	5940
すくむ	5941
すらすら	5942
せがむ	5943
せき	5944
そろう	5945
たえる	5946
ちなみ	5947
なめる	5948
はさみ	5949
ぶる	5950
へん	5951
もっぱら	5952
もてなす	5953
ややこしい	5954
やれ	5955
アメフト	5956
アラン	5957
イケメン	5958
インカ	5959
オンライン	5960
カッと	5961
カラー	5962
カ月	5963
キャンディー	5964
キャンペーン	5965
クラスメイト	5966
クローゼット	5967
ケチ	5968
ケチャップ	5969
コショウ	5970
コード	5971
サイクリング	5972
サポート	5973
シーン	5974
ジャイアンツ	5975
スティーブ	5976
スト	5977
チーズケーキ	5978
ティッシュ	5979
ドラム	5980
ハード	5981
バレる	5982
フォード	5983
ブリッジ	5984
プログラミング	5985
ベトナム	5986
ホット	5987
ホットドッグ	5988
ホームページ	5989
ポップ	5990
ポップコーン	5991
ポテチ	5992
ミュージック	5993
メーター	5994
レインコート	5995
レンタカー	5996
ロビー	5997
一団	5998
不便	5999
両腕	6000
主題	6001
乗馬	6002
予感	6003
二酸	6004
人参	6005
人手	6006
仕える	6007
仕上がる	6008
仕様	6009
仰天	6010
会談	6011
伝染	6012
似合い	6013
保障	6014
値上がり	6015
値札	6016
倹約	6017
健全	6018
側面	6019
偽り	6020
働き者	6021
先立つ	6022
再生	6023
切ない	6024
前方	6025
動ける	6026
勘弁	6027
勢力	6028
十五	6029
協会	6030
即座	6031
反省	6032
合理	6033
名字	6034
告訴	6035
哀れ	6036
国籍	6037
坂	6038
売上	6039
大して	6040
大工	6041
大目	6042
失せる	6043
学べる	6044
守れる	6045
実践	6046
宣告	6047
容態	6048
密か	6049
将棋	6050
導く	6051
居酒屋	6052
履歴	6053
山登り	6054
帆	6055
年収	6056
弁論	6057
弊社	6058
強力	6059
役職	6060
待合	6061
後ほど	6062
忘れ物	6063
快方	6064
急用	6065
性能	6066
恐竜	6067
恩	6068
悲惨	6069
意義	6070
感想	6071
慈悲	6072
慎む	6073
慣らす	6074
手伝える	6075
手作り	6076
手本	6077
手話	6078
打撃	6079
掲げる	6080
描写	6081
放棄	6082
放題	6083
整備	6084
断固	6085
断言	6086
新居	6087
旅人	6088
日当たり	6089
時速	6090
暮らせる	6091
本格	6092
林	6093
業界	6094
機器	6095
欲望	6096
欲求	6097
歓声	6098
歩行	6099
民衆	6100
気配	6101
水分	6102
浴室	6103
渡せる	6104
演じる	6105
瀕する	6106
灯	6107
炊く	6108
無数	6109
無茶	6110
熱望	6111
牧場	6112
特権	6113
現行	6114
生態	6115
産物	6116
白人	6117
白黒	6118
目当て	6119
相対	6120
相撲	6121
相違	6122
真意	6123
着せる	6124
知人	6125
破裂	6126
秩序	6127
称賛	6128
綴り	6129
練る	6130
縦	6131
老ける	6132
肝心	6133
船乗り	6134
著名	6135
葬式	6136
行列	6137
衣類	6138
裂ける	6139
観測	6140
解散	6141
解除	6142
言論	6143
記号	6144
評論	6145
誘拐	6146
誠	6147
諺	6148
貴族	6149
購読	6150
足音	6151
返し	6152
追放	6153
退く	6154
通路	6155
連合	6156
過程	6157
遥か	6158
都	6159
酸	6160
重たい	6161
重役	6162
長居	6163
間近	6164
関税	6165
防御	6166
雇い主	6167
難局	6168
面積	6169
食らう	6170
飼育	6171
首尾	6172
騒々しい	6173
髭	6174
あざ	6175
あちらこちら	6176
あっさり	6177
あやうい	6178
おうち	6179
おそい	6180
お嬢	6181
かがめる	6182
かすか	6183
かならず	6184
くたびれる	6185
くつ	6186
くつろげる	6187
ぐずぐず	6188
ごっこ	6189
さえぎる	6190
さる	6191
じゅう	6192
そこなう	6193
たぁ	6194
ただし	6195
ついで	6196
づく	6197
とかく	6198
とげ	6199
どきどき	6200
なぞ	6201
なー	6202
ねがう	6203
はずれる	6204
ぱっ	6205
ひじ	6206
ひま	6207
まかせる	6208
まわす	6209
まんまと	6210
みつかる	6211
やむない	6212
やや	6213
わきまえる	6214
アイドル	6215
アスピリン	6216
アナウンサー	6217
アプリ	6218
イルカ	6219
インタビュー	6220
インチ	6221
インディアン	6222
インドネシア	6223
ウェイター	6224
ウェブサイト	6225
ウエスト	6226
カロリー	6227
カーブ	6228
ケリー	6229
ゲート	6230
コック	6231
コレクション	6232
コンクリート	6233
サーバー	6234
シーツ	6235
シール	6236
スパゲッティ	6237
スポット	6238
タダ	6239
チューリップ	6240
テロ	6241
トラベラーズ	6242
トン	6243
ニンジン	6244
ノーベル	6245
パイナップル	6246
ヒルトン	6247
ヒーター	6248
ファスナー	6249
フェリー	6250
フライパン	6251
ボーナス	6252
マイケル	6253
マザー	6254
マーケット	6255
ミュージカル	6256
モール	6257
ヨハネ	6258
ライバル	6259
ライブ	6260
ラマダン	6261
リサイクル	6262
レコーダー	6263
ロミオ	6264
一服	6265
一足	6266
不作	6267
両足	6268
久々	6269
乗り場	6270
予習	6271
交替	6272
介護	6273
企て	6274
伝う	6275
体制	6276
体質	6277
何曜	6278
何物	6279
例年	6280
優る	6281
充実	6282
先端	6283
公正	6284
冬眠	6285
凍える	6286
出費	6287
利	6288
到底	6289
割合	6290
創る	6291
勃発	6292
包み	6293
南部	6294
厚かましい	6295
厳格	6296
反	6297
反映	6298
収益	6299
可	6300
吐き気	6301
呆れる	6302
周年	6303
和	6304
善人	6305
善良	6306
四半	6307
国語	6308
地点	6309
垂れる	6310
堂	6311
場違い	6312
塾	6313
夕立	6314
大げさ	6315
大木	6316
天ぷら	6317
天皇	6318
太い	6319
奇麗	6320
学科	6321
安楽	6322
容姿	6323
寝かせる	6324
対照	6325
射る	6326
導入	6327
尿	6328
山中	6329
巡る	6330
平らげる	6331
年末	6332
床屋	6333
座り心地	6334
延びる	6335
延長	6336
式典	6337
当たり	6338
往生	6339
復讐	6340
必需	6341
悪人	6342
惜しい	6343
懸念	6344
払い戻し	6345
折り紙	6346
拡張	6347
指紋	6348
掛け	6349
敗北	6350
散らす	6351
数百	6352
施す	6353
旅客	6354
日取り	6355
日没	6356
映す	6357
晴天	6358
暗がり	6359
暗殺	6360
更新	6361
最小	6362
有	6363
有力	6364
木の実	6365
末っ子	6366
権限	6367
機知	6368
次ぐ	6369
歯科	6370
殆ど	6371
殺到	6372
氏名	6373
洗車	6374
海賊	6375
消化	6376
消息	6377
混合	6378
淹れる	6379
温和	6380
湧く	6381
湿度	6382
灯り	6383
為す	6384
為替	6385
無理矢理	6386
熱意	6387
狂気	6388
現地	6389
生息	6390
申告	6391
直ぐ	6392
省ける	6393
真っ青	6394
短気	6395
祖父母	6396
神聖	6397
禁酒	6398
秘訣	6399
稼ぎ	6400
空間	6401
競走	6402
笑み	6403
節	6404
終日	6405
給食	6406
統治	6407
継続	6408
編み物	6409
緩和	6410
縫い物	6411
繊細	6412
羽目	6413
聞ける	6414
背後	6415
脂肪	6416
花嫁	6417
茶碗	6418
著作	6419
裏口	6420
見学	6421
見晴らし	6422
見本	6423
見積もり	6424
角度	6425
角形	6426
記述	6427
調節	6428
謙虚	6429
講座	6430
賞金	6431
赤らめる	6432
車輪	6433
軍事	6434
輸送	6435
辞典	6436
農	6437
逃がす	6438
重傷	6439
重病	6440
金魚	6441
銭	6442
長々	6443
長崎	6444
長野	6445
間違え	6446
隠し事	6447
雨降り	6448
雪かき	6449
霊	6450
願い事	6451
飼い犬	6452
鬼ごっこ	6453
鮮やか	6454
2万	6455
あきれる	6456
いかん	6457
いとま	6458
うたう	6459
うってつけ	6460
おさめる	6461
お巡り	6462
かぎり	6463
かせぐ	6464
かど	6465
かる	6466
かんかん	6467
きらきら	6468
くずす	6469
さく	6470
さぼる	6471
さんざん	6472
しみじみ	6473
じ	6474
すする	6475
すべる	6476
ずぶ濡れ	6477
そっ	6478
たべる	6479
つまむ	6480
にこにこ	6481
ねこ	6482
ののしる	6483
はめ	6484
ひ	6485
ひいき	6486
ひっきり	6487
びん	6488
ほっそり	6489
ほっぺ	6490
ほど遠い	6491
ほほえむ	6492
みじめ	6493
やすやす	6494
やっぱ	6495
ゆでる	6496
わめく	6497
われ	6498
ウェブ	6499
オール	6500
キム	6501
キャラ	6502
ゲイ	6503
サラリーマン	6504
サンプル	6505
サーフィン	6506
シッター	6507
シャンプー	6508
ジャネット	6509
ジョーン	6510
スクール	6511
タルト	6512
チップス	6513
チャールズ	6514
チョーク	6515
ツイッター	6516
テキサス	6517
テムズ	6518
ディスコ	6519
デンマーク	6520
ドッグ	6521
ニュー	6522
ニンニク	6523
ハサミ	6524
ハート	6525
ピストル	6526
ピーナッツ	6527
フライド	6528
ブタ	6529
プライド	6530
プリン	6531
ヘルメット	6532
ボクシング	6533
ポチ	6534
マウス	6535
マスコミ	6536
モーツァルト	6537
ヤード	6538
ロイ	6539
ワクワク	6540
一段	6541
一貫	6542
七面鳥	6543
上映	6544
下宿	6545
不眠	6546
中間	6547
乱用	6548
事典	6549
二十歳	6550
交互	6551
人混み	6552
人質	6553
仏	6554
仕立てる	6555
仰ぐ	6556
休める	6557
会釈	6558
余儀	6559
使命	6560
修繕	6561
先頭	6562
免除	6563
入国	6564
具	6565
円盤	6566
写る	6567
刺身	6568
割く	6569
加藤	6570
勤め	6571
単独	6572
却下	6573
原文	6574
友好	6575
取り扱い	6576
取締	6577
口実	6578
古	6579
古本	6580
句	6581
句読点	6582
可決	6583
台湾	6584
合法	6585
和食	6586
営む	6587
地味	6588
坊や	6589
坊主	6590
埋まる	6591
塊	6592
多忙	6593
大家	6594
大根	6595
大理	6596
失恋	6597
好き嫌い	6598
好転	6599
姪	6600
学園	6601
学業	6602
安物	6603
定年	6604
宣言	6605
宿	6606
密接	6607
察する	6608
対抗	6609
小雨	6610
居	6611
巧み	6612
干る	6613
平日	6614
平静	6615
年配	6616
強烈	6617
弾	6618
待ち合わせ	6619
後退	6620
得点	6621
心得る	6622
心細い	6623
志望	6624
応急	6625
思いっきり	6626
惨め	6627
懐中	6628
成立	6629
戦略	6630
手当	6631
手持ち	6632
把握	6633
拍子	6634
授ける	6635
推定	6636
政権	6637
政界	6638
敬う	6639
敵軍	6640
文体	6641
斜面	6642
方々	6643
早速	6644
晩御飯	6645
暴露	6646
最適	6647
望ましい	6648
朝飯	6649
木陰	6650
来	6651
東洋	6652
柿	6653
栗	6654
格	6655
梅	6656
構築	6657
歓呼	6658
正体	6659
比例	6660
気さく	6661
汚職	6662
汝	6663
湿る	6664
漕ぐ	6665
潜る	6666
点検	6667
無理やり	6668
焦点	6669
照明	6670
熱烈	6671
燃費	6672
狩り	6673
猛烈	6674
献身	6675
獣医	6676
理科	6677
甘える	6678
産	6679
甥	6680
用件	6681
甲斐	6682
畳	6683
癒す	6684
直前	6685
知らす	6686
矯正	6687
砕ける	6688
破れる	6689
確立	6690
稲	6691
空席	6692
算数	6693
紙幣	6694
級	6695
素質	6696
縮小	6697
脅迫	6698
脱獄	6699
自転	6700
良質	6701
芸	6702
荷	6703
落書き	6704
落第	6705
葵	6706
薄れる	6707
蛙	6708
表紙	6709
装う	6710
補う	6711
視野	6712
親指	6713
訴訟	6714
話し手	6715
説	6716
談	6717
負債	6718
貨幣	6719
貯蓄	6720
赤十字	6721
路上	6722
踊れる	6723
躊躇	6724
転勤	6725
退院	6726
送別	6727
運行	6728
運賃	6729
過激	6730
選べる	6731
部活	6732
酸性	6733
野蛮	6734
金儲け	6735
長男	6736
関数	6737
障る	6738
集め	6739
難	6740
雨宿り	6741
雷鳴	6742
音痴	6743
飲物	6744
養子	6745
馬車	6746
骨董	6747
魔	6748
鼓動	6749
鼠	6750
50万	6751
あこがれる	6752
あさって	6753
あざ笑う	6754
あー	6755
いささか	6756
いなか	6757
いやいや	6758
いよいよ	6759
うかつ	6760
うんと	6761
おば	6762
おろか	6763
かかえる	6764
きまる	6765
ぎょっと	6766
くび	6767
け	6768
けり	6769
こねる	6770
この頃	6771
さておく	6772
しみ	6773
しゃべり	6774
じみる	6775
すっごい	6776
ずば抜ける	6777
そよ風	6778
だし	6779
ちょっぴり	6780
つきあい	6781
つづく	6782
つとめる	6783
ねらい	6784
のめす	6785
のんき	6786
はし	6787
ばらばら	6788
ひざまずく	6789
ひび	6790
ふるう	6791
ほとり	6792
ぽん	6793
まちがい	6794
まちがえる	6795
むこう	6796
めくる	6797
めまい	6798
やらかす	6799
ゅ	6800
ゆで卵	6801
ゆりかご	6802
よぶ	6803
よみがえる	6804
ろくに	6805
アウト	6806
アルメニア	6807
アンケート	6808
イラつく	6809
インスタント	6810
インストール	6811
ウェイトレス	6812
ウォッカ	6813
ウール	6814
エサ	6815
エッグ	6816
カラス	6817
カンカン	6818
グラウンド	6819
コンパクト	6820
コーナー	6821
コール	6822
サンド	6823
シューズ	6824
ショパン	6825
ショート	6826
ジャンク	6827
ジャングル	6828
ジャーナリスト	6829
スタジアム	6830
ステレオ	6831
スマート	6832
スリル	6833
セックス	6834
タンカー	6835
ターミナル	6836
ダウン	6837
ダラダラ	6838
ダーウィン	6839
トイレット	6840
トキポナ	6841
トヨタ	6842
ドリアン	6843
ドーナツ	6844
ナプキン	6845
ナポレオン	6846
ニュートン	6847
ネタ	6848
ハンバーグ	6849
パック	6850
ピント	6851
フェア	6852
フランク	6853
フロリダ	6854
プライバシー	6855
プラットホーム	6856
プレイ	6857
プログラマー	6858
ヘブライ	6859
ベルギー	6860
ボリューム	6861
ポーランド	6862
マイナス	6863
マニュアル	6864
マレーシア	6865
マンゴー	6866
メイド	6867
メディア	6868
メロディー	6869
ユダヤ	6870
ライス	6871
ライフル	6872
リズム	6873
リッチ	6874
リットル	6875
リムジン	6876
リモコン	6877
ルームメイト	6878
レンガ	6879
レントゲン	6880
ロブスター	6881
ロースト	6882
ヵ月	6883
万が一	6884
万歳	6885
上海	6886
上院	6887
不味い	6888
不法	6889
並み	6890
久しい	6891
乗	6892
了解	6893
交わる	6894
享受	6895
人体	6896
人権	6897
今更	6898
仕返し	6899
付近	6900
仮説	6901
休養	6902
促す	6903
値打ち	6904
偉人	6905
偽物	6906
先約	6907
入念	6908
公演	6909
公用	6910
冴える	6911
冷房	6912
凧	6913
判る	6914
判事	6915
判定	6916
別人	6917
利ける	6918
制御	6919
劣等	6920
勝ち目	6921
募金	6922
包装	6923
半額	6924
協議	6925
原始	6926
収支	6927
取っ手	6928
受信	6929
受話	6930
口紅	6931
可愛らしい	6932
同じく	6933
同行	6934
味噌	6935
呼ばわり	6936
問い	6937
喜ばす	6938
嗅覚	6939
噴火	6940
土壌	6941
埃	6942
境遇	6943
壊滅	6944
変動	6945
夕焼け	6946
大分	6947
好物	6948
始終	6949
姑	6950
存分	6951
学歴	6952
安らか	6953
実る	6954
実感	6955
実質	6956
小泉	6957
届	6958
屋上	6959
屋敷	6960
山々	6961
山脈	6962
川沿い	6963
工作	6964
左足	6965
平凡	6966
弓	6967
弟子	6968
当初	6969
役人	6970
待機	6971
循環	6972
心ゆく	6973
必須	6974
応用	6975
思慮	6976
急ぎ	6977
恐縮	6978
息切れ	6979
悪習	6980
成り行き	6981
所持	6982
手帳	6983
手短	6984
手遅れ	6985
手順	6986
打ち合わせ	6987
持ち込み	6988
捜査	6989
排除	6990
接続	6991
措置	6992
揃う	6993
摂氏	6994
数々	6995
敵意	6996
新任	6997
方言	6998
旧	6999
昼ごはん	7000
時差	7001
暖める	7002
替わる	7003
望める	7004
未熟	7005
本心	7006
松	7007
柵	7008
栓	7009
標準	7010
欠	7011
欧州	7012
歌声	7013
殻	7014
気がかり	7015
気象	7016
水なし	7017
洗剤	7018
海底	7019
海洋	7020
満喫	7021
満席	7022
満月	7023
溺死	7024
滅ぼす	7025
滑らか	7026
滝	7027
無用	7028
熱狂	7029
片付く	7030
牡蠣	7031
独創	7032
王国	7033
生まれつき	7034
畳む	7035
疾患	7036
百科	7037
盆	7038
盲目	7039
直径	7040
直視	7041
直角	7042
看病	7043
眠気	7044
砂浜	7045
破片	7046
磁場	7047
祖先	7048
福岡	7049
私的	7050
秘める	7051
窓口	7052
笑い事	7053
筆者	7054
給仕	7055
縄	7056
老齢	7057
肺	7058
背筋	7059
脱線	7060
腕前	7061
腫れる	7062
腰掛ける	7063
自制	7064
航行	7065
芝刈り	7066
花粉	7067
若し	7068
茹でる	7069
荷造り	7070
蛇口	7071
行政	7072
表れる	7073
表記	7074
補給	7075
解消	7076
言	7077
計らう	7078
訛り	7079
試練	7080
議事	7081
議題	7082
赤道	7083
路	7084
路面	7085
軍人	7086
軽んずる	7087
辿る	7088
逃走	7089
進展	7090
進路	7091
違和	7092
部族	7093
配布	7094
野	7095
鈍い	7096
鉄鋼	7097
長持ち	7098
関与	7099
阻止	7100
陰口	7101
陳述	7102
陸軍	7103
階下	7104
隔てる	7105
雑貨	7106
雨天	7107
零	7108
電卓	7109
電柱	7110
電線	7111
震災	7112
青白い	7113
面目	7114
頓着	7115
顕微	7116
風習	7117
飢饉	7118
麻痺	7119
鼻水	7120
1,000	7121
あらさがし	7122
いふ	7123
うらやむ	7124
うろつく	7125
うわ	7126
おける	7127
おごり	7128
おさえる	7129
おぼえる	7130
お好み焼き	7131
かあさん	7132
きらい	7133
ぎこちない	7134
くれぐれ	7135
くわえる	7136
こぐ	7137
こりゃ	7138
さかさま	7139
さっそく	7140
さます	7141
さらう	7142
しあわせ	7143
しかたない	7144
しっぽ	7145
しでかす	7146
しぼる	7147
すたれる	7148
すっ	7149
ぜいたく	7150
そら	7151
たこ	7152
だらしない	7153
ちょい	7154
ちょくちょく	7155
つう	7156
とある	7157
とおす	7158
とおる	7159
どいつ	7160
なぞなぞ	7161
なつかしい	7162
ぬるい	7163
のろい	7164
はう	7165
はがき	7166
ひとこと	7167
びしょ濡れ	7168
ふ	7169
ぶらつく	7170
へえ	7171
ぽっちゃり	7172
まける	7173
めんどう	7174
もしくは	7175
もてなし	7176
もめごと	7177
ゆう	7178
ゆれる	7179
よけい	7180
よそ	7181
わあ	7182
わが社	7183
わな	7184
わびる	7185
アザラシ	7186
アヒル	7187
アマゾン	7188
イラク	7189
ウィーン	7190
ウチ	7191
オックスフォード	7192
オーケストラ	7193
カセット	7194
カレン	7195
ガイドブック	7196
クズリ	7197
クソ	7198
クーラー	7199
グラム	7200
グランド	7201
ケンカ	7202
ケーブル	7203
コンセント	7204
サイド	7205
サプライズ	7206
サマー	7207
ジェイン	7208
ジェシー	7209
ジョニー	7210
ジョーダン	7211
ジーパン	7212
スクーラー	7213
セルビア	7214
ソング	7215
ダイヤル	7216
ダックスフント	7217
ツバメ	7218
テイト	7219
テリー	7220
ディズニー	7221
デザイナー	7222
デジタル	7223
ナポリ	7224
ノリ	7225
ハガキ	7226
ハム	7227
バースデー	7228
パターソン	7229
パトカー	7230
パンパン	7231
ビジネスマン	7232
ピッチャー	7233
フル	7234
ブラウザ	7235
ブルーベリー	7236
ホーキング	7237
ポスター	7238
ポーカー	7239
ポーラ	7240
マット	7241
マフラー	7242
ヤツ	7243
ヤバい	7244
ライン	7245
リチャード	7246
ルート	7247
レート	7248
ワクチン	7249
上野	7250
下品	7251
下着	7252
不振	7253
不通	7254
与党	7255
主治	7256
主食	7257
乗り換え	7258
乗車	7259
乱す	7260
乱れる	7261
事例	7262
人影	7263
今家	7264
仕組み	7265
仮定	7266
任せ	7267
伴奏	7268
伸べる	7269
住居	7270
作戦	7271
作者	7272
保健	7273
修学	7274
健二	7275
備え	7276
傾く	7277
先ず	7278
先祖	7279
免税	7280
入れ歯	7281
凍死	7282
凍結	7283
処刑	7284
出場	7285
出航	7286
分け前	7287
分る	7288
分配	7289
前兆	7290
前髪	7291
副詞	7292
加入	7293
励む	7294
勿論	7295
北京	7296
十字	7297
半身	7298
双方	7299
反逆	7300
口数	7301
右腕	7302
同封	7303
同級	7304
呑む	7305
味付け	7306
和平	7307
和解	7308
商う	7309
問	7310
喝采	7311
回避	7312
団子	7313
固有	7314
国旗	7315
土壇場	7316
地帯	7317
報い	7318
塞がる	7319
売り物	7320
売れ行き	7321
売却	7322
変革	7323
外れ	7324
外人	7325
大手	7326
大望	7327
大笑い	7328
奉仕	7329
姓	7330
婆	7331
子宮	7332
子持ち	7333
子育て	7334
学費	7335
完売	7336
定時	7337
宛名	7338
実物	7339
室内	7340
家内	7341
対戦	7342
対面	7343
小僧	7344
居所	7345
山羊	7346
巻	7347
帰す	7348
平穏	7349
幾分	7350
建造	7351
弱者	7352
当事	7353
当日	7354
当面	7355
待遇	7356
後輩	7357
従来	7358
復旧	7359
心待ち	7360
志す	7361
志願	7362
応じる	7363
快活	7364
恨み	7365
恩恵	7366
恵み	7367
悪ふざけ	7368
悪夢	7369
悪態	7370
惨事	7371
愛好	7372
懇願	7373
戻せる	7374
戻れる	7375
手すり	7376
手当たり	7377
抑圧	7378
拳銃	7379
持参	7380
指差す	7381
指数	7382
据える	7383
採る	7384
携わる	7385
支払	7386
故意	7387
救出	7388
断り	7389
新築	7390
新規	7391
旅館	7392
日にち	7393
日頃	7394
早退	7395
明	7396
易い	7397
晩餐	7398
暗証	7399
暴落	7400
書籍	7401
月末	7402
木登り	7403
来春	7404
松葉	7405
果て	7406
校則	7407
根気	7408
案ずる	7409
植木	7410
楽団	7411
樹	7412
橋本	7413
母方	7414
気晴らし	7415
気質	7416
氷点	7417
沿岸	7418
泊る	7419
流し	7420
消極	7421
満々	7422
滅入る	7423
漂流	7424
潜在	7425
災い	7426
炒める	7427
点ける	7428
無沙汰	7429
爆破	7430
爺	7431
片目	7432
片足	7433
片道	7434
物置	7435
物資	7436
特売	7437
玩具	7438
産まれる	7439
産出	7440
略	7441
異	7442
異存	7443
疑念	7444
療法	7445
発砲	7446
登れる	7447
的外れ	7448
盗難	7449
目覚し	7450
直後	7451
破綻	7452
福島	7453
私立	7454
空き	7455
空き家	7456
空中	7457
立たす	7458
竹	7459
笑	7460
笑いもの	7461
笛	7462
策略	7463
箋	7464
粒	7465
粒子	7466
納屋	7467
素人	7468
細胞	7469
終	7470
絆	7471
経過	7472
結末	7473
統一	7474
絶好	7475
絶頂	7476
継承	7477
綿密	7478
繋がる	7479
肯定	7480
肺がん	7481
背丈	7482
脱する	7483
腐敗	7484
膨らむ	7485
臨時	7486
自尊	7487
自治	7488
良識	7489
花壇	7490
苦境	7491
茂み	7492
落ち着き	7493
葉っぱ	7494
葉書	7495
著書	7496
薦める	7497
行間	7498
衣	7499
見知り	7500
親しむ	7501
親密	7502
言動	7503
設ける	7504
設置	7505
証人	7506
誇張	7507
語句	7508
講堂	7509
買収	7510
賞味	7511
起動	7512
趣旨	7513
転地	7514
軽視	7515
込み	7516
近付く	7517
迷信	7518
送れる	7519
送信	7520
逆さま	7521
通話	7522
遊園	7523
運河	7524
過言	7525
道のり	7526
道端	7527
遺跡	7528
部隊	7529
配慮	7530
鉱物	7531
録音	7532
鎮圧	7533
鑑賞	7534
開業	7535
闘争	7536
限度	7537
除外	7538
陪審	7539
陽	7540
電球	7541
青森	7542
静岡	7543
音量	7544
頷く	7545
類似	7546
飯	7547
飲み会	7548
驚かす	7549
高熱	7550
1億	7551
2千	7552
あせる	7553
あたかも	7554
いくぶん	7555
いたずらっ子	7556
いち	7557
いっせい	7558
うつす	7559
えっと	7560
えらい	7561
おおきな	7562
おしまい	7563
おやすみなさい	7564
お化け	7565
かがむ	7566
かくれんぼ	7567
かぐ	7568
かたづける	7569
きめる	7570
くすぐったい	7571
くすぐる	7572
くむ	7573
ぐち	7574
こりごり	7575
ささやく	7576
さわやか	7577
しっくり	7578
しゃがむ	7579
じゃがいも	7580
すっからかん	7581
すれる	7582
そびえる	7583
それる	7584
そろばん	7585
たたえる	7586
だに	7587
ちっちゃい	7588
つかう	7589
つきもの	7590
つくづく	7591
つぼみ	7592
つま先	7593
でたらめ	7594
となり	7595
とんとん	7596
なびく	7597
のがれる	7598
のばす	7599
はえる	7600
ぱたく	7601
ひける	7602
ひそめる	7603
ひる	7604
ふわふわ	7605
ぶっちゃける	7606
へっちゃら	7607
ほどよい	7608
まぬがれる	7609
まる	7610
むかう	7611
めんどり	7612
もともと	7613
やりがい	7614
よっぽど	7615
よー	7616
わし	7617
わり	7618
わるい	7619
アイヌ	7620
アップデート	7621
アワー	7622
アート	7623
イケる	7624
イブ	7625
イラン	7626
エアロビクス	7627
エラー	7628
エリア	7629
エレン	7630
エーカー	7631
オゾン	7632
オタク	7633
オバマ	7634
カメラマン	7635
カンガルー	7636
クイズ	7637
クーパー	7638
クール	7639
ケンブリッジ	7640
ココナッツ	7641
サロン	7642
シャボン	7643
ジュリエット	7644
ジュリー	7645
スチュワーデス	7646
スパイス	7647
スペル	7648
スモッグ	7649
スリッパ	7650
ソフトウェア	7651
ソ連	7652
タフ	7653
ダッシュ	7654
チャレンジ	7655
チョウ	7656
チン	7657
ディスク	7658
デッキ	7659
ナッツ	7660
ハイヒール	7661
ハロウィン	7662
バスルーム	7663
バッター	7664
バプテスマ	7665
バーグ	7666
バーゲン	7667
バーベキュー	7668
パンチ	7669
ビーフ	7670
フォロー	7671
フルート	7672
ブッシュ	7673
ブラブラ	7674
ブランド	7675
プラス	7676
ベートーヴェン	7677
ペパー	7678
ホッケー	7679
ホノルル	7680
マシ	7681
マフィン	7682
マン	7683
ミラー	7684
モテる	7685
モニター	7686
モルモット	7687
モーター	7688
モード	7689
リリース	7690
レシート	7691
レタス	7692
レッカー	7693
ワイシャツ	7694
一同	7695
一所	7696
一握り	7697
一睡	7698
一髪	7699
万人	7700
上級	7701
下り坂	7702
不断	7703
両立	7704
乗り物	7705
乗船	7706
亭主	7707
今時	7708
仔	7709
仕打ち	7710
仕草	7711
他社	7712
企てる	7713
佐知子	7714
何時ごろ	7715
使い道	7716
侵害	7717
信条	7718
借り	7719
傷付ける	7720
働かす	7721
優等	7722
兄貴	7723
兆候	7724
先んずる	7725
先延ばし	7726
公務	7727
公立	7728
公表	7729
兵隊	7730
兼ねる	7731
内向	7732
円高	7733
再婚	7734
再度	7735
再来	7736
処する	7737
出でる	7738
出港	7739
出社	7740
切れ味	7741
剣道	7742
割り勘	7743
創設	7744
力量	7745
動議	7746
化石	7747
区域	7748
十八	7749
協定	7750
危害	7751
原	7752
厨房	7753
口先	7754
古し	7755
古す	7756
召し使い	7757
吃音	7758
各人	7759
合い	7760
合える	7761
同伴	7762
君主	7763
吸血	7764
呈する	7765
和服	7766
商	7767
噂話	7768
四国	7769
四季	7770
園芸	7771
土手	7772
在る	7773
埋葬	7774
基金	7775
塩辛い	7776
塵	7777
売り切れ	7778
外側	7779
外務	7780
大将	7781
失明	7782
女神	7783
好評	7784
妄想	7785
妖精	7786
威張る	7787
孤立	7788
安	7789
安堵	7790
官僚	7791
家々	7792
容器	7793
宿る	7794
対等	7795
専業	7796
小声	7797
就任	7798
屈辱	7799
山積み	7800
工	7801
工夫	7802
工学	7803
左利き	7804
常食	7805
帽	7806
干ばつ	7807
平易	7808
年代	7809
引力	7810
後方	7811
復習	7812
心地よい	7813
忍者	7814
応対	7815
思案	7816
急死	7817
恩人	7818
悪名	7819
悲嘆	7820
想い	7821
憤慨	7822
懲役	7823
戸外	7824
戸棚	7825
扇風	7826
手ごろ	7827
扶養	7828
投手	7829
押し	7830
挑む	7831
挙手	7832
捕虜	7833
探る	7834
揃える	7835
操る	7836
放置	7837
故	7838
教え子	7839
教員	7840
教職	7841
敵対	7842
文無し	7843
斜め	7844
方程	7845
日時	7846
明治	7847
時制	7848
暴風	7849
曲がり角	7850
有する	7851
木材	7852
本末	7853
東北	7854
柄	7855
桁	7856
樹立	7857
機種	7858
檻	7859
欠勤	7860
比	7861
気軽	7862
水の泡	7863
水夫	7864
水浸し	7865
氾濫	7866
池田	7867
決議	7868
沖	7869
泉	7870
洗練	7871
流感	7872
消沈	7873
消滅	7874
淡水	7875
渋い	7876
減税	7877
渡れる	7878
満室	7879
満腹	7880
溝	7881
溶かす	7882
滴	7883
災難	7884
無人	7885
無謀	7886
熟達	7887
片付け	7888
物覚え	7889
特殊	7890
犯行	7891
狩猟	7892
独学	7893
王位	7894
現	7895
生魚	7896
疑惑	7897
疫病	7898
疱瘡	7899
発射	7900
直子	7901
相場	7902
真っ直ぐ	7903
真向かい	7904
真夏	7905
着手	7906
短期	7907
研修	7908
称する	7909
種族	7910
突入	7911
突破	7912
窓際	7913
立腹	7914
筈	7915
筋トレ	7916
箇所	7917
管	7918
粘土	7919
糖尿	7920
納める	7921
細菌	7922
終る	7923
結べる	7924
統制	7925
統合	7926
総会	7927
繁殖	7928
繊維	7929
織物	7930
缶詰	7931
置き	7932
肉眼	7933
肝	7934
舟	7935
船便	7936
良好	7937
色んな	7938
花屋	7939
苦しめる	7940
草原	7941
荒らす	7942
菌	7943
蒸発	7944
薄暗い	7945
薪	7946
行使	7947
表わす	7948
衰退	7949
装備	7950
襲撃	7951
規約	7952
視点	7953
親類	7954
解説	7955
言い回し	7956
調味	7957
議案	7958
谷間	7959
貫通	7960
買い得	7961
質素	7962
賭け事	7963
走り	7964
起床	7965
身元	7966
身動き	7967
転落	7968
逆転	7969
通じる	7970
速達	7971
逢う	7972
週刊	7973
過	7974
遠回し	7975
邸宅	7976
醤油	7977
里	7978
重量	7979
量子	7980
鈍る	7981
銀座	7982
銅	7983
錆	7984
録	7985
開封	7986
関節	7987
険しい	7988
隙間	7989
非番	7990
顎	7991
餅	7992
首脳	7993
駆る	7994
驚嘆	7995
驚異	7996
高額	7997
高騰	7998
魅する	7999
鯉	8000
鷲	8001
5千	8002
あおる	8003
あたえる	8004
あたたかい	8005
あらし	8006
いそがしい	8007
いとも	8008
うっとうしい	8009
えくぼ	8010
おそれる	8011
おとぎ話	8012
おれ	8013
かえす	8014
かき氷	8015
かけ	8016
かけがえ	8017
かけら	8018
かす	8019
かすむ	8020
かなえる	8021
かわく	8022
がかる	8023
きこえる	8024
くし	8025
くじける	8026
くねる	8027
こっけい	8028
こつ	8029
こども	8030
しきたり	8031
しくじる	8032
しゃっくり	8033
しんどい	8034
ずるい	8035
せっかち	8036
せりふ	8037
ぞっこん	8038
たかる	8039
たがい	8040
たのしい	8041
たのむ	8042
たらふく	8043
たれる	8044
たー	8045
だまる	8046
ちう	8047
ちんぷんかんぷん	8048
つかえる	8049
つつく	8050
つね	8051
てんで	8052
とらわれる	8053
どなる	8054
な〜	8055
なだめる	8056
ならす	8057
にんにく	8058
ねたむ	8059
のち	8060
はたらく	8061
ばつ	8062
ばら	8063
ひそか	8064
ひっくり返す	8065
ひっそり	8066
ひと休み	8067
ひなぎく	8068
びっしょり	8069
ほうる	8070
ほっぺた	8071
ほどける	8072
ほどほど	8073
ぼろぼろ	8074
みそ	8075
みっともない	8076
むかつく	8077
むける	8078
めざす	8079
やっかい	8080
ゆずる	8081
よほど	8082
わが家	8083
わんぱく	8084
アマチュア	8085
イースター	8086
エイミー	8087
エミ	8088
エース	8089
オムレツ	8090
オリジナル	8091
オーロラ	8092
カタカナ	8093
カナリア	8094
カビ	8095
カフェテリア	8096
カントリー	8097
キャンディ	8098
キリン	8099
キレる	8100
キレイ	8101
クリスチャン	8102
クローバー	8103
グレー	8104
ケイコ	8105
コマーシャル	8106
コミュニティ	8107
コーン	8108
サイレン	8109
シェア	8110
シマウマ	8111
シルク	8112
シンボル	8113
ジェフ	8114
スコア	8115
スペック	8116
スポーツマン	8117
セクシー	8118
セントラル	8119
セールス	8120
ゼリー	8121
ソクラテス	8122
タイピスト	8123
タイマー	8124
タグ	8125
チビ	8126
チャック	8127
テロリスト	8128
トウモロコシ	8129
ドリンク	8130
ニュアンス	8131
ニーズ	8132
ハリウッド	8133
バイオリニスト	8134
バッハ	8135
バレエ	8136
パー	8137
パーマ	8138
ビスケット	8139
ビッグ	8140
ビニール	8141
ファー	8142
フラフラ	8143
ブランデー	8144
ブロッコリー	8145
プレー	8146
ベビーカー	8147
ベートーベン	8148
ペルー	8149
ボード	8150
ポップス	8151
マンガ	8152
マーケティング	8153
ミステリー	8154
メアド	8155
メリット	8156
ユミ	8157
ユリ	8158
ラベル	8159
リオ	8160
リー	8161
リード	8162
ルーサー	8163
レギュラー	8164
ロジバン	8165
ロス	8166
ロード	8167
ローラー	8168
ワックス	8169
一応	8170
一息	8171
一撃	8172
一筋	8173
一身	8174
一郎	8175
七夕	8176
万物	8177
上位	8178
上陸	8179
下落	8180
下駄	8181
不定	8182
両側	8183
並	8184
中年	8185
中立	8186
中絶	8187
乾かす	8188
亀	8189
亡し	8190
交響	8191
人材	8192
付	8193
付け	8194
代用	8195
企む	8196
休校	8197
休業	8198
伝記	8199
住み心地	8200
住人	8201
体格	8202
作り話	8203
偽善	8204
儲かる	8205
入れ	8206
全盛	8207
全額	8208
八百屋	8209
兵庫	8210
冬休み	8211
出入り	8212
出荷	8213
分割	8214
分担	8215
分裂	8216
初耳	8217
到来	8218
制定	8219
前払い	8220
労力	8221
勉学	8222
務め	8223
勧め	8224
十中	8225
半袖	8226
卑怯	8227
卒倒	8228
単刀	8229
博多	8230
占領	8231
原住	8232
原油	8233
参列	8234
口語	8235
古今	8236
召使い	8237
台詞	8238
合わす	8239
合間	8240
吉田	8241
名刺	8242
味覚	8243
咳払い	8244
善意	8245
善行	8246
喜劇	8247
回収	8248
回数	8249
固体	8250
国外	8251
執る	8252
基盤	8253
報ずる	8254
塩分	8255
境界	8256
墓地	8257
大地	8258
大晦日	8259
大物	8260
失踪	8261
奇数	8262
奨励	8263
好調	8264
妬む	8265
婚	8266
字引	8267
孫娘	8268
家畜	8269
審査	8270
対話	8271
射殺	8272
尊い	8273
小児	8274
小沢	8275
小脇	8276
小言	8277
峰	8278
巨人	8279
帯びる	8280
幅広い	8281
平方	8282
年賀	8283
幸	8284
広める	8285
店内	8286
延々	8287
弱虫	8288
張り	8289
強める	8290
強要	8291
当番	8292
彫る	8293
役員	8294
後部	8295
微	8296
徳	8297
心底	8298
心身	8299
忠誠	8300
恒星	8301
悔しい	8302
情	8303
意向	8304
意欲	8305
愛用	8306
慢性	8307
我我	8308
戦術	8309
手先	8310
投獄	8311
抗生	8312
抜け目	8313
披露	8314
指図	8315
捻挫	8316
採点	8317
探索	8318
推進	8319
揉む	8320
描ける	8321
揚げる	8322
揚げ物	8323
換算	8324
摂取	8325
摩擦	8326
撤廃	8327
撮れる	8328
改良	8329
救援	8330
救済	8331
敗れる	8332
散らかす	8333
敬遠	8334
数値	8335
数千	8336
新刊	8337
新薬	8338
日程	8339
日課	8340
日陰	8341
旧姓	8342
旬	8343
明け方	8344
星座	8345
星空	8346
晒す	8347
晩年	8348
暴走	8349
書き	8350
書道	8351
月面	8352
有頂天	8353
服役	8354
木村	8355
未亡人	8356
未婚	8357
未知	8358
本に	8359
本校	8360
松山	8361
果たして	8362
架空	8363
染まる	8364
染み	8365
校庭	8366
業者	8367
構える	8368
構内	8369
樫	8370
欄	8371
欺く	8372
歯茎	8373
歴	8374
残忍	8375
段々	8376
毎回	8377
気圧	8378
決着	8379
沈没	8380
河	8381
泣き	8382
泥酔	8383
洗い物	8384
洗面	8385
洞察	8386
活力	8387
浴びせる	8388
浴槽	8389
海抜	8390
浸す	8391
消せる	8392
温まる	8393
満タン	8394
溜まる	8395
漬け	8396
潰す	8397
焦がれる	8398
焼きたて	8399
熟考	8400
熟語	8401
熱する	8402
牧草	8403
物語る	8404
狂	8405
狸	8406
現われる	8407
琵琶湖	8408
生きがい	8409
生やす	8410
生れる	8411
田園	8412
異論	8413
病弱	8414
痕跡	8415
痛感	8416
療養	8417
発散	8418
発送	8419
白鳥	8420
盛大	8421
直入	8422
省略	8423
石けん	8424
禁物	8425
秋田	8426
移転	8427
税制	8428
究極	8429
窓側	8430
立ち	8431
立証	8432
笑い者	8433
籠	8434
素手	8435
終始	8436
終止	8437
終点	8438
終結	8439
給う	8440
給与	8441
総計	8442
総額	8443
緩い	8444
縮む	8445
織る	8446
羊毛	8447
美的	8448
群がる	8449
翌年	8450
老い	8451
耳元	8452
肘	8453
肥える	8454
肺炎	8455
背広	8456
能	8457
脅し	8458
脇腹	8459
腕組み	8460
腹ペコ	8461
自活	8462
自販	8463
至る所	8464
船酔い	8465
良家	8466
良書	8467
色彩	8468
花束	8469
花見	8470
芸能	8471
苦悩	8472
茂る	8473
菜園	8474
華やか	8475
落ち葉	8476
落っこちる	8477
落石	8478
著しい	8479
蓮	8480
薄着	8481
薬物	8482
虚しい	8483
蝋燭	8484
行かす	8485
街中	8486
街路	8487
衛生	8488
装飾	8489
裏切り	8490
見合い	8491
見頃	8492
規定	8493
親子	8494
言い争い	8495
言ふ	8496
訪れ	8497
証書	8498
評する	8499
話し	8500
話し言葉	8501
話者	8502
請ける	8503
諸島	8504
講師	8505
財	8506
貨物	8507
買い手	8508
賠償	8509
足し算	8510
足取り	8511
転校	8512
転覆	8513
辞表	8514
辞退	8515
近々	8516
退治	8517
途切れる	8518
遺書	8519
重力	8520
重宝	8521
野外	8522
野望	8523
野鳥	8524
量る	8525
金もうけ	8526
鉄砲	8527
長引く	8528
門限	8529
閉ざす	8530
閉会	8531
開演	8532
間接	8533
関西	8534
陳列	8535
陸地	8536
隊長	8537
隔離	8538
隙	8539
隠せる	8540
集	8541
雑音	8542
零下	8543
雷雨	8544
電動	8545
露	8546
靴ひも	8547
顔立ち	8548
願える	8549
風俗	8550
風呂場	8551
風味	8552
飼い主	8553
餌食	8554
香	8555
高所	8556
高等	8557
高給	8558
鳥かご	8559
麓	8560
黒字	8561
3,000	8562
30万	8563
500万	8564
あごひげ	8565
あしらう	8566
あっけない	8567
いかだ	8568
いだく	8569
いちご	8570
いっそ	8571
いまいち	8572
うがい	8573
うしろ	8574
うたた寝	8575
うっすら	8576
うとうと	8577
うろたえる	8578
おかえり	8579
おかず	8580
おくれる	8581
おそれ	8582
おとす	8583
おもえる	8584
お供	8585
かかと	8586
かげ	8587
かじかむ	8588
かつぐ	8589
かどで	8590
かぶれる	8591
かりる	8592
かわす	8593
がま	8594
きのこ	8595
きびしい	8596
きもの	8597
く	8598
くぎ	8599
くそ	8600
ぐっ	8601
こがれる	8602
こんど	8603
ごろごろ	8604
さくら	8605
さける	8606
しく	8607
しつけ	8608
しのぎ	8609
じゃま	8610
すう	8611
すくめる	8612
すんごい	8613
そうじ	8614
そそぐ	8615
そり	8616
そわそわ	8617
たくる	8618
だらだら	8619
だるい	8620
ちぎる	8621
っから	8622
っぽっち	8623
つかめる	8624
つのる	8625
つめ	8626
とがる	8627
とっとと	8628
とてつ	8629
とばす	8630
ともなう	8631
とりこ	8632
なく	8633
なぐる	8634
なでなで	8635
なめらか	8636
ぬく	8637
のす	8638
はなす	8639
はらはら	8640
はれる	8641
ひっくり返る	8642
ひねる	8643
ひろう	8644
ふくらむ	8645
へま	8646
ほうれん草	8647
ほとほと	8648
ぼける	8649
ぼーっと	8650
まにあう	8651
むなしい	8652
もつれる	8653
もどす	8654
もれる	8655
ゃ	8656
やり手	8657
ゆとり	8658
よそ者	8659
よろこぶ	8660
わすれる	8661
わずらう	8662
アイスランド	8663
アシスタント	8664
アトランタ	8665
アトリエ	8666
アプローチ	8667
アルファ	8668
アンソニー	8669
アーティスト	8670
アーモンド	8671
イヤリング	8672
ウォーター	8673
エッチ	8674
エンド	8675
オススメ	8676
オフ	8677
カキ	8678
カタツムリ	8679
カチカチ	8680
カメ	8681
ガキ	8682
ガラガラ	8683
キミ	8684
ギャング	8685
ギリシア	8686
クジラ	8687
クタクタ	8688
グレープフルーツ	8689
ケネディ	8690
ココア	8691
コンクール	8692
コンマ	8693
ゴールデン	8694
サックス	8695
サミー	8696
サメ	8697
サラ	8698
シモン	8699
シャイ	8700
シャッター	8701
シャンパン	8702
ジリ	8703
ストッキング	8704
ストーリー	8705
スルー	8706
ズル休み	8707
セメント	8708
セーフ	8709
ソックス	8710
タコ	8711
タレント	8712
タンク	8713
タンス	8714
ダイビング	8715
ダチョウ	8716
チャイム	8717
ツリー	8718
テクノロジー	8719
ディール	8720
デビッド	8721
デブる	8722
トリック	8723
トースター	8724
ナイト	8725
ナンパ	8726
ニコニコ	8727
ネーム	8728
ハチ	8729
ハッピー	8730
ハラハラ	8731
ハンター	8732
バタバタ	8733
バタン	8734
バブル	8735
パブ	8736
パーカー	8737
パートナー	8738
ヒリヒリ	8739
ピアス	8740
ピッタリ	8741
ピンポン	8742
フライ	8743
ブーム	8744
プライベート	8745
ヘッドホン	8746
ベイカー	8747
ベティー	8748
ベーグル	8749
ペリー	8750
ペンギン	8751
ペンス	8752
ホットケーキ	8753
ボーリング	8754
ポーチ	8755
マイペース	8756
マイホーム	8757
マシン	8758
マッサージ	8759
マヨネーズ	8760
ミスる	8761
ミツバチ	8762
ミラノ	8763
ミルトン	8764
ムズ	8765
ムダ	8766
メモリ	8767
モンゴル	8768
ユニフォーム	8769
ユニーク	8770
ラップ	8771
リック	8772
レシピ	8773
レッド	8774
ロウソク	8775
ログイン	8776
ロール	8777
一人っ子	8778
万端	8779
下痢	8780
不可	8781
不可解	8782
不吉	8783
不服	8784
世帯	8785
主催	8786
二三	8787
亡命	8788
人びと	8789
人事	8790
人里	8791
仇	8792
今夕	8793
他国	8794
他界	8795
代数	8796
仮病	8797
会費	8798
保持	8799
保育	8800
信濃川	8801
修復	8802
俳句	8803
倉庫	8804
借用	8805
値下げ	8806
倫理	8807
偶数	8808
償う	8809
優勢	8810
先ほど	8811
免疫	8812
入用	8813
入社	8814
入賞	8815
全般	8816
再建	8817
写し	8818
刃	8819
切に	8820
切り	8821
刑罰	8822
制する	8823
制裁	8824
前例	8825
前半	8826
前触れ	8827
剥く	8828
創作	8829
力持ち	8830
功績	8831
勇者	8832
募る	8833
化する	8834
千里	8835
協調	8836
危篤	8837
原本	8838
反発	8839
反論	8840
反面	8841
取得	8842
取扱	8843
受け	8844
口ぶり	8845
口元	8846
口外	8847
古く	8848
叫び	8849
合唱	8850
名人	8851
問い合わせ	8852
喘息	8853
喪失	8854
囚	8855
四六	8856
四十	8857
回想	8858
図々しい	8859
国産	8860
地価	8861
坊	8862
埠頭	8863
執行	8864
基地	8865
堅苦しい	8866
堤防	8867
報いる	8868
塞ぐ	8869
境	8870
墓参り	8871
売買	8872
変る	8873
外車	8874
夜更け	8875
大差	8876
大当たり	8877
大英	8878
大袈裟	8879
大西	8880
大通り	8881
天下	8882
天体	8883
太鼓	8884
奏者	8885
奔放	8886
奮う	8887
好し	8888
好ましい	8889
好天	8890
妨げ	8891
妨害	8892
字幕	8893
学部	8894
安売り	8895
安静	8896
定住	8897
実数	8898
実演	8899
客観	8900
容易い	8901
容貌	8902
容赦	8903
寛容	8904
寝言	8905
小柄	8906
就ける	8907
崇高	8908
市販	8909
平野	8910
年月日	8911
年長	8912
広	8913
度々	8914
廃墟	8915
引き	8916
引き分け	8917
弱まる	8918
強奪	8919
強引	8920
強硬	8921
彫像	8922
彼方	8923
往々	8924
後ずさり	8925
後世	8926
後援	8927
従兄弟	8928
復帰	8929
快楽	8930
怖れる	8931
性的	8932
悪友	8933
悪臭	8934
悪運	8935
情けない	8936
想う	8937
愛読	8938
慌ただしい	8939
懐っこい	8940
戦場	8941
戸惑う	8942
手書き	8943
手触り	8944
打てる	8945
技能	8946
押し入れ	8947
拳	8948
挫折	8949
掃く	8950
授与	8951
損傷	8952
支障	8953
放出	8954
放火	8955
故人	8956
散会	8957
敷地	8958
文脈	8959
斎藤	8960
新潟	8961
方形	8962
於く	8963
日増し	8964
早期	8965
春樹	8966
昨	8967
昼夜	8968
昼飯	8969
晩ごはん	8970
晴雨	8971
暖まる	8972
暗号	8973
暴君	8974
書留	8975
月食	8976
有数	8977
有給	8978
有難う	8979
朗報	8980
木立	8981
未払い	8982
束ねる	8983
条項	8984
東大	8985
東部	8986
栄える	8987
核心	8988
根源	8989
格差	8990
棟	8991
楽々	8992
欠かす	8993
次元	8994
欧米	8995
武道	8996
段ボール	8997
段落	8998
母乳	8999
民間	9000
気まずい	9001
気力	9002
気性	9003
気球	9004
水やり	9005
水族	9006
氷山	9007
求人	9008
求婚	9009
泡	9010
洞穴	9011
流通	9012
海面	9013
浸る	9014
深まる	9015
混ざる	9016
渇き	9017
満面	9018
滅びる	9019
滞納	9020
漱石	9021
澄ます	9022
濃厚	9023
灰皿	9024
炭酸	9025
無言	9026
焦がす	9027
熱湯	9028
爆撃	9029
爆睡	9030
爆笑	9031
爽やか	9032
片思い	9033
物思い	9034
物腰	9035
物騒	9036
特性	9037
猟師	9038
獣	9039
王室	9040
現像	9041
理髪	9042
生き写し	9043
生け花	9044
生姜	9045
生死	9046
病む	9047
病状	9048
発育	9049
目上	9050
直	9051
眉	9052
真っ先	9053
睨む	9054
知覚	9055
短所	9056
砕く	9057
砦	9058
破棄	9059
確率	9060
磨き	9061
社内	9062
禁	9063
移植	9064
空き缶	9065
竜	9066
笑える	9067
筆跡	9068
箱根	9069
篠山	9070
粗い	9071
粗野	9072
糖分	9073
紀元	9074
紛れる	9075
終身	9076
絞める	9077
給ふ	9078
絶品	9079
綱	9080
綴る	9081
線路	9082
縁起	9083
繁華	9084
罪人	9085
置ける	9086
美女	9087
老いる	9088
考察	9089
考案	9090
耕す	9091
聖堂	9092
聞かせる	9093
肌寒い	9094
胃袋	9095
脚本	9096
脱税	9097
腹痛	9098
膨大	9099
自暴	9100
自棄	9101
舐める	9102
色づく	9103
色違い	9104
芋	9105
芽生える	9106
若干	9107
草花	9108
葉巻	9109
虚偽	9110
蝙蝠	9111
融資	9112
血管	9113
衰弱	9114
補償	9115
裸足	9116
西欧	9117
言行	9118
記	9119
訳せる	9120
誇る	9121
認定	9122
誘い	9123
課税	9124
調べ	9125
調達	9126
請う	9127
論点	9128
譲り	9129
豊作	9130
貯える	9131
貰える	9132
貴	9133
買い	9134
買物	9135
賜る	9136
賜物	9137
赤々	9138
赤面	9139
赦す	9140
起訴	9141
身震い	9142
近視	9143
迷路	9144
退社	9145
逆境	9146
通例	9147
速やか	9148
連れ	9149
遅延	9150
道化	9151
達者	9152
遣わす	9153
酢	9154
重税	9155
野党	9156
金星	9157
金欠	9158
鉛	9159
鉢	9160
錠剤	9161
長女	9162
長続き	9163
長靴	9164
開放	9165
開花	9166
開設	9167
陸上	9168
集計	9169
雨季	9170
電波	9171
露骨	9172
非凡	9173
面影	9174
革新	9175
鞘	9176
頑丈	9177
領域	9178
頼れる	9179
題名	9180
飲ます	9181
骨折り	9182
骨折る	9183
高慢	9184
高橋	9185
高貴	9186
黄金	9187
鼻血	9188
1番	9189
200万	9190
あい	9191
あかす	9192
あからさま	9193
あきあき	9194
あそぶ	9195
いかれる	9196
いがむ	9197
いまさら	9198
いやしい	9199
うざい	9200
うずうず	9201
うようよ	9202
うわべ	9203
えこ	9204
おえる	9205
おなら	9206
おねしょ	9207
おや	9208
おれる	9209
お喋り	9210
お年玉	9211
お手上げ	9212
かざす	9213
かしこ	9214
かたい	9215
かっか	9216
かぼちゃ	9217
かまえる	9218
かれこれ	9219
かれる	9220
かわるがわる	9221
か国	9222
がつがつ	9223
がましい	9224
きそう	9225
きまり	9226
くどくど	9227
くるくる	9228
ぐらぐら	9229
ぐるっ	9230
げんか	9231
こえる	9232
こぢんまり	9233
このかた	9234
ころぶ	9235
ごう	9236
ごま	9237
さえる	9238
さげる	9239
さしあたり	9240
さぞ	9241
さぞかし	9242
さばく	9243
さまよう	9244
さらさら	9245
さらば	9246
ざらざら	9247
しおれる	9248
しかめる	9249
しかり	9250
した	9251
しつける	9252
しとやか	9253
しのぐ	9254
しのぶ	9255
じゃんけん	9256
すがる	9257
すね	9258
ずるずる	9259
せく	9260
そこそこ	9261
そそる	9262
そっけない	9263
そむける	9264
たくましい	9265
たわむ	9266
だぁ	9267
つねる	9268
づけ	9269
づつ	9270
てめえ	9271
とうてい	9272
とくに	9273
とどめる	9274
とりどり	9275
とんだ	9276
どんより	9277
なべ	9278
にじむ	9279
にんじん	9280
ぬかるむ	9281
ぬぐう	9282
ねじ	9283
ねだり	9284
のり	9285
はあ	9286
はしっぽ	9287
はしゃぐ	9288
はたして	9289
はっと	9290
ばかばかしい	9291
ばらす	9292
ひき肉	9293
ひしぐ	9294
ひたすら	9295
ひとまず	9296
ひとりひとり	9297
ひとりぼっち	9298
ひまわり	9299
びりびり	9300
ぴん	9301
ふだん	9302
ふむ	9303
へた	9304
ほおばる	9305
ほてる	9306
ほどく	9307
ほのか	9308
ほんま	9309
ぼれ	9310
またがる	9311
まとまる	9312
まゆ	9313
まるっきり	9314
みかん	9315
みがく	9316
みごと	9317
みどり	9318
めく	9319
めげる	9320
めでたい	9321
もち	9322
ものごと	9323
やう	9324
やましい	9325
ゆるい	9326
よぎる	9327
よくよく	9328
よじる	9329
よそう	9330
よそよそしい	9331
よだつ	9332
よっ	9333
る	9334
ゝ	9335
アキラ	9336
アクセサリー	9337
アドプト	9338
アボカド	9339
アルジェ	9340
アンナ	9341
イタリアン	9342
インパクト	9343
インフラ	9344
イースト	9345
ウィルソン	9346
ウィンドウ	9347
ウェンディ	9348
ウソ	9349
エッフェル	9350
エドワード	9351
オーダー	9352
カイロ	9353
カクテル	9354
カプセル	9355
カボチャ	9356
カ所	9357
ガチョウ	9358
ガラクタ	9359
ガリレオ	9360
キャラクター	9361
キャラメル	9362
キリ	9363
キロメートル	9364
キーキー	9365
クミ	9366
クリケット	9367
クロアチア	9368
クロス	9369
ググる	9370
ケイ	9371
コウモリ	9372
コツコツ	9373
コンドーム	9374
コーパス	9375
サウンド	9376
サンドラ	9377
サーモン	9378
シミ	9379
シャベル	9380
シーフード	9381
ジェリー	9382
ジャパン	9383
ジュディー	9384
スカンク	9385
ストレート	9386
スフィンクス	9387
スペアキー	9388
スムーズ	9389
スライス	9390
スラスラ	9391
スリム	9392
セミナー	9393
ソビエト	9394
ソフトウエア	9395
ソーダ	9396
タイタニック	9397
タイトル	9398
タトゥー	9399
ダサい	9400
チェーン	9401
チラッ	9402
ッ	9403
ティ	9404
テンション	9405
デスク	9406
データベース	9407
デーツ	9408
トライ	9409
トラクター	9410
トロフィー	9411
ドキュメント	9412
ドライ	9413
ドライヤー	9414
ドラッグストア	9415
ドン	9416
ドングリ	9417
ナイル	9418
ニャー	9419
ノルウェー	9420
ハイジャック	9421
ハイチ	9422
ハチミツ	9423
ハリケーン	9424
ハンガー	9425
パチンコ	9426
パット	9427
ヒゲ	9428
ヒトラー	9429
ヒル	9430
ヒロイン	9431
ビビる	9432
ピリオド	9433
ピンチ	9434
ピーマン	9435
フィレンツェ	9436
フォルダ	9437
フォント	9438
フクロウ	9439
フレンド	9440
フレーズ	9441
ブック	9442
ブローチ	9443
プレゼン	9444
ヘア	9445
ヘアスタイル	9446
ベテラン	9447
ベニス	9448
ペコペコ	9449
ペットボトル	9450
ペルシャ	9451
ボケ	9452
ボーイング	9453
ポーター	9454
マイアミ	9455
マクドナルド	9456
マドンナ	9457
マルコ	9458
マーテイン	9459
ミシン	9460
ムカムカ	9461
メイ	9462
メタル	9463
モダン	9464
ライオンズ	9465
ルイ	9466
ルックス	9467
レモネード	9468
レンタル	9469
ロッカー	9470
ロバ	9471
ワーク	9472
ヴァイオリン	9473
一掃	9474
一族	9475
一筆	9476
丁重	9477
万能	9478
三昧	9479
上の空	9480
下位	9481
下流	9482
下車	9483
不向き	9484
不審	9485
不滅	9486
中流	9487
丸める	9488
主任	9489
主語	9490
二股	9491
交流	9492
京子	9493
人差し	9494
人殺し	9495
人目	9496
今し方	9497
今どき	9498
今本	9499
介入	9500
仕業	9501
代える	9502
代償	9503
休止	9504
体内	9505
侍	9506
価	9507
保有	9508
修飾	9509
倒壊	9510
偉業	9511
停まる	9512
催眠	9513
償い	9514
優柔	9515
元カノ	9516
元素	9517
兆し	9518
先方	9519
党員	9520
全快	9521
八苦	9522
内密	9523
内科	9524
再三	9525
再現	9526
出たて	9527
出れる	9528
出力	9529
出頭	9530
分子	9531
分断	9532
切り傷	9533
別物	9534
利子	9535
前列	9536
前提	9537
剥がれる	9538
剥奪	9539
割り	9540
力学	9541
力説	9542
加工	9543
包囲	9544
北方	9545
千葉	9546
南北	9547
南向き	9548
即死	9549
原作	9550
原料	9551
原発	9552
双生	9553
収束	9554
収賄	9555
取り柄	9556
取り返し	9557
受動	9558
口ずさむ	9559
口内	9560
口説く	9561
口述	9562
口頭	9563
古びる	9564
古城	9565
古着	9566
句点	9567
史上	9568
各々	9569
各種	9570
合	9571
合流	9572
同感	9573
同窓	9574
名乗る	9575
名門	9576
向う	9577
君臨	9578
呟く	9579
味見	9580
呼べる	9581
唾	9582
嘲笑	9583
囁く	9584
四苦	9585
回路	9586
回顧	9587
団地	9588
圧迫	9589
在学	9590
地雷	9591
堕落	9592
増進	9593
夕刊	9594
多	9595
多種	9596
大人しい	9597
大概	9598
天狗	9599
奥の手	9600
奮闘	9601
姪っ子	9602
威厳	9603
学長	9604
宅配	9605
守備	9606
定数	9607
実在	9608
宴	9609
宴会	9610
家主	9611
家柄	9612
家路	9613
容体	9614
容量	9615
寒波	9616
寝入り	9617
察し	9618
審美	9619
審議	9620
専心	9621
尋問	9622
小さじ	9623
小指	9624
小枝	9625
小腹	9626
尺度	9627
局面	9628
展	9629
山道	9630
島国	9631
工具	9632
左腕	9633
巧妙	9634
巨乳	9635
市街	9636
帰省	9637
干し草	9638
平手	9639
平然	9640
年輩	9641
幾何	9642
庁	9643
広間	9644
店舗	9645
庶民	9646
引け	9647
強固	9648
弾む	9649
当る	9650
形勢	9651
彼岸	9652
御座る	9653
心地	9654
心境	9655
応接	9656
快晴	9657
思ふ	9658
性別	9659
性欲	9660
恥ず	9661
恩義	9662
悪質	9663
悪霊	9664
情け	9665
愛せる	9666
愛人	9667
愛敬	9668
感受	9669
慕う	9670
憂うつ	9671
懐	9672
懲りる	9673
戦士	9674
戦時	9675
手のひら	9676
手の内	9677
手前	9678
手頃	9679
手首	9680
技	9681
折り合い	9682
折角	9683
抜かす	9684
抜本	9685
拷問	9686
持ち帰り	9687
指先	9688
指標	9689
捕獲	9690
掌握	9691
推す	9692
揺れ	9693
搾る	9694
散らばる	9695
数十	9696
文庫	9697
方位	9698
方面	9699
施行	9700
旅立つ	9701
日なた	9702
日夜	9703
日照り	9704
日米	9705
旨	9706
早まる	9707
明く	9708
明瞭	9709
時分	9710
時点	9711
暇潰し	9712
暮す	9713
書き込み	9714
最短	9715
有料	9716
有難い	9717
朝鮮	9718
本性	9719
束	9720
来店	9721
果汁	9722
枠	9723
染みる	9724
格別	9725
案の定	9726
案外	9727
槍	9728
標的	9729
模範	9730
欠如	9731
欠航	9732
正々	9733
正門	9734
歩き	9735
歯並び	9736
歳月	9737
死因	9738
残り物	9739
母さま	9740
母様	9741
毛糸	9742
気合	9743
水ぶくれ	9744
水泡	9745
水牛	9746
水質	9747
永い	9748
永続	9749
沸かす	9750
活	9751
流出	9752
流動	9753
海軍	9754
消火	9755
淑女	9756
混じる	9757
温室	9758
測定	9759
滅亡	9760
漁夫	9761
漁船	9762
漢	9763
激痛	9764
激突	9765
灯台	9766
灯油	9767
無効	9768
無害	9769
無益	9770
無線	9771
無縁	9772
焼き立て	9773
焼肉	9774
熟睡	9775
父様	9776
爽快	9777
物乞い	9778
物忘れ	9779
特急	9780
特質	9781
狂人	9782
独りぼっち	9783
独り占め	9784
獲る	9785
班	9786
理事	9787
瓜二つ	9788
甘党	9789
生ける	9790
生け捕り	9791
生来	9792
生粋	9793
産科	9794
田んぼ	9795
異性	9796
病床	9797
白紙	9798
皇太子	9799
盗人	9800
盗賊	9801
目つき	9802
目玉	9803
目線	9804
直射	9805
相応しい	9806
着替え	9807
知力	9808
短縮	9809
破く	9810
碁	9811
確固	9812
磁力	9813
神田	9814
神道	9815
私事	9816
科する	9817
程遠い	9818
稼げる	9819
空路	9820
突如	9821
窮する	9822
立ち入り	9823
端的	9824
筆記	9825
等分	9826
簡素	9827
粉末	9828
紙切れ	9829
細部	9830
結晶	9831
総合	9832
緒	9833
緩やか	9834
縦列	9835
繁盛	9836
繋ぐ	9837
耐久	9838
聞かす	9839
聞き	9840
肥沃	9841
肥満	9842
肺ガン	9843
胡椒	9844
腕利き	9845
腰痛	9846
腹立つ	9847
膨張	9848
臨む	9849
自画	9850
自賛	9851
色合い	9852
苛立つ	9853
英訳	9854
葬儀	9855
蒔く	9856
薬剤	9857
蛍	9858
行き先	9859
行く手	9860
行なう	9861
行ふ	9862
裏側	9863
補助	9864
褒美	9865
西側	9866
見いだす	9867
見付かる	9868
見付ける	9869
見出し	9870
規律	9871
視界	9872
解読	9873
語順	9874
誠意	9875
誤字	9876
誤植	9877
読み	9878
読み物	9879
課程	9880
論外	9881
論評	9882
講ずる	9883
識別	9884
貝	9885
貪欲	9886
責め	9887
貴殿	9888
走行	9889
越し	9890
足早	9891
路地	9892
身の上	9893
身の毛	9894
車両	9895
軍備	9896
転げる	9897
輝き	9898
辞	9899
農薬	9900
近づき	9901
近隣	9902
退ける	9903
逃避	9904
逆立ち	9905
透明	9906
這う	9907
通りすがり	9908
速記	9909
進出	9910
過大	9911
遠のく	9912
遠吠え	9913
避妊	9914
邪悪	9915
部員	9916
部数	9917
酒飲み	9918
釈迦	9919
金のこ	9920
釣れる	9921
錆びる	9922
録画	9923
鎌倉	9924
鎖	9925
長方	9926
長身	9927
開き	9928
阻む	9929
陣地	9930
障壁	9931
隣国	9932
隻	9933
雑談	9934
難点	9935
雲間	9936
静める	9937
面倒くさい	9938
面食らう	9939
音声	9940
頂戴	9941
順位	9942
頑張れる	9943
願書	9944
願望	9945
顧問	9946
風変わり	9947
風鈴	9948
飛躍	9949
食材	9950
食用	9951
飼い猫	9952
馴染み	9953
骨組み	9954
骨身	9955
高官	9956
麺	9957
麻酔	9958
黒猫	9959
黒雲	9960
1.5	9961
20万	9962
3万	9963
あいかわらず	9964
あかり	9965
あずかる	9966
あつかましい	9967
あやす	9968
あやまる	9969
ありったけ	9970
あんま	9971
いかす	9972
いさかい	9973
いたむ	9974
いぬ	9975
いら	9976
うつむく	9977
うつ伏せ	9978
うぬぼれ	9979
ぇ	9980
おお	9981
おくれ	9982
おしえる	9983
おす	9984
おちいる	9985
おののく	9986
おびただしい	9987
おべっか	9988
おまわり	9989
おやじ	9990
おんぶ	9991
お疲れさま	9992
かあ	9993
かかす	9994
かぎる	9995
かすめる	9996
かなづち	9997
からむ	9998
がたがた	9999
がり	10000
きげん	10001
きっちり	10002
ぎ	10003
ぎめ	10004
くくる	10005
くぐる	10006
くず	10007
くずれる	10008
くそっ	10009
くだける	10010
くだもの	10011
くらう	10012
くらべる	10013
くらます	10014
ぐるり	10015
こく	10016
こける	10017
こころ	10018
こじる	10019
こだわり	10020
こってり	10021
ことがら	10022
ことし	10023
こぶ	10024
こまる	10025
こる	10026
こん	10027
ごたごた	10028
ごん	10029
ささやか	10030
さほど	10031
さらなる	10032
ざる	10033
しぐさ	10034
しぶしぶ	10035
しょっぱい	10036
しらべる	10037
じめじめ	10038
じゅうぶん	10039
すき焼き	10040
すくう	10041
すくない	10042
すこぶる	10043
すすむ	10044
すっぴん	10045
すっぽり	10046
すてる	10047
すばしっこい	10048
すべ	10049
すべすべ	10050
ずうずうしい	10051
ずくめ	10052
せびる	10053
そそっかしい	10054
そん	10055
ぞくぞく	10056
たか	10057
たくらむ	10058
たこ焼き	10059
たて	10060
たまう	10061
たら	10062
たりる	10063
たる	10064
だつ	10065
だぶだぶ	10066
っつう	10067
つぐむ	10068
つじつま	10069
つた	10070
つづる	10071
つぶやく	10072
つぼ	10073
つまみ	10074
つまみ食い	10075
つむ	10076
でこ	10077
とかす	10078
ときおり	10079
とことん	10080
とめど	10081
とやかく	10082
とろい	10083
どける	10084
どろぼう	10085
どん	10086
どん底	10087
ないし	10088
ながめる	10089
なつく	10090
なにもの	10091
なまける	10092
ならぶ	10093
にっちもさっちも	10094
にゃ	10095
ぬくもり	10096
ぬぐ	10097
のく	10098
はぐれる	10099
はげる	10100
はずかしい	10101
はたく	10102
はやり	10103
ばっちり	10104
ばむ	10105
ひい	10106
ひそひそ	10107
ひとかど	10108
ひととき	10109
ひな祭り	10110
ひらがな	10111
ひるむ	10112
ひろし	10113
びくびく	10114
ふえる	10115
ふろ	10116
へる	10117
ぺこぺこ	10118
ほこる	10119
ほほ	10120
ほん	10121
まぎれる	10122
まごつく	10123
まっぴら	10124
まめ	10125
まるまる	10126
まー	10127
むかし	10128
めっきり	10129
めでたし	10130
もがく	10131
もぐ	10132
もぐる	10133
もむ	10134
もろい	10135
やかん	10136
やめ	10137
やりとり	10138
ゆがめる	10139
わび	10140
わら	10141
んー	10142
アテネ	10143
アナウンス	10144
アフガニスタン	10145
アラスカ	10146
アレン	10147
アンタ	10148
アンティーク	10149
イマイチ	10150
イヤ	10151
インチキ	10152
ウィキペディア	10153
ウィリー	10154
ウェールズ	10155
ウキウキ	10156
エスカレーター	10157
エピソード	10158
エプロン	10159
エリート	10160
エルサレム	10161
エレベータ	10162
エール	10163
オス	10164
オプション	10165
オルガン	10166
オーク	10167
オーディオ	10168
オート	10169
オートミール	10170
カウボーイ	10171
カラフル	10172
カリキュラム	10173
カルロス	10174
カート	10175
ガウン	10176
キャップ	10177
キャンデー	10178
キャンパス	10179
キューバ	10180
キラキラ	10181
ギフト	10182
クラゲ	10183
クラリネット	10184
クリア	10185
クリントン	10186
クレーム	10187
クロスワード	10188
グレース	10189
ケベック	10190
ケート	10191
コックリ	10192
コレラ	10193
サボテン	10194
サラサラ	10195
サンダル	10196
ザクロ	10197
シカト	10198
シャトル	10199
シャトルバス	10200
シャーペン	10201
シンガー	10202
シンジ	10203
シーザー	10204
ジェニー	10205
ジェームス	10206
ジェームズ	10207
ジャン	10208
ジュニア	10209
ジュリア	10210
スカイプ	10211
スキューバ	10212
スクランブル	10213
スッキリ	10214
ステッキ	10215
ストア	10216
スパングリッシュ	10217
スポンサー	10218
スポンジ	10219
スリップ	10220
セクハラ	10221
セミ	10222
ソナタ	10223
ソニー	10224
タマネギ	10225
ターナー	10226
ターン	10227
ダウンタウン	10228
チベット	10229
チャーハン	10230
チャーリー	10231
チュー	10232
チラシ	10233
デイビッド	10234
デイブ	10235
デニス	10236
デブ	10237
トカゲ	10238
トマス	10239
トランペット	10240
ドガ	10241
ナンセンス	10242
ニクソン	10243
ネジ	10244
ネッシー	10245
ネパール	10246
ノウハウ	10247
ノルマ	10248
ハイカー	10249
ハゲる	10250
バクテリア	10251
バックパック	10252
バラバラ	10253
バレリーナ	10254
パッ	10255
パティ	10256
パニック	10257
パフォーマンス	10258
パワー	10259
ビキニ	10260
ファミリー	10261
フィリピン	10262
フグ	10263
フランクフルター	10264
ブランコ	10265
ブルース	10266
プレッシャー	10267
プロセス	10268
ヘアー	10269
ヘッド	10270
ヘビー	10271
ベストセラー	10272
ペダル	10273
ホスト	10274
ホームズ	10275
ボウリング	10276
ポッケ	10277
ポッター	10278
ポピュラー	10279
マグニチュード	10280
マケイン	10281
マジシャン	10282
マックス	10283
マネー	10284
マヤ	10285
マーガリン	10286
ミカン	10287
ミネラル	10288
ムカつく	10289
メンヘラ	10290
メーキング	10291
モーニング	10292
ラウンド	10293
ラスト	10294
ラブ	10295
ランニング	10296
リアル	10297
リクエスト	10298
リング	10299
リーダーシップ	10300
ロジャー	10301
ロマンティック	10302
ローラ	10303
ワシ	10304
一人前	10305
一介	10306
一刻	10307
一卵性	10308
一大	10309
一帯	10310
一旦	10311
一覧	10312
一通り	10313
一雨	10314
万全	10315
万引き	10316
三百	10317
三角	10318
上がり	10319
上がれる	10320
上り	10321
上記	10322
下手くそ	10323
下院	10324
不和	10325
不要	10326
並木	10327
中傷	10328
中庭	10329
中継	10330
主たる	10331
乗り継ぎ	10332
乙	10333
乙女	10334
九死	10335
乱雑	10336
事故る	10337
事足りる	10338
二流	10339
互角	10340
五千	10341
五感	10342
五百	10343
交番	10344
亨	10345
人ごと	10346
人員	10347
人相	10348
今さら	10349
仕切る	10350
他者	10351
付属	10352
代り	10353
仲たがい	10354
任す	10355
会期	10356
伸び	10357
何もの	10358
何分	10359
使者	10360
例える	10361
依存症	10362
便る	10363
便宜	10364
信者	10365
借りれる	10366
偽る	10367
傍	10368
備わる	10369
僅か	10370
優美	10371
元カレ	10372
元妻	10373
先見	10374
入口	10375
全集	10376
公然	10377
其の	10378
内政	10379
円周	10380
処女	10381
出帆	10382
出来高	10383
出火	10384
分布	10385
判	10386
前向き	10387
剥ぐ	10388
割と	10389
劇的	10390
力強い	10391
加速	10392
劣化	10393
助	10394
効き目	10395
動向	10396
勘	10397
勝	10398
北風	10399
匿名	10400
十四	10401
半球	10402
即答	10403
卿	10404
原爆	10405
原理	10406
取り決め	10407
受け取り	10408
受諾	10409
口振り	10410
口添え	10411
古来	10412
只	10413
右目	10414
司法	10415
各国	10416
各駅	10417
合コン	10418
同義	10419
同調	10420
名医	10421
吐息	10422
吾輩	10423
告げ口	10424
呼称	10425
命名	10426
哀しい	10427
哀れみ	10428
品行	10429
商社	10430
喜ばしい	10431
四つ葉	10432
回りくどい	10433
因果	10434
困窮	10435
固ゆで	10436
国債	10437
国務	10438
国土	10439
国貞	10440
圧勝	10441
在住	10442
地名	10443
地形	10444
垂直	10445
執筆	10446
塗り	10447
塗装	10448
壮大	10449
売店	10450
変態	10451
夕暮れ	10452
外部	10453
多年	10454
多発	10455
夢想	10456
大儲け	10457
大尉	10458
大昔	10459
大洋	10460
大海	10461
大男	10462
天の川	10463
太刀打ち	10464
失格	10465
女中	10466
委ねる	10467
媒体	10468
嫌悪	10469
嫌気	10470
子守	10471
学説	10472
定休	10473
定理	10474
定番	10475
宜しく	10476
実例	10477
実話	10478
客室	10479
宣戦	10480
家政	10481
家業	10482
家系	10483
寄与	10484
密度	10485
密集	10486
富豪	10487
寝台	10488
寝床	10489
寸法	10490
対決	10491
尊厳	10492
小売	10493
小娘	10494
少量	10495
屈服	10496
屋内	10497
屋外	10498
履修	10499
山分け	10500
山本	10501
岬	10502
峠	10503
州都	10504
巨額	10505
布告	10506
布地	10507
希少	10508
帰還	10509
帳簿	10510
常習	10511
平安	10512
平成	10513
年少	10514
幸せ者	10515
幹線	10516
幻滅	10517
幼なじみ	10518
幼少	10519
広々	10520
店主	10521
庭いじり	10522
庭師	10523
廃虚	10524
建立	10525
引ける	10526
弱々しい	10527
弱める	10528
強情	10529
強者	10530
彗星	10531
役場	10532
後日	10533
後生	10534
従える	10535
得手	10536
御子	10537
心変わり	10538
心当たり	10539
心遣い	10540
志	10541
応答	10542
念願	10543
思いつき	10544
急病	10545
急進	10546
急騰	10547
怯える	10548
恐慌	10549
恨む	10550
悪評	10551
慰め	10552
慶応	10553
憧れ	10554
成分	10555
成熟	10556
投下	10557
投入	10558
折	10559
抱っこ	10560
担ぐ	10561
拉致	10562
拝む	10563
拭う	10564
持ち逃げ	10565
持続	10566
振るう	10567
捉える	10568
捻る	10569
排尿	10570
排気	10571
探し物	10572
控除	10573
提唱	10574
提携	10575
揚げ足	10576
損する	10577
搭載	10578
撃ち合い	10579
撥ねる	10580
改宗	10581
攻める	10582
放映	10583
救命	10584
教え	10585
教材	10586
散々	10587
数人	10588
敷居	10589
文末	10590
断ずる	10591
断片	10592
新入り	10593
新税	10594
新種	10595
旅費	10596
日向ぼっこ	10597
日給	10598
早々	10599
早合点	10600
昇格	10601
明子	10602
春休み	10603
時給	10604
時限	10605
智子	10606
暖冬	10607
暗算	10608
暴発	10609
書き物	10610
最愛	10611
月々	10612
有り難う	10613
有毒	10614
朗らか	10615
未定	10616
未遂	10617
本分	10618
本土	10619
本番	10620
材	10621
材木	10622
来世	10623
果たせる	10624
果樹	10625
栗鼠	10626
校門	10627
格段	10628
棘	10629
検証	10630
極度	10631
楽園	10632
構文	10633
標高	10634
樹木	10635
樹齢	10636
機構	10637
欠乏	10638
欲張り	10639
正夫	10640
武力	10641
歯痛	10642
死去	10643
段取り	10644
毎度	10645
毛嫌い	10646
気掛かり	10647
気立て	10648
気違い	10649
水たまり	10650
氷柱	10651
氷河	10652
汚点	10653
河川	10654
油絵	10655
治せる	10656
治める	10657
泡立つ	10658
波長	10659
波風	10660
泣き声	10661
注	10662
活かす	10663
流	10664
流ちょう	10665
浮かす	10666
浴衣	10667
消し	10668
深める	10669
添削	10670
清める	10671
清算	10672
渡米	10673
湖畔	10674
溜める	10675
滑稽	10676
滴る	10677
漁師	10678
漬ける	10679
潜む	10680
濡らす	10681
瀕死	10682
火薬	10683
火遊び	10684
炎上	10685
無休	10686
焦げ臭い	10687
焼き肉	10688
煙たい	10689
照れる	10690
父ちゃん	10691
父母	10692
物知り	10693
特典	10694
特技	10695
狩る	10696
猛暑	10697
猟犬	10698
玄米	10699
率いる	10700
王冠	10701
王者	10702
現存	10703
理念	10704
生々しい	10705
生卵	10706
生気	10707
用法	10708
由	10709
甲	10710
男優	10711
疑い深い	10712
発信	10713
発祥	10714
登頂	10715
白書	10716
百姓	10717
皇居	10718
監禁	10719
盤	10720
真っすぐ	10721
真っ黒	10722
真似る	10723
破損	10724
確定	10725
礼状	10726
神殿	10727
神論	10728
税込み	10729
税関	10730
種目	10731
稲光	10732
空所	10733
突き当たり	10734
窮地	10735
立て	10736
立て続け	10737
立入	10738
筆舌	10739
簿	10740
糧	10741
紅	10742
納税	10743
紫外	10744
細か	10745
経る	10746
結び	10747
結合	10748
絞首	10749
給	10750
絨毯	10751
絶交	10752
続行	10753
総出	10754
緩める	10755
縄跳び	10756
繕う	10757
繰り返し	10758
耳鳴り	10759
聞える	10760
聞き覚え	10761
肉屋	10762
肩幅	10763
育児	10764
育成	10765
背く	10766
背骨	10767
能率	10768
脱毛	10769
脱水	10770
腐食	10771
腕立て	10772
腰かける	10773
臓器	10774
自得	10775
自業	10776
舞踏	10777
船旅	10778
良	10779
色白	10780
花びら	10781
苔	10782
苛々	10783
苛む	10784
若手	10785
茶色い	10786
茶道	10787
草木	10788
荒い	10789
荒廃	10790
荷車	10791
菜食	10792
落ち	10793
落ち度	10794
落葉	10795
蒸す	10796
薄切り	10797
薦め	10798
薬品	10799
藁	10800
虜	10801
蜜蜂	10802
衣料	10803
表彰	10804
裁縫	10805
西部	10806
見せかけ	10807
見栄	10808
見積	10809
視覚	10810
解明	10811
言葉使い	10812
言葉遣い	10813
計上	10814
許し	10815
証券	10816
読破	10817
調	10818
調印	10819
護衛	10820
貧血	10821
貴様	10822
賭け	10823
起因	10824
超過	10825
踊り子	10826
躍る	10827
躍起	10828
転送	10829
軽井沢	10830
辛うじて	10831
返り	10832
退出	10833
退役	10834
速球	10835
造り	10836
造作	10837
連立	10838
逸する	10839
過信	10840
過小	10841
道連れ	10842
達人	10843
遠	10844
遠ざかる	10845
遠し	10846
遮る	10847
遺体	10848
部署	10849
都庁	10850
配信	10851
配分	10852
配送	10853
酒類	10854
釈明	10855
重んずる	10856
重点	10857
野宿	10858
金槌	10859
金沢	10860
針金	10861
鈍感	10862
鈴	10863
鉱山	10864
錯覚	10865
鎮火	10866
鎮痛	10867
鑑定	10868
閉口	10869
間中	10870
関わり	10871
関東	10872
閣僚	10873
阪神	10874
防水	10875
除名	10876
陶器	10877
隔週	10878
際限	10879
集約	10880
雑用	10881
雛	10882
離れ	10883
難し	10884
雨漏り	10885
雲行き	10886
震わせる	10887
非行	10888
靴紐	10889
音感	10890
音色	10891
音質	10892
音速	10893
順序	10894
預言	10895
題	10896
顔面	10897
顧みる	10898
風通し	10899
飢え死に	10900
首席	10901
首輪	10902
馬鹿馬鹿しい	10903
駒	10904
騎士	10905
騒動	10906
高潔	10907
鮭	10908
鷹	10909
黒髪	10910
鼻歌	10911
10億	10912
300万	10913
あえる	10914
あお向け	10915
あきらか	10916
あさる	10917
あたりまえ	10918
あだ	10919
あつい	10920
あてがう	10921
あまる	10922
あらわれる	10923
いじくる	10924
いっさい	10925
いやす	10926
いらだつ	10927
うかべる	10928
うだる	10929
うなぎ	10930
うなる	10931
うみ	10932
うめき声	10933
うわぁ	10934
うわっ	10935
おう	10936
おおむね	10937
おたく	10938
おたまじゃくし	10939
おっと	10940
おっぱい	10941
おとな	10942
おなじ	10943
おふくろ	10944
おぼえ	10945
おぼつかない	10946
おろそか	10947
おーい	10948
かしこまる	10949
かたまり	10950
かっさい	10951
かね	10952
かねがね	10953
かばう	10954
かぶせる	10955
からから	10956
からがら	10957
からす	10958
がっくり	10959
がらがら	10960
きたす	10961
きつね	10962
きゅうり	10963
きょうだい	10964
きらめく	10965
きわどい	10966
ぎゅっ	10967
くしゃくしゃ	10968
くじ	10969
くじく	10970
くすくす	10971
くどい	10972
くまなく	10973
くもる	10974
くらむ	10975
くわす	10976
ぐい	10977
ぐちゃぐちゃ	10978
ぐらつく	10979
けがす	10980
けちん坊	10981
けっきょく	10982
けなす	10983
けん	10984
げっ	10985
こうたい	10986
こしょう	10987
こだま	10988
こちら側	10989
こっぴどい	10990
こつこつ	10991
こづかい	10992
ことごとく	10993
こまめ	10994
これる	10995
こんばんは	10996
ごった返す	10997
さい	10998
さする	10999
さみしい	11000
ざま	11001
しおり	11002
しかける	11003
しかめっ面	11004
しき	11005
したく	11006
しのげる	11007
しばる	11008
しびれ	11009
しゃく	11010
しょうゆ	11011
しわ	11012
じか	11013
じつ	11014
じゃくる	11015
じょうぶ	11016
すさまじい	11017
すし	11018
すっぽかす	11019
すれすれ	11020
ずきずき	11021
ずばぬける	11022
ずる休み	11023
ずる賢い	11024
ずれる	11025
ぜったい	11026
たけし	11027
ただす	11028
ためらい	11029
たゆむ	11030
たよる	11031
たんまり	11032
だいじょうぶ	11033
だだ	11034
だらし	11035
ちゅう	11036
ちょ	11037
ちょう	11038
ちんたら	11039
っす	11040
つかれる	11041
つけ	11042
つばめ	11043
つむる	11044
てっきり	11045
てひどい	11046
とうもろこし	11047
とぼける	11048
ともあれ	11049
とり	11050
どぎまぎ	11051
どたばた	11052
どんぐり	11053
どー	11054
なおる	11055
なじむ	11056
なじめる	11057
なだれる	11058
なっ	11059
ならべる	11060
なれなれしい	11061
なんぞ	11062
なんぢ	11063
なんに	11064
にげる	11065
にこやか	11066
ぬかるみ	11067
ねじる	11068
ねばねば	11069
のこぎり	11070
のどか	11071
のど飴	11072
のびる	11073
はぁ	11074
はじまる	11075
はた	11076
はたす	11077
はなれる	11078
はらう	11079
ひけらかす	11080
ひと泳ぎ	11081
ひと言	11082
ひな	11083
ひなた	11084
ひもじい	11085
ひらめき	11086
ひらめく	11087
ひ孫	11088
びしょびしょ	11089
ふらつく	11090
ぶち	11091
ぶんぶん	11092
へこむ	11093
べっぴん	11094
ほす	11095
ほったらかし	11096
ほやほや	11097
ぽい	11098
ぽつん	11099
まき	11100
まぜる	11101
またまた	11102
まとい	11103
まねる	11104
まんざら	11105
みじん	11106
みみっちい	11107
むしる	11108
むだ使い	11109
めいる	11110
めざましい	11111
めん	11112
もとづく	11113
もどかしい	11114
もめる	11115
やぶる	11116
やま	11117
やらす	11118
ゆるす	11119
よろめく	11120
らくだ	11121
らし	11122
わいろ	11123
わける	11124
わりと	11125
わる	11126
アイオワ	11127
アキレス	11128
アスリート	11129
アナ	11130
アポ	11131
アムステルダム	11132
アルバート	11133
アルフレッド	11134
アレンジ	11135
アンテナ	11136
アンディ	11137
アンドロメダ	11138
アーチ	11139
イラストレーター	11140
インキ	11141
イントロ	11142
ウィンドサーフィン	11143
ウイリアム	11144
ウェア	11145
ウェスト	11146
ウォルター	11147
ウトウト	11148
エイド	11149
エドガー	11150
エントリー	11151
エヴァンス	11152
オシャレ	11153
オナニー	11154
オナラ	11155
オーラ	11156
カゴ	11157
カツオ	11158
カヌー	11159
カフェイン	11160
カブトムシ	11161
カモメ	11162
カラカラ	11163
カンマ	11164
ガガ	11165
ガクン	11166
ガサガサ	11167
ガチャン	11168
ガリガリ	11169
ガロン	11170
ガンガン	11171
ガーデニング	11172
ガード	11173
ガードレール	11174
キャサリン	11175
キャリア	11176
キュウリ	11177
キルト	11178
キーン	11179
ギタリスト	11180
ギャグ	11181
ギョウザ	11182
クズ	11183
クッション	11184
クラクション	11185
クラクラ	11186
クラッチ	11187
クラフト	11188
クーポン	11189
グレタ	11190
グローブ	11191
グーグル	11192
ケンタウルス	11193
ゲスト	11194
ゲリラ	11195
コ	11196
コカ	11197
コネ	11198
コブ	11199
コメディ	11200
コロッケ	11201
コンサルタント	11202
コーシャ	11203
ゴマ	11204
ゴミ出し	11205
ゴミ箱	11206
ゴミ袋	11207
ゴルファー	11208
サミット	11209
サー	11210
シェフ	11211
シカ	11212
シチュエーション	11213
シック	11214
シップ	11215
シナモン	11216
シフト	11217
シベリア	11218
シャンペン	11219
シュー	11220
シリアル	11221
シリーズ	11222
ジェイムズ	11223
ジェスチャー	11224
ジャンボ	11225
ジャンル	11226
ジョージア	11227
スカイダイビング	11228
スカウト	11229
スズメバチ	11230
スタジオ	11231
ステッカー	11232
ストック	11233
スノー	11234
ズバリ	11235
セーヌ	11236
ソシャゲ	11237
ゾンビ	11238
タイポ	11239
タイムズ	11240
タッチ	11241
タンパク	11242
ダイアド	11243
ダイナー	11244
ダンプティ	11245
チャリ	11246
ツク	11247
ツボ	11248
ディーラー	11249
デトロイト	11250
デビュー	11251
トトロ	11252
トミー	11253
トラング	11254
ドキュメンタリー	11255
ドラゴン	11256
ドラゴンズ	11257
ドール	11258
ナイス	11259
ナイター	11260
ナス	11261
ナタデココ	11262
ニックネーム	11263
ネットワーク	11264
ノリノリ	11265
ノルディック	11266
ノートルダム	11267
ハイ	11268
ハッキリ	11269
ハドソン	11270
ハリネズミ	11271
ハードル	11272
ハーブ	11273
バックアップ	11274
バトミントン	11275
ババ	11276
バリ	11277
バリケード	11278
バルセロナ	11279
バン	11280
バンジー	11281
パサパサ	11282
パトロール	11283
パネル	11284
パンケーキ	11285
ヒジャブ	11286
ヒト	11287
ヒューズ	11288
ヒョウ	11289
ビクビク	11290
ビリ	11291
ピカピカ	11292
ピラミッド	11293
ファンタジー	11294
ファーリー	11295
フィクション	11296
フォーム	11297
フリ	11298
フルネーム	11299
フレンチ	11300
フレンドリー	11301
フロイト	11302
フロッピー	11303
フン	11304
ブラス	11305
ブリキ	11306
ブロンド	11307
ブーメラン	11308
プリント	11309
プレゼンテーション	11310
プレッツェル	11311
ヘルシー	11312
ヘロイン	11313
ヘヴィ	11314
ベルボーイ	11315
ベーカー	11316
ベーコン	11317
ペテン	11318
ペニシリン	11319
ペニー	11320
ペーター	11321
ホルモン	11322
ボコボコ	11323
ボディガード	11324
ボロ	11325
ボンジュール	11326
ポイ	11327
ポリオ	11328
ポーズ	11329
ポート	11330
マイクロ	11331
マシュマロ	11332
マス	11333
マネ	11334
マフィア	11335
マラリア	11336
マリ	11337
マリオ	11338
マリガン	11339
マルチ	11340
マーガレット	11341
ミン	11342
ミント	11343
ミートボール	11344
メイキング	11345
メイク	11346
メルマガ	11347
モチベーション	11348
モナリザ	11349
モニタ	11350
モリー	11351
モンスター	11352
モンブラン	11353
モーション	11354
ヤギ	11355
ヤング	11356
ユネスコ	11357
ユーフォー	11358
ラム	11359
リサイタル	11360
リストラ	11361
リセット	11362
リゾート	11363
リップ	11364
リハーサル	11365
リュック	11366
ルチアーノ	11367
ルーク	11368
ルートビア	11369
レイアウト	11370
レインボー	11371
レジャー	11372
レスラー	11373
レター	11374
レトリバー	11375
レーガン	11376
ロビンソン	11377
ローリー	11378
ワイド	11379
一両	11380
一句	11381
一命	11382
一喜	11383
一憂	11384
一押し	11385
一括	11386
一端	11387
一転	11388
一遍	11389
一重	11390
丈	11391
三振	11392
上り坂	11393
上場	11394
上座	11395
上衣	11396
上質	11397
上部	11398
下線	11399
不屈	11400
不祥	11401
両頬	11402
並外れる	11403
中耳	11404
中退	11405
丹念	11406
主夫	11407
主格	11408
乗ずる	11409
乾季	11410
了承	11411
二万	11412
二十五	11413
二言	11414
五入	11415
交信	11416
京	11417
人だかり	11418
人命	11419
人通り	11420
人違い	11421
今宵	11422
介抱	11423
仕度	11424
仕送り	11425
付加	11426
以つ	11427
仮眠	11428
仰る	11429
任期	11430
休館	11431
伝	11432
低温	11433
低迷	11434
体型	11435
体系	11436
余生	11437
作為	11438
使い物	11439
侮る	11440
便所	11441
係り	11442
保安	11443
保留	11444
信憑	11445
個々	11446
個別	11447
偏	11448
停学	11449
健在	11450
傑出	11451
債券	11452
債務	11453
債権	11454
元彼	11455
先回	11456
先天	11457
先程	11458
光年	11459
光線	11460
免ずる	11461
入れ墨	11462
入植	11463
全開	11464
公会	11465
六十	11466
共用	11467
兼	11468
内線	11469
内輪	11470
内障	11471
再発	11472
冠	11473
冬至	11474
冷ます	11475
冷や汗	11476
冷夏	11477
冷酷	11478
几帳面	11479
処	11480
出前	11481
出動	11482
出所	11483
出資	11484
分かつ	11485
分離	11486
刑期	11487
列島	11488
初代	11489
初日	11490
判子	11491
制す	11492
制作	11493
刻々	11494
前歯	11495
前置	11496
剪定	11497
創出	11498
助く	11499
効力	11500
勇ましい	11501
動ずる	11502
勝者	11503
募集	11504
勤め口	11505
化け物	11506
北朝鮮	11507
北欧	11508
区間	11509
医院	11510
十三	11511
十字架	11512
卓球	11513
南米	11514
単一	11515
博する	11516
博打	11517
即決	11518
原形	11519
原書	11520
参拝	11521
参観	11522
反射	11523
反感	11524
反響	11525
取りやめ	11526
取り組み	11527
取材	11528
受取	11529
召集	11530
右折	11531
叶える	11532
同名	11533
同棲	11534
向かい側	11535
否認	11536
含有	11537
周期	11538
味わえる	11539
呼び鈴	11540
命懸け	11541
和む	11542
咎める	11543
品切れ	11544
哉	11545
唯	11546
善い	11547
喋り	11548
噴水	11549
四つんばい	11550
四捨	11551
回り道	11552
因縁	11553
国立	11554
圧縮	11555
地表	11556
均衡	11557
坐る	11558
基	11559
堪忍	11560
墓場	11561
増税	11562
売り子	11563
売り手	11564
壷	11565
変われる	11566
変数	11567
夏場	11568
夕ご飯	11569
外向	11570
外相	11571
外観	11572
多幸	11573
夜景	11574
大まか	11575
大忙し	11576
大損	11577
大水	11578
大粒	11579
大群	11580
大西洋	11581
大食	11582
大食い	11583
大麦	11584
失策	11585
失言	11586
奇抜	11587
奏でる	11588
奥歯	11589
好運	11590
如何	11591
妻子	11592
子孫	11593
存続	11594
孵化	11595
安らぎ	11596
安価	11597
安倍	11598
定評	11599
宛て	11600
宝庫	11601
実地	11602
客間	11603
害す	11604
家名	11605
寄港	11606
密輸	11607
密閉	11608
寝心地	11609
寝返り	11610
寸分	11611
寿	11612
小石	11613
小論	11614
小躍り	11615
就労	11616
尽力	11617
局番	11618
局部	11619
屁	11620
山岳	11621
島々	11622
巡り	11623
巡回	11624
左折	11625
左目	11626
希薄	11627
帝王	11628
平山	11629
平熱	11630
幼馴染み	11631
幾多	11632
店長	11633
府	11634
座り	11635
座右	11636
建前	11637
弁	11638
弁償	11639
弁明	11640
引率	11641
強いる	11642
強まる	11643
強気	11644
当人	11645
当座	11646
形見	11647
往診	11648
後味	11649
後回し	11650
後年	11651
従順	11652
微熱	11653
徹する	11654
心地良い	11655
心情	11656
心機	11657
応変	11658
急かす	11659
急増	11660
急変	11661
急落	11662
性分	11663
怪獣	11664
恒久	11665
恩師	11666
恵む	11667
悔い	11668
悩ましい	11669
悪徳	11670
悪性	11671
悪戦	11672
悪気	11673
悪癖	11674
悲報	11675
意気地	11676
意訳	11677
愛らしい	11678
愛犬	11679
愛顧	11680
態勢	11681
慣用	11682
憎い	11683
憎悪	11684
或る	11685
戦える	11686
戦車	11687
戯曲	11688
戸締まり	11689
手ぶら	11690
手中	11691
手厚い	11692
手強い	11693
手抜き	11694
手掛かり	11695
手法	11696
手製	11697
打	11698
打撲	11699
打破	11700
扱える	11701
扶助	11702
技巧	11703
技法	11704
投ずる	11705
投機	11706
折り	11707
抜歯	11708
担う	11709
拝借	11710
括弧	11711
捻出	11712
授かる	11713
排出	11714
採れる	11715
採集	11716
接客	11717
接着	11718
控えめ	11719
掲載	11720
揃い	11721
揚々	11722
揺られる	11723
搬送	11724
撒く	11725
撤回	11726
撫でる	11727
支え	11728
支社	11729
改札	11730
改装	11731
攻め	11732
放免	11733
救える	11734
散漫	11735
散策	11736
整然	11737
敷物	11738
新卒	11739
新婦	11740
新米	11741
方式	11742
旋回	11743
日向	11744
日和	11745
日数	11746
日用	11747
早める	11748
早稲田	11749
明晰	11750
明言	11751
昨今	11752
昼休み	11753
時たま	11754
晴らす	11755
晴れ着	11756
暗唱	11757
暗黙	11758
暮し向き	11759
曲る	11760
更ける	11761
替え	11762
最古	11763
有り	11764
有機	11765
朝型	11766
期日	11767
木こり	11768
未開	11769
本書	11770
本部	11771
本降り	11772
札入れ	11773
材質	11774
村民	11775
条	11776
東南	11777
東西	11778
架ける	11779
柔道	11780
柳	11781
栓抜き	11782
株主	11783
根性	11784
格安	11785
案件	11786
梅干し	11787
梗塞	11788
棄てる	11789
棚上げ	11790
検事	11791
検出	11792
検定	11793
極まりない	11794
楽天	11795
楽屋	11796
模擬	11797
模索	11798
横たえる	11799
横柄	11800
横領	11801
機敏	11802
機材	11803
歌い手	11804
正装	11805
武士	11806
武田	11807
歳入	11808
死人	11809
死傷	11810
残虐	11811
残飯	11812
段差	11813
母ちゃん	11814
毛虫	11815
気づき	11816
気まぐれ	11817
気乗り	11818
気合い	11819
気恥ずかしい	11820
気遣い	11821
水位	11822
水瓶	11823
水車	11824
水際	11825
汚名	11826
決め手	11827
決壊	11828
決行	11829
汽笛	11830
汽船	11831
治安	11832
泊まり	11833
泊まれる	11834
法的	11835
法規	11836
泣かす	11837
泥まみれ	11838
注釈	11839
洋行	11840
洗脳	11841
活かせる	11842
浅はか	11843
浜	11844
浮き沈み	11845
浮ぶ	11846
海上	11847
海老	11848
涙ぐむ	11849
液	11850
淡い	11851
深々	11852
深海	11853
清掃	11854
溜息	11855
滑り台	11856
滑舌	11857
潔い	11858
潜める	11859
潜水	11860
潤滑	11861
潰れる	11862
激安	11863
激論	11864
瀬戸	11865
炎症	11866
炭水	11867
無名	11868
無心	11869
無性	11870
無能	11871
無論	11872
焼	11873
焼失	11874
照会	11875
煩わしい	11876
熊本	11877
熱気	11878
燃焼	11879
爵位	11880
父さま	11881
父方	11882
片づけ	11883
片親	11884
片言	11885
片隅	11886
物々	11887
狙い	11888
独り立ち	11889
獅子	11890
率先	11891
現役	11892
球体	11893
甘んずる	11894
甘味	11895
甚大	11896
生き甲斐	11897
生く	11898
生前	11899
生後	11900
生成	11901
用具	11902
用立てる	11903
用途	11904
甲斐性	11905
画廊	11906
界隈	11907
番線	11908
異状	11909
病み上がり	11910
痛ましい	11911
痛切	11912
痴漢	11913
癇癪	11914
発狂	11915
白昼	11916
白熱	11917
白色	11918
白衣	11919
的はずれ	11920
的確	11921
盗品	11922
目前	11923
盲人	11924
直れる	11925
直撃	11926
直美	11927
直訳	11928
相思	11929
相愛	11930
真上	11931
真中	11932
真冬	11933
真顔	11934
眼中	11935
着々	11936
瞭然	11937
石器	11938
砂ぼこり	11939
研ぐ	11940
神々	11941
祭る	11942
禍	11943
福	11944
福井	11945
禿げる	11946
秀才	11947
称える	11948
程よい	11949
稲作	11950
稽古	11951
空しい	11952
空費	11953
突進	11954
窒息	11955
立ち聞き	11956
立ち通し	11957
童話	11958
競合	11959
筋違い	11960
算出	11961
算用	11962
簡易	11963
粉薬	11964
精密	11965
純	11966
純潔	11967
紛れ	11968
細工	11969
絆創	11970
結成	11971
絶	11972
締まる	11973
編	11974
置き去り	11975
罵る	11976
罹る	11977
義弟	11978
羽根	11979
羽毛	11980
羽織る	11981
翻弄	11982
考え事	11983
聴覚	11984
職権	11985
肉食	11986
肝臓	11987
肩書き	11988
胃痛	11989
胃腸	11990
背ける	11991
胴体	11992
脱帽	11993
腕白	11994
腫瘍	11995
腰掛け	11996
腸	11997
腹筋	11998
膏	11999
臨機	12000
自在	12001
自室	12002
自家	12003
自白	12004
自称	12005
自習	12006
自説	12007
自首	12008
至って	12009
至極	12010
至福	12011
船員	12012
花々	12013
花びん	12014
苗	12015
若死に	12016
苦闘	12017
英日	12018
茄子	12019
草の根	12020
草むしり	12021
荒々しい	12022
荒らし	12023
華	12024
落ち込み	12025
落下	12026
蒸留	12027
蓄え	12028
蓄積	12029
薬缶	12030
藪	12031
虚栄	12032
蜜	12033
蝿	12034
融合	12035
蟹	12036
蟻	12037
行きつけ	12038
行き当たり	12039
行き来	12040
行楽	12041
袴	12042
裁く	12043
裏腹	12044
補充	12045
補強	12046
製作	12047
複製	12048
襟	12049
要塞	12050
見張り	12051
見積り	12052
見苦しい	12053
見覚え	12054
解凍	12055
解剖	12056
言いわけ	12057
言わば	12058
言外	12059
言葉づかい	12060
訊ねる	12061
討つ	12062
記す	12063
診療	12064
評決	12065
試行	12066
詮索	12067
該当	12068
語法	12069
調える	12070
謙遜	12071
議席	12072
負け犬	12073
財宝	12074
買いだめ	12075
買い上げ	12076
買わす	12077
貸し	12078
貸せる	12079
賛同	12080
賛美	12081
賢治	12082
賢者	12083
赤子	12084
起立	12085
超す	12086
足せる	12087
足手	12088
跳べる	12089
身内	12090
軒先	12091
軽食	12092
輝かしい	12093
農産	12094
近辺	12095
返送	12096
迫害	12097
迷い	12098
送迎	12099
送金	12100
逆さ	12101
透かす	12102
通読	12103
連敗	12104
週給	12105
進	12106
遂に	12107
遊泳	12108
過敏	12109
道順	12110
遠征	12111
適う	12112
適合	12113
遺失	12114
避暑	12115
部外	12116
郷	12117
都心	12118
配偶	12119
配管	12120
酸味	12121
重んじる	12122
野獣	12123
金づち	12124
釘付け	12125
針仕事	12126
釣り糸	12127
釣魚	12128
鉢植え	12129
銅像	12130
鋏	12131
錬金	12132
錯誤	12133
鎮める	12134
長官	12135
長寿	12136
長蛇	12137
長袖	12138
長話	12139
長髪	12140
閉館	12141
開けれる	12142
閑散	12143
間にあう	12144
間際	12145
閲覧	12146
闘志	12147
防げる	12148
降雪	12149
陽光	12150
隠れ家	12151
隣接	12152
雀	12153
雄	12154
集う	12155
雌	12156
雑	12157
難破	12158
難題	12159
雨水	12160
雨雲	12161
雹	12162
霊魂	12163
青天	12164
青少年	12165
青木	12166
面識	12167
音節	12168
響き	12169
頂点	12170
頼める	12171
顕著	12172
食洗	12173
食費	12174
飢餓	12175
養女	12176
館内	12177
首位	12178
駆け落ち	12179
高値	12180
魔王	12181
魔術	12182
魚介	12183
魚屋	12184
鮮明	12185
鵜呑み	12186
麦	12187
黒幕	12188
1000万	12189
15万	12190
1千万	12191
2,000	12192
20億	12193
4万	12194
7千	12195
あおむけ	12196
あかあか	12197
あきらめ	12198
あきる	12199
あこがれ	12200
あし	12201
あたふた	12202
あのー	12203
あぶない	12204
あぶる	12205
あゆみ	12206
あるく	12207
あーあ	12208
いか	12209
いきる	12210
いざこざ	12211
いじめっ子	12212
いじわる	12213
いそぐ	12214
いたって	12215
いつごろ	12216
いとう	12217
いやぁ	12218
いやあ	12219
いらだち	12220
いー	12221
うかぶ	12222
うずく	12223
うだつ	12224
うっ	12225
うつくしい	12226
うつぶせ	12227
うつり	12228
うどん	12229
うなだれる	12230
うばう	12231
うま	12232
うめく	12233
うるうる	12234
うるう年	12235
うれし泣き	12236
うろうろ	12237
うわあ	12238
うわー	12239
うーん	12240
えび	12241
えり	12242
ぉ	12243
おくる	12244
おしぼり	12245
おだてる	12246
おだやか	12247
おっかない	12248
おてんば娘	12249
おどおど	12250
おのずから	12251
おばけ	12252
おぼす	12253
おめー	12254
およぶ	12255
おり	12256
おわる	12257
お守り	12258
お疲れ様	12259
かえりみる	12260
かかりつけ	12261
かかわり	12262
かくまう	12263
かくれる	12264
かさばる	12265
かさむ	12266
かっこう	12267
かみ	12268
かめ	12269
かり	12270
がかり	12271
がっしり	12272
がてら	12273
がな	12274
がみがみ	12275
がりがり	12276
きっぷ	12277
きづく	12278
きょろきょろ	12279
きらす	12280
きれ	12281
ぎっしり	12282
ぎらぎら	12283
くさる	12284
くたばる	12285
くっきり	12286
くっつける	12287
くつろぎ	12288
くま	12289
くらくら	12290
ぐしゃぐしゃ	12291
ぐったり	12292
ぐでんぐでん	12293
けしかける	12294
けばけばしい	12295
こずえ	12296
こぞる	12297
こっくり	12298
こなし	12299
こぶし	12300
こよなく	12301
ころころ	12302
こんがり	12303
こー	12304
ごみごみ	12305
さそう	12306
さつまいも	12307
さながら	12308
さびる	12309
さら	12310
さわぐ	12311
ざら	12312
しいたけ	12313
しくしく	12314
しこり	12315
しずめる	12316
したためる	12317
しっぺ	12318
しなる	12319
しばし	12320
しま	12321
しゃぶる	12322
しらける	12323
しろもの	12324
しーっ	12325
じまい	12326
じゃが芋	12327
すかさず	12328
すくすく	12329
すくと	12330
すみ	12331
すらっ	12332
ずく	12333
ずたずた	12334
せ	12335
せっけん	12336
せまい	12337
せわしい	12338
そうこう	12339
そえる	12340
そこねる	12341
そそくさ	12342
そそのかす	12343
そっぽ	12344
そつ	12345
そびれる	12346
たいがい	12347
たいする	12348
たいせつ	12349
たいらげる	12350
たかい	12351
たき火	12352
たく	12353
たしなむ	12354
たじろぐ	12355
たす	12356
たたき上げ	12357
ただただ	12358
たのしむ	12359
たま	12360
たまご	12361
だいなし	12362
だいぶん	12363
ちかい	12364
ちかづく	12365
ちくしょう	12366
ちっぽけ	12367
ちびちび	12368
ちゃら	12369
ちゅうちょ	12370
ちょっ	12371
ちょっかい	12372
ちょびっ	12373
ちょろい	12374
ちんちん	12375
つづり字	12376
つば	12377
つぶし	12378
つべこべ	12379
つるつる	12380
つるむ	12381
つわり	12382
つー	12383
づよい	12384
てー	12385
できたて	12386
でこぼこ	12387
ところどころ	12388
とどく	12389
とまれ	12390
ともす	12391
どうし	12392
どかす	12393
どっさり	12394
ど忘れ	12395
なぁに	12396
なあに	12397
なげる	12398
なじみ	12399
なじる	12400
なでる	12401
なみ	12402
ならう	12403
なんぼ	12404
にぎる	12405
にぎわう	12406
にゃー	12407
にやり	12408
にわか	12409
ねっ	12410
ねんね	12411
のべる	12412
のらくら	12413
のろのろ	12414
はかない	12415
はがす	12416
はぐらかす	12417
はける	12418
はげしい	12419
はさまる	12420
はしか	12421
はためく	12422
はちみつ	12423
はなせる	12424
はらわた	12425
ばらまく	12426
ばー	12427
ひいひい	12428
ひかえる	12429
ひかり	12430
ひけ	12431
ひとえに	12432
ひとり旅	12433
ひと雨	12434
ひよこ豆	12435
ひらく	12436
ひりひり	12437
ひんやり	12438
びくと	12439
びしょぬれ	12440
びた一文	12441
ぴかぴか	12442
ふぅ	12443
ふかす	12444
ふたご	12445
ふち	12446
ふっ	12447
ふとる	12448
ふらふら	12449
ふるえる	12450
ふーん	12451
ぶかぶか	12452
ぶっきらぼう	12453
ぶら下がる	12454
へこたれる	12455
へー	12456
べらぼう	12457
ほぐす	12458
ほふく	12459
ほれる	12460
ぼ	12461
ぼけ	12462
ぼそぼそ	12463
ぼろ	12464
まかす	12465
まかなう	12466
まぎれ	12467
またぐ	12468
まだら	12469
まち	12470
まちまち	12471
まつ毛	12472
まとわる	12473
まぬけ	12474
まぶしい	12475
まぶた	12476
まもる	12477
まりこ	12478
みち	12479
みなぎる	12480
みまう	12481
むかむか	12482
むさぼる	12483
むしばむ	12484
むしむし	12485
むすこ	12486
むせる	12487
むちゃくちゃ	12488
むやみ	12489
めきめき	12490
めぐらす	12491
めんど	12492
もうかる	12493
もじもじ	12494
もてあそぶ	12495
もとより	12496
もぬけ	12497
もみ	12498
やきもき	12499
やきもち	12500
やく	12501
やくざ	12502
やみ	12503
やりかけ	12504
やわらかい	12505
ゆける	12506
ゆみ	12507
ゆり	12508
よぉ	12509
よせる	12510
よだれ	12511
よちよち	12512
わき腹	12513
わさび	12514
わたくし	12515
わらう	12516
わー	12517
んな	12518
アイコン	12519
アイテム	12520
アクション	12521
アソコ	12522
アダム	12523
アバター	12524
アピール	12525
アプリケーション	12526
アポロ	12527
アメ	12528
アメリカドル	12529
アラブ	12530
アラーム	12531
アルゼンチン	12532
アル中	12533
アレ	12534
アンチ	12535
アンバランス	12536
アンプ	12537
アーノルド	12538
アーム	12539
イカ	12540
イミー	12541
イメチェン	12542
イラスト	12543
インサイダー	12544
インターンシップ	12545
ウィスキー	12546
ウィルス	12547
ウインドウ	12548
ウインナー	12549
ウエイトレス	12550
ウエディング	12551
ウォッチ	12552
ウナギ	12553
エア	12554
エアメール	12555
エクスプレス	12556
エゴ	12557
エストニア	12558
エチオピア	12559
エホバ	12560
エリー	12561
エレクトロニクス	12562
オイデイプス	12563
オエッ	12564
オオ	12565
オッケー	12566
オブ	12567
オン	12568
オートマ	12569
オープニング	12570
カシ	12571
カダザン	12572
カッター	12573
カネ	12574
カビる	12575
カメレオン	12576
カモ	12577
カルカッタ	12578
カルフォルニア	12579
カンナダ	12580
ガクガク	12581
ガタン	12582
ガリラヤ	12583
ガルフ	12584
ガンマ	12585
ガーリック	12586
ガール	12587
キモい	12588
キャスト	12589
キュリー	12590
キンカン	12591
キンキン	12592
キートン	12593
キープ	12594
ギャンブラー	12595
クスコ	12596
クミコ	12597
クライアント	12598
クラウン	12599
クララ	12600
クラーク	12601
クリップ	12602
クリーパー	12603
クレオパトラ	12604
クロワッサン	12605
クーデター	12606
グルテン	12607
グレイ	12608
ケアレス	12609
ケビン	12610
ゲット	12611
コスパ	12612
コピペ	12613
コマンド	12614
コミュ	12615
コラム	12616
コレクト	12617
コレステロール	12618
コンコン	12619
コンセプト	12620
コンパス	12621
サウナ	12622
サクサク	12623
サツマイモ	12624
サハラ	12625
サークル	12626
サーシャ	12627
サーブ	12628
シェリー	12629
シスコ	12630
シスター	12631
シナリオ	12632
シュート	12633
ショット	12634
シロップ	12635
シンク	12636
シンクロ	12637
シンデレラ	12638
ジェイソン	12639
ジャスト	12640
ジャスミン	12641
ジュネーブ	12642
ジョッキ	12643
ジョブズ	12644
ジョーカー	12645
ジン	12646
ジーン	12647
スイート	12648
スカッシュ	12649
スキーヤー	12650
スクリーン	12651
スケッチ	12652
スゴイ	12653
スズメ	12654
ステップ	12655
ステラ	12656
ストロベリー	12657
スナック	12658
スパゲティ	12659
スプリンクラー	12660
スペア	12661
スペシャル	12662
スペンサー	12663
スポークスマン	12664
スモーカー	12665
スラム	12666
スラング	12667
スロバキア	12668
スロー	12669
ズルズル	12670
ズレる	12671
セキュリティ	12672
セリフ	12673
セーフティー	12674
ソウル	12675
タキシード	12676
タケシ	12677
タコス	12678
タモリ	12679
タレ	12680
ダイナマイト	12681
ダイレクト	12682
ダーク	12683
チェロ	12684
チャックス	12685
チャーター	12686
チャーミング	12687
チラチラ	12688
ツッコミ	12689
ツベルクリン	12690
ツール	12691
ティーン	12692
ティーンエイジャー	12693
テディベア	12694
テラス	12695
ディーゼル	12696
デスクトップ	12697
デビー	12698
トニック	12699
トピック	12700
トレーシー	12701
トレーナー	12702
トーム	12703
ド	12704
ドアノブ	12705
ドジャース	12706
ドリル	12707
ドーバー	12708
ドーム	12709
ナタナエル	12710
ニヤニヤ	12711
ネギ	12712
ネタバレ	12713
ネック	12714
ネッド	12715
ノイローゼ	12716
ノックアウト	12717
ノブ	12718
ハイテク	12719
ハイブリッド	12720
ハムスター	12721
ハロウィーン	12722
ハンド	12723
ハンプ	12724
ハンプトン	12725
バイバイ	12726
バカバカしい	12727
バスタオル	12728
バスツアー	12729
バッチリ	12730
バテバテ	12731
バニラ	12732
バラす	12733
バリエーション	12734
バリバリ	12735
バレバレ	12736
バンクーバー	12737
バーバラ	12738
バーボン	12739
パクる	12740
パチン	12741
パナマ	12742
パブリック	12743
パラシュート	12744
パンプキンパイ	12745
パーツ	12746
パール	12747
ヒッチハイク	12748
ヒドイ	12749
ヒマ	12750
ヒマラヤ	12751
ヒンズー	12752
ビクトリア	12753
ビュウ	12754
ビュッフェ	12755
ビリー	12756
ビーガン	12757
ピエール	12758
ピサロ	12759
ピックアップ	12760
ピップ	12761
ファイバー	12762
ファーソナ	12763
フィギュア	12764
フィッシュ	12765
フィットネス	12766
フィールド	12767
フェスティバル	12768
フェミニスト	12769
フェラーリ	12770
フライング	12771
フランクリン	12772
フール	12773
ブス	12774
ブラックリスト	12775
ブルガリア	12776
ブルブル	12777
ブレスレット	12778
プディング	12779
プランクトン	12780
プリズム	12781
プレス	12782
プレステ	12783
ヘッドフォン	12784
ヘッドライト	12785
ヘトヘト	12786
ヘルシンキ	12787
ベタベタ	12788
ベース	12789
ベータ	12790
ペスト	12791
ホイール	12792
ホタル	12793
ホース	12794
ボケる	12795
ボサボサ	12796
ボスニア	12797
ボディ	12798
ボンネット	12799
ポカポカ	12800
ポストカード	12801
ポッド	12802
ポニーテール	12803
ポロシャツ	12804
マイン	12805
マウンテン	12806
マサチューセッツ	12807
マサル	12808
マジック	12809
マスタード	12810
マンハッタン	12811
マーティン	12812
ミサイル	12813
ミッキー	12814
ミミズ	12815
ミンチ	12816
ムズムズ	12817
ムード	12818
ムーリエル	12819
メス	12820
メナド	12821
メリーゴーランド	12822
メルシー	12823
メーリ	12824
メールボックス	12825
モップ	12826
モニカ	12827
モハンド	12828
モモ	12829
モロ	12830
モントゴメリー	12831
モーテル	12832
ヤクザ	12833
ヤニ	12834
ユナイテッド	12835
ヨルダン	12836
ライ	12837
ライセンス	12838
ライチ	12839
ライフ	12840
ラスベガス	12841
ラマ	12842
ランキング	12843
ランダー	12844
ランド	12845
ランドセル	12846
ランドリー	12847
リアクション	12848
リオデジャネイロ	12849
リカルド	12850
リキュール	12851
リクルート	12852
リスボン	12853
リニューアル	12854
リバプール	12855
リリー	12856
リン	12857
リンドバーグ	12858
リーグ	12859
ルーブル	12860
レア	12861
レセプション	12862
レディー	12863
レノン	12864
レンブラント	12865
レーザー	12866
レーダー	12867
ロゴ	12868
ロビン	12869
ロム	12870
ワイルド	12871
ワイングラス	12872
ワッ	12873
ワニ	12874
ワルツ	12875
ワンワン	12876
ワード	12877
一向	12878
一味	12879
一夕	12880
一寸	12881
一心	12882
一新	12883
一朝	12884
一笑	12885
一線	12886
一角	12887
一触	12888
一難	12889
三々	12890
三千	12891
三田	12892
上向き	12893
上告	12894
下り	12895
下取り	12896
下回る	12897
下校	12898
下部	12899
不全	12900
不妊	12901
不尽	12902
不慣れ	12903
不朽	12904
不潔	12905
不能	12906
世俗	12907
両面	12908
中村	12909
中腹	12910
中野	12911
主体	12912
主導	12913
主役	12914
主旨	12915
主権	12916
主流	12917
乞う	12918
乳歯	12919
乳牛	12920
亀裂	12921
予め	12922
予知	12923
予見	12924
事物	12925
二百	12926
二鳥	12927
五々	12928
五郎	12929
井	12930
亜鉛	12931
交える	12932
交付	12933
享有	12934
人助け	12935
人垣	12936
人文	12937
人称	12938
人道	12939
人食い	12940
今手	12941
仏語	12942
仕上げ	12943
仕掛ける	12944
仕込み	12945
仕込む	12946
他動	12947
付する	12948
付着	12949
付箋	12950
付録	12951
代々	12952
代替	12953
代議	12954
令	12955
以後	12956
仮想	12957
仮面	12958
仲裁	12959
伊勢	12960
伏せ	12961
休会	12962
会衆	12963
会館	12964
伯母	12965
低空	12966
低級	12967
住	12968
体つき	12969
体勢	12970
体積	12971
何気	12972
余す	12973
余命	12974
供する	12975
係わる	12976
係員	12977
保てる	12978
信心	12979
修道	12980
値下がり	12981
偏る	12982
偏食	12983
停滞	12984
偽造	12985
傍聴	12986
傍観	12987
僧	12988
優越	12989
元栓	12990
先々	12991
先住	12992
先入	12993
先導	12994
先手	12995
免職	12996
入室	12997
入札	12998
入門	12999
入隊	13000
全景	13001
全校	13002
全角	13003
八丁	13004
八百	13005
公私	13006
公約	13007
公言	13008
公金	13009
共感	13010
兼用	13011
内外	13012
内心	13013
内戦	13014
内臓	13015
内金	13016
内面	13017
円錐	13018
再選	13019
冒頭	13020
写生	13021
冠水	13022
冬季	13023
冷却	13024
冷戦	13025
冷水	13026
冷淡	13027
凍てる	13028
凡そ	13029
凡人	13030
処罰	13031
凶器	13032
出典	13033
出来立て	13034
出汁	13035
出迎え	13036
刃物	13037
分け	13038
分詞	13039
切り札	13040
切り盛り	13041
初めまして	13042
初診	13043
初雪	13044
別居	13045
制圧	13046
制止	13047
刺し身	13048
刺青	13049
前々	13050
前代	13051
前作	13052
前年	13053
前期	13054
前線	13055
前金	13056
剛	13057
副業	13058
割れ目	13059
割高	13060
劇作	13061
力士	13062
力添え	13063
加古川	13064
加齢	13065
助産	13066
労	13067
勝ち負け	13068
勤しむ	13069
勧誘	13070
匂う	13071
北斗	13072
区分	13073
十七	13074
十万	13075
十二分	13076
十六	13077
千万	13078
千切り	13079
千金	13080
半島	13081
半径	13082
半熟	13083
半生	13084
卑しい	13085
卒論	13086
単車	13087
博	13088
博覧	13089
博識	13090
占星	13091
即刻	13092
即効	13093
即発	13094
即興	13095
厚生	13096
厚着	13097
原案	13098
原産	13099
厳禁	13100
厳重	13101
双眼	13102
反目	13103
取り合わせ	13104
受け身	13105
受る	13106
受講	13107
口ひげ	13108
口火	13109
口髭	13110
古風	13111
召し	13112
可哀想	13113
可憐	13114
可笑しい	13115
史学	13116
右上	13117
右利き	13118
司会	13119
合わせ	13120
合宿	13121
合戦	13122
合鍵	13123
同化	13124
同数	13125
同等	13126
同胞	13127
同類	13128
名目	13129
名高い	13130
向こう岸	13131
君子	13132
吟味	13133
吹かす	13134
吹き回し	13135
呪文	13136
味つけ	13137
呼び声	13138
命がけ	13139
和子	13140
和歌山	13141
哀悼	13142
唖然	13143
商談	13144
啓発	13145
喚く	13146
喰う	13147
嘔吐	13148
嘘っぱち	13149
器量	13150
噴出	13151
回れる	13152
回線	13153
回覧	13154
団員	13155
困憊	13156
図星	13157
国勢	13158
国歌	13159
国防	13160
園遊	13161
土台	13162
土日	13163
在籍	13164
地中	13165
地中海	13166
地質	13167
均等	13168
坦懐	13169
埋もれる	13170
埋蔵	13171
埒	13172
執拗	13173
執着	13174
埼玉	13175
堅固	13176
報復	13177
塗りたて	13178
塗れる	13179
塩味	13180
塩水	13181
増し	13182
壮観	13183
声援	13184
声楽	13185
売場	13186
変わり者	13187
変人	13188
変換	13189
変異	13190
夕	13191
夕暮	13192
夜勤	13193
夜型	13194
夜盗	13195
夜陰	13196
夜食	13197
大人びる	13198
大層	13199
大急ぎ	13200
大柄	13201
大波	13202
大船	13203
大酒	13204
大黒	13205
天罰	13206
失神	13207
失脚	13208
奇怪	13209
奇蹟	13210
奢る	13211
奥底	13212
奮発	13213
女心	13214
女装	13215
好き勝手	13216
好き好き	13217
好感	13218
好況	13219
如く	13220
妊婦	13221
妖怪	13222
妬く	13223
姉貴	13224
始動	13225
委託	13226
姫路	13227
娘婿	13228
娼婦	13229
婚姻	13230
嫁入り	13231
嫌々	13232
嫌味	13233
嫌疑	13234
嬢	13235
子女	13236
字数	13237
孝行	13238
学寮	13239
学童	13240
学食	13241
安易	13242
安藤	13243
完読	13244
定か	13245
定着	13246
定規	13247
定食	13248
宛先	13249
宜しい	13250
実態	13251
実績	13252
実習	13253
客人	13254
客層	13255
宮	13256
宮崎	13257
家中	13258
家宝	13259
容れる	13260
宿命	13261
宿屋	13262
寄生	13263
寝癖	13264
審理	13265
対外	13266
対称	13267
封	13268
封じる	13269
封鎖	13270
専制	13271
専務	13272
射撃	13273
将校	13274
小国	13275
小数	13276
小物	13277
尖る	13278
就学	13279
就業	13280
尻拭い	13281
尾行	13282
居住	13283
屋号	13284
展望	13285
属性	13286
山間	13287
岐阜	13288
岡山	13289
岩石	13290
岸辺	13291
川上	13292
川崎	13293
市電	13294
常時	13295
平	13296
平たい	13297
平原	13298
平地	13299
年が	13300
年より	13301
年次	13302
幹部	13303
幼年	13304
庁舎	13305
広辞苑	13306
序文	13307
店頭	13308
庭仕事	13309
延着	13310
建国	13311
引き算	13312
引き金	13313
引出し	13314
弦	13315
弱気	13316
弱火	13317
当方	13318
形跡	13319
往来	13320
後れ	13321
後ろめたい	13322
後尾	13323
従姉妹	13324
従者	13325
御免	13326
復興	13327
微か	13328
微分	13329
徳川	13330
徴候	13331
心中	13332
心筋	13333
心行く	13334
必修	13335
必然	13336
応	13337
念入り	13338
怖じ気	13339
思い過ごし	13340
思い違い	13341
急く	13342
急務	13343
急流	13344
怪しむ	13345
息苦しい	13346
悔いる	13347
悪し	13348
情景	13349
愚者	13350
愛おしい	13351
愛嬌	13352
愛車	13353
感触	13354
感電	13355
憎らしい	13356
憚る	13357
戴ける	13358
戸籍	13359
房	13360
所詮	13361
扇動	13362
手がける	13363
手だて	13364
手つき	13365
手の物	13366
手もと	13367
手仕事	13368
手口	13369
手始め	13370
手腕	13371
打ち上げ	13372
打倒	13373
打開	13374
扮装	13375
投合	13376
折り鶴	13377
抱負	13378
抹消	13379
拗ねる	13380
拘束	13381
拠点	13382
拾える	13383
持ち金	13384
持論	13385
挙げ句	13386
振れる	13387
振興	13388
振舞い	13389
捏造	13390
捕える	13391
捕れる	13392
排する	13393
排卵	13394
掘り出し	13395
採択	13396
探求	13397
接待	13398
接戦	13399
推論	13400
提起	13401
換気	13402
揮発	13403
揺する	13404
揺りかご	13405
揺るぐ	13406
撤去	13407
撤退	13408
撲滅	13409
操業	13410
改ざん	13411
改修	13412
改訂	13413
政敵	13414
救い	13415
救世	13416
敗戦	13417
教習	13418
敢えて	13419
散文	13420
敬服	13421
敬虔	13422
敬語	13423
敵う	13424
文房	13425
文献	13426
斧	13427
斬新	13428
断水	13429
断熱	13430
断続	13431
断食	13432
新進	13433
新郎	13434
方便	13435
方正	13436
方策	13437
方角	13438
施錠	13439
旅慣れる	13440
既存	13441
既往	13442
既成	13443
日の入り	13444
日よけ	13445
日暮れ	13446
日食	13447
旧い	13448
旧型	13449
早晩	13450
明け	13451
明朗	13452
昏睡	13453
昔話	13454
昼前	13455
昼過ぎ	13456
時おり	13457
時世	13458
時流	13459
景観	13460
暁	13461
暗礁	13462
暗雲	13463
暗黒	13464
暴く	13465
暴れる	13466
曲線	13467
書面	13468
曾	13469
最強	13470
月収	13471
有様	13472
朝っぱら	13473
朝晩	13474
木の間	13475
木片	13476
木箱	13477
木綿	13478
本州	13479
本文	13480
杏奈	13481
束縛	13482
杭	13483
東側	13484
東風	13485
枕元	13486
枯葉	13487
某	13488
柑橘	13489
染料	13490
栄誉	13491
根こそぎ	13492
梅の花	13493
梅酒	13494
梅雨入り	13495
梱包	13496
棋士	13497
極まる	13498
楼	13499
楽譜	13500
楽隊	13501
概ね	13502
概算	13503
構想	13504
模倣	13505
模造	13506
横町	13507
横転	13508
機体	13509
止す	13510
止めれる	13511
正しく	13512
正に	13513
武術	13514
歩み	13515
歩合	13516
歩調	13517
歪む	13518
歯列	13519
死ねる	13520
死語	13521
残れる	13522
残骸	13523
残高	13524
母校	13525
毎時	13526
毒舌	13527
比べもの	13528
比喩	13529
比率	13530
気兼ね	13531
気持	13532
気詰まり	13533
気遣う	13534
水浴び	13535
水筒	13536
水虫	13537
求職	13538
汗だく	13539
沈める	13540
没落	13541
河童	13542
油田	13543
法外	13544
法学	13545
法科	13546
泡立てる	13547
泣ける	13548
泳者	13549
洋書	13550
洗顔	13551
津々	13552
活字	13553
派閥	13554
流域	13555
流行歌	13556
浮かれる	13557
浴場	13558
海域	13559
海苔	13560
浸かる	13561
浸透	13562
涙もろい	13563
清い	13564
清書	13565
清水	13566
清浄	13567
清涼	13568
渋る	13569
渡辺	13570
温厚	13571
湾岸	13572
湿っぽい	13573
湿疹	13574
満つ	13575
滞り	13576
漁る	13577
漁業	13578
演算	13579
演習	13580
漬物	13581
潤い	13582
潮時	13583
潮流	13584
激励	13585
濁す	13586
濁る	13587
火の粉	13588
火器	13589
炉	13590
点く	13591
点滴	13592
無力	13593
無残	13594
無花果	13595
焼き印	13596
焼き魚	13597
煉瓦	13598
煩悩	13599
熟れる	13600
熱情	13601
爪切り	13602
牙	13603
牡丹	13604
牢獄	13605
物々しい	13606
物入れ	13607
物分かり	13608
物心	13609
物静か	13610
特大	13611
特色	13612
特許	13613
狂喜	13614
狙える	13615
狩人	13616
独り身	13617
独奏	13618
狼狽	13619
猛威	13620
猫耳	13621
献金	13622
猶予	13623
玄人	13624
玉子	13625
王座	13626
王手	13627
現物	13628
琴	13629
環	13630
瓦礫	13631
甘ったるい	13632
甘酸っぱい	13633
甚だ	13634
甥っ子	13635
用例	13636
田舎道	13637
甲高い	13638
申し立て	13639
男前	13640
畏敬	13641
留年	13642
異様	13643
異母	13644
疾走	13645
病室	13646
病後	13647
症候	13648
痛み止め	13649
発端	13650
発酵	13651
白菜	13652
百合	13653
的中	13654
皆既	13655
皇帝	13656
盆地	13657
盆栽	13658
盗み聞き	13659
盗聴	13660
盛況	13661
盛装	13662
目す	13663
目印	13664
目新しい	13665
目茶苦茶	13666
目障り	13667
直属	13668
相席	13669
眉毛	13670
真ん前	13671
真空	13672
眼科	13673
着想	13674
瞑想	13675
矢先	13676
知ったか	13677
知名	13678
短パン	13679
石ころ	13680
石橋	13681
砂場	13682
砲兵	13683
破局	13684
硫黄	13685
碇	13686
確約	13687
示唆	13688
祝する	13689
秋風	13690
移行	13691
稀	13692
税法	13693
種々	13694
種子	13695
稼働	13696
穀類	13697
積分	13698
穴場	13699
空き地	13700
空前	13701
空回り	13702
空手	13703
空欄	13704
窮屈	13705
立体	13706
立法	13707
笑いごと	13708
笑い声	13709
符合	13710
筋道	13711
管制	13712
節制	13713
節水	13714
範疇	13715
米作	13716
精子	13717
精巧	13718
精算	13719
糸目	13720
系統	13721
純金	13722
素足	13723
素面	13724
細心	13725
紺	13726
終生	13727
終盤	13728
組み合わせ	13729
組み換え	13730
結う	13731
結び目	13732
結核	13733
絡む	13734
絵の具	13735
絵具	13736
絶つ	13737
絶やす	13738
絶大	13739
継母	13740
綱渡り	13741
締切	13742
編成	13743
縄梯子	13744
美味い	13745
美声	13746
美男	13747
美観	13748
羽振り	13749
老化	13750
老眼	13751
老若	13752
老衰	13753
考古	13754
耳打ち	13755
聖	13756
聖地	13757
聖者	13758
聖職	13759
聞き捨て	13760
聞き耳	13761
聴力	13762
肌着	13763
肥料	13764
背伸び	13765
背泳ぎ	13766
胡散	13767
脇目	13768
脚色	13769
脱	13770
脳裏	13771
腕力	13772
腕相撲	13773
腫れ	13774
腰抜け	13775
腹の虫	13776
腹立たしい	13777
膀胱	13778
自	13779
自作	13780
自営	13781
自惚れる	13782
自民	13783
自負	13784
臭	13785
舞	13786
艘	13787
良薬	13788
色気	13789
芥川	13790
芸人	13791
若葉	13792
苦学	13793
苦言	13794
英知	13795
茎	13796
草食	13797
荒野	13798
荷台	13799
荷札	13800
華氏	13801
落す	13802
落ちぶれる	13803
蒸し	13804
蒼白	13805
蕾	13806
薄	13807
薬指	13808
虚心	13809
蛍光	13810
血の気	13811
街道	13812
表裏	13813
衰え	13814
被	13815
被験	13816
裁	13817
裏付け	13818
裏手	13819
裸体	13820
裾	13821
複合	13822
複素	13823
褒め言葉	13824
西瓜	13825
見	13826
見え隠れ	13827
見くびる	13828
見掛け	13829
視る	13830
視察	13831
視聴	13832
覚醒	13833
親族	13834
親知らず	13835
親離れ	13836
観覧	13837
解	13838
解する	13839
解禁	13840
言いつけ	13841
言い合い	13842
言明	13843
託す	13844
許	13845
訴え	13846
試食	13847
詰め	13848
誇らしい	13849
認可	13850
認証	13851
語尾	13852
語源	13853
調律	13854
談話	13855
請願	13856
論じる	13857
講じる	13858
講習	13859
謹む	13860
譲歩	13861
貝殻	13862
負わす	13863
財団	13864
貧弱	13865
貧民	13866
貸	13867
貸付	13868
貸借	13869
賃貸	13870
資質	13871
賛否	13872
賛辞	13873
賢人	13874
購買	13875
贔屓	13876
赤丸	13877
赤外	13878
赤身	13879
起業	13880
超常	13881
足下	13882
跡形	13883
躍進	13884
身の回り	13885
車中	13886
車内	13887
車掌	13888
車線	13889
軍縮	13890
転々	13891
転ずる	13892
軸	13893
軽	13894
軽々しい	13895
軽はずみ	13896
辛口	13897
辞令	13898
辺ぴ	13899
辺鄙	13900
辻	13901
迂回	13902
迄	13903
近日	13904
近親	13905
返品	13906
返金	13907
追及	13908
追突	13909
退席	13910
透く	13911
通える	13912
通し	13913
通り道	13914
通り雨	13915
逞しい	13916
速める	13917
造花	13918
連帯	13919
連盟	13920
連行	13921
進子	13922
進捗	13923
進退	13924
運航	13925
過る	13926
遠ざける	13927
遠回り	13928
遠路	13929
適す	13930
適材	13931
遮断	13932
選び	13933
避	13934
郡	13935
郷里	13936
都道府県	13937
配線	13938
酔っぱらい	13939
酢豚	13940
酸化	13941
野山	13942
野性	13943
野次馬	13944
金切り	13945
金輪際	13946
金離れ	13947
釣り合い	13948
釧路	13949
鉄橋	13950
銀貨	13951
銘柄	13952
銘記	13953
鋤	13954
鍵盤	13955
鍵穴	13956
鎧	13957
鑑識	13958
長し	13959
長旅	13960
長編	13961
関わり合い	13962
闘い	13963
防備	13964
防災	13965
防犯	13966
阻害	13967
阿蘇山	13968
降り	13969
降下	13970
降格	13971
陛下	13972
陣痛	13973
除雪	13974
陰険	13975
陽性	13976
隆	13977
随時	13978
際立つ	13979
障子	13980
雄大	13981
雌牛	13982
雑巾	13983
難解	13984
難関	13985
雨上り	13986
雨戸	13987
電信	13988
霊感	13989
青銅	13990
靖国	13991
静寂	13992
非売	13993
靴屋	13994
鞍	13995
鞭	13996
順風	13997
頑	13998
頭数	13999
顎ひげ	14000
願	14001
類人	14002
風土	14003
風格	14004
風潮	14005
風采	14006
飛ばし	14007
食いしん坊	14008
食べごろ	14009
食べ残し	14010
飲み屋	14011
飲み水	14012
餃子	14013
養殖	14014
養生	14015
首筋	14016
馬の骨	14017
馴染む	14018
駄	14019
駄々	14020
駅員	14021
駆除	14022
騎手	14023
骸骨	14024
高ぶる	14025
高原	14026
高温	14027
髪形	14028
髭剃り	14029
鬱陶しい	14030
魔力	14031
鹿児島	14032
黄身	14033
黙々	14034
龍太郎	14035
100億	14036
2.5	14037
25万	14038
2億	14039
3000万	14040
3千	14041
4.5	14042
あえぐ	14043
あえない	14044
あかい	14045
あかし	14046
あかちゃん	14047
あくどい	14048
あぐら	14049
あげれる	14050
あざける	14051
あっぱれ	14052
あつまる	14053
あどけない	14054
あの世	14055
あばく	14056
あほ	14057
あまい	14058
あや	14059
あらう	14060
あらすじ	14061
あらためて	14062
ありあり	14063
ありゃ	14064
あり金	14065
あん	14066
あんよ	14067
いかがわしい	14068
いかさま	14069
いかめしい	14070
いがらっぽい	14071
いそいそ	14072
いためる	14073
いたわる	14074
いちじく	14075
いちゃつく	14076
いちゃもん	14077
いっこう	14078
いっぺん	14079
いとしい	14080
いまいましい	14081
いやらしい	14082
いやー	14083
ぅ	14084
う〜ん	14085
うお	14086
うけたまわる	14087
うじゃうじゃ	14088
うすい	14089
うずくまる	14090
うつらうつら	14091
うつ病	14092
うなり声	14093
うむ	14094
うろちょろ	14095
えげつない	14096
えり首	14097
おおい	14098
おおきに	14099
おおげさ	14100
おおごと	14101
おおよそ	14102
おおらか	14103
おせち	14104
おそろしい	14105
おちょくる	14106
おっくう	14107
おとつい	14108
おどす	14109
おどろく	14110
おのずと	14111
おほよそ	14112
おむつ	14113
おもて	14114
おもに	14115
およぼす	14116
おろおろ	14117
おんどり	14118
お下げ	14119
お参り	14120
お節介	14121
かい	14122
かくす	14123
かし	14124
かぞえる	14125
かたず	14126
かたわら	14127
かっ	14128
かなた	14129
かねて	14130
かや	14131
からっぽ	14132
からびる	14133
かりかり	14134
かわかす	14135
かんたん	14136
がき	14137
がちょう	14138
がっちり	14139
がらくた	14140
きたない	14141
きちょうめん	14142
きめ	14143
きらびやか	14144
きわまる	14145
きん	14146
きんとん	14147
ぎみ	14148
ぎゅうぎゅう	14149
ぎれい	14150
くい	14151
くちゃくちゃ	14152
くぼむ	14153
くるぶし	14154
ぐ	14155
ぐうたら	14156
ぐだぐだ	14157
ぐれる	14158
けいこ	14159
けしからん	14160
げんこつ	14161
げんまん	14162
こうこう	14163
こうもり	14164
こしらえる	14165
こす	14166
こそこそ	14167
こちょこちょ	14168
こなごな	14169
こまかい	14170
ころがる	14171
ごう慢	14172
ごちゃごちゃ	14173
ごっちゃ	14174
さいさい	14175
さいの目	14176
さえずり	14177
さき	14178
さくらんぼ	14179
さけぶ	14180
さげすむ	14181
さじ	14182
さっくり	14183
さなか	14184
さりげない	14185
ざあざあ	14186
ざた	14187
ざっくばらん	14188
ざっくり	14189
しあげる	14190
しがない	14191
しぶとい	14192
しぼむ	14193
しみったれ	14194
しめす	14195
しゃしゃり出る	14196
しゃぶしゃぶ	14197
しり	14198
しー	14199
じきじき	14200
じゃんじゃん	14201
じわじわ	14202
じん	14203
すかす	14204
すげー	14205
すっぽ抜ける	14206
すとん	14207
すみやか	14208
すやすや	14209
すらり	14210
ずっしり	14211
ずぼら	14212
ずらかる	14213
ずらす	14214
ぜー	14215
そうっと	14216
そぐ	14217
そぐう	14218
そで	14219
そと	14220
そむく	14221
そやす	14222
そりゃぁ	14223
ぞる	14224
たくらみ	14225
たくわえる	14226
たけのこ	14227
たしなめる	14228
たたかう	14229
たたずむ	14230
たたる	14231
ただしい	14232
ただ中	14233
ただ今	14234
たちどころ	14235
たむろ	14236
ためいき	14237
たれ	14238
たん	14239
たんぽぽ	14240
だこ	14241
だらける	14242
だー	14243
ちびる	14244
ちょいと	14245
ちょこちょこ	14246
ちょこっと	14247
ちょちょい	14248
ちょろちょろ	14249
ちらほら	14250
っちう	14251
っちゃ	14252
っぷり	14253
っぺ	14254
つかの間	14255
つきあたり	14256
つつむ	14257
つとめ	14258
つど	14259
つな	14260
つり革	14261
つるす	14262
づくり	14263
ていねい	14264
てがみ	14265
てきめん	14266
てんやわんや	14267
でかす	14268
でく	14269
でしゃばる	14270
でっかい	14271
とう	14272
とがめ	14273
とて	14274
とびきり	14275
とまどう	14276
とりで	14277
と博	14278
どき	14279
どさっ	14280
どすん	14281
どない	14282
なう	14283
なぐ	14284
なする	14285
なづける	14286
なまけもの	14287
ならび	14288
なれ	14289
にじる	14290
にゃんこ	14291
にやにや	14292
にょきっ	14293
にらみ	14294
にる	14295
ぬき	14296
ぬる	14297
ねむる	14298
ねる	14299
ねん	14300
のがす	14301
のこす	14302
のこる	14303
のっぴき	14304
のびのび	14305
のび太	14306
のぼせる	14307
のらりくらり	14308
のろう	14309
のろま	14310
はあはあ	14311
はした金	14312
はしる	14313
はじく	14314
はじける	14315
はずい	14316
はずむ	14317
はと	14318
はむ	14319
はやす	14320
はらぺこ	14321
はー	14322
ばい	14323
ばしか	14324
ばたばた	14325
ぱる	14326
ひとかけら	14327
ひところ	14328
ひとたび	14329
ひとまとめ	14330
ひとり息子	14331
ひと昔	14332
ひと目	14333
ひと眠り	14334
ひびく	14335
ひょんな	14336
ひよこ	14337
ひるがえす	14338
ひんする	14339
びっこ	14340
びびる	14341
ぴょんぴょん	14342
ふい	14343
ふぞろい	14344
ふたたび	14345
ふところ	14346
ふやす	14347
ふりかけ	14348
ふるさと	14349
ふんわり	14350
ぶさた	14351
ぶっつけ	14352
ぶるぶる	14353
ぷり	14354
へぇ	14355
へそくり	14356
へっ	14357
へつらう	14358
へらす	14359
べつ	14360
ぺ	14361
ぺしゃんこ	14362
ぺらぺら	14363
ほうき	14364
ほうび	14365
ほくろ	14366
ほぐれる	14367
ほじる	14368
ほほえみ	14369
ほんのり	14370
ぼうそう	14371
ぼうっと	14372
ぽかん	14373
ぽっかり	14374
まぁまぁ	14375
まかせ	14376
まかなえる	14377
まくり	14378
まざまざ	14379
まじり	14380
まずまず	14381
またたく	14382
まっ	14383
まばたき	14384
まばら	14385
ままごと	14386
まん中	14387
みぞ	14388
みのる	14389
むき	14390
むくむ	14391
むずむず	14392
むり	14393
むりやり	14394
むろん	14395
めかす	14396
めまぐるしい	14397
めんどい	14398
もぉ	14399
もくもく	14400
もたげる	14401
もってのほか	14402
もとめる	14403
もも	14404
もや	14405
もやもや	14406
もー	14407
やおや	14408
やぎ	14409
やけっぱち	14410
やすみ	14411
やすむ	14412
やすり	14413
やっき	14414
やり取り	14415
やり直し	14416
やわらげる	14417
やん	14418
やんわり	14419
ゆかり	14420
ゆする	14421
ゆるやか	14422
ようする	14423
よそ行き	14424
よれよれ	14425
らち	14426
るつぼ	14427
ろくでなし	14428
わたす	14429
わりい	14430
をば	14431
んと	14432
アイランド	14433
アカ	14434
アカデミー	14435
アクセル	14436
アクリル	14437
アシスト	14438
アスカ	14439
アスパラ	14440
アスパラガス	14441
アテンダント	14442
アトピー	14443
アドリブ	14444
アニメーション	14445
アフター	14446
アブラハム	14447
アポイント	14448
アヤ	14449
アラフォー	14450
アリゾナ	14451
アルト	14452
アルパカ	14453
アンカラ	14454
アンコール	14455
アンダーソン	14456
アンデレ	14457
アース	14458
アームチェア	14459
イエスマン	14460
イコール	14461
イシュマエル	14462
イチャイチャ	14463
イチロー	14464
イディオム	14465
イデオロギー	14466
イニシャル	14467
インコ	14468
インスタ	14469
インストラクター	14470
インテル	14471
イントネーション	14472
インフル	14473
インプット	14474
イーストウッド	14475
イード	14476
ウィリアム	14477
ウィンドウズ	14478
ウィンブルドン	14479
ウィーク	14480
ウイグル	14481
ウインター	14482
ウインドウズ	14483
ウインドー	14484
ウエイター	14485
ウォーキング	14486
ウォークマン	14487
ウォーミング	14488
ウクレレ	14489
ウソつき	14490
ウラン	14491
ウルグアイ	14492
ウルトラマン	14493
ウロチョロ	14494
ウンコ	14495
ウーマン	14496
エイプリル	14497
エイリアン	14498
エキサイティング	14499
エキスプレス	14500
エクアドル	14501
エコロジー	14502
エスカレート	14503
エスニック	14504
エディット	14505
エネルギッシュ	14506
エリック	14507
エンスト	14508
エンディング	14509
エージェント	14510
オスマン	14511
オハイオ	14512
オピニオン	14513
オフィスビル	14514
オブラート	14515
オペレーター	14516
オムツ	14517
オムライス	14518
オラ	14519
オリオン	14520
オークション	14521
オーディション	14522
カウントダウン	14523
カサカサ	14524
カジュアル	14525
カスタマー	14526
カズ	14527
カタカタ	14528
カチン	14529
カチンカチン	14530
カッコイイ	14531
カテゴリー	14532
カビル	14533
カリカリ	14534
カリスマ	14535
カリフラワー	14536
カルテ	14537
カルト	14538
カルピス	14539
カンタン	14540
カンボジア	14541
カーチャ	14542
カーネーション	14543
カーン	14544
ガタ	14545
ガタイ	14546
ガチ	14547
ガチガチ	14548
ガッツ	14549
ガット	14550
ガミガミ	14551
ガラッ	14552
ガリバー	14553
ガリレイ	14554
ガンジー	14555
ガーデン	14556
ガーリックパン	14557
キウイ	14558
キジ	14559
キッド	14560
キモイ	14561
キャッシー	14562
キャッチャー	14563
キャニオン	14564
キャビア	14565
キャビネット	14566
キャビン	14567
キャンドル	14568
キャンピングカー	14569
キュー	14570
キーツ	14571
ギザギザ	14572
ギブス	14573
ギプス	14574
ギャラリー	14575
ギョッと	14576
ギラギラ	14577
クイーン	14578
クエン	14579
クォーター	14580
クオリティ	14581
クオート	14582
クスクス	14583
クセ	14584
クニ子	14585
クラウチ	14586
クラッカー	14587
クリスティーン	14588
クリント	14589
クリーン	14590
クレイジー	14591
グアム	14592
グラアセ	14593
グラグラ	14594
グラハム	14595
グラフ	14596
グラフィック	14597
グラント	14598
グランドキャニオン	14599
グリンピース	14600
グリーンランド	14601
グレイソン	14602
グレン	14603
グロテスク	14604
グー	14605
ケツ	14606
ケニア	14607
ケネディー	14608
ケプラー	14609
ケラー	14610
ケンタウリ	14611
ゲイツ	14612
コオロギ	14613
コカイン	14614
コチコチ	14615
コットン	14616
コペルニクス	14617
コメディアン	14618
コメンテーター	14619
コルク	14620
コロン	14621
コースター	14622
コーネル	14623
コーラス	14624
コーラン	14625
コールド	14626
ゴメス	14627
ゴーグル	14628
ゴージャス	14629
ゴールイン	14630
ゴールド	14631
サイダー	14632
サクランボ	14633
サケ	14634
サシ	14635
サツ	14636
サプライ	14637
サヨナラ	14638
サラミ	14639
サングリア	14640
サンディエゴ	14641
ザ	14642
ザメンホフ	14643
シ	14644
シチリア	14645
シャーベット	14646
シュガーレス	14647
シュレッダー	14648
ショウイチ	14649
ション	14650
ショーン	14651
シルエット	14652
シロナガスクジラ	14653
シンディ	14654
ジェニファー	14655
ジェントルマン	14656
ジグザグ	14657
ジグソー	14658
ジッパー	14659
ジブチ	14660
ジャガー	14661
ジャグリング	14662
ジャスティン	14663
ジャワ	14664
ジャンヌ	14665
ジャー	14666
ジュリアス	14667
ジープ	14668
ジーンと	14669
ス	14670
スイング	14671
スイーツ	14672
スウェット	14673
ススメ	14674
スタバ	14675
スタメン	14676
スチーム	14677
ストップ	14678
ストロー	14679
スナップ	14680
スノーボード	14681
スピーキング	14682
スプレー	14683
スモーク	14684
スライド	14685
スラックス	14686
スランプ	14687
スローガン	14688
スワヒリ	14689
スーパーマン	14690
ズバズバ	14691
セクション	14692
セラピー	14693
セルフサービス	14694
セレーナ	14695
センセーション	14696
セーブ	14697
ゼミ	14698
ソリティア	14699
ゾウ	14700
ゾクゾク	14701
タイガース	14702
タイピング	14703
タウン	14704
タカシ	14705
タガ	14706
タタール	14707
タップ	14708
タブレット	14709
タブー	14710
タンパ	14711
タンポポ	14712
ダイアナ	14713
ダニエル	14714
ダブる	14715
ダメージ	14716
ダラス	14717
ダービー	14718
チアガール	14719
チェアー	14720
チェコ	14721
チェッカー	14722
チェックポイント	14723
チカチカ	14724
チズコ	14725
チャップリン	14726
チャーチル	14727
チューニング	14728
チョイ	14729
チロ	14730
チンピラ	14731
チーズバーガー	14732
ツイン	14733
ツイート	14734
ツルツル	14735
ツールバー	14736
ティミー	14737
テイラー	14738
テイルス	14739
テキーラ	14740
テクニック	14741
テレホン	14742
テンポ	14743
テール	14744
デ	14745
ディケンズ	14746
デカい	14747
デジカメ	14748
デバッグ	14749
デビット	14750
デリケート	14751
デーヴィス	14752
ト	14753
トイトレ	14754
トリノ	14755
トレンド	14756
トレード	14757
トレーラー	14758
トロント	14759
トンプソン	14760
トンボ	14761
トーク	14762
ドッと	14763
ドメイン	14764
ドライブイン	14765
ドラッグ	14766
ナイロン	14767
ナオコ	14768
ナオミ	14769
ナシ	14770
ナツメグ	14771
ナニ	14772
ナメクジ	14773
ナワトル	14774
ナン	14775
ナンバー	14776
ニキビ	14777
ニコッ	14778
ニコラス	14779
ニコル	14780
ニッケル	14781
ニモマケズ	14782
ニャンコ	14783
ニャーニャー	14784
ニューギニア	14785
ニュースキャスター	14786
ネイティヴ	14787
ネオン	14788
ネトゲ	14789
ノド	14790
ノルマン	14791
ノンストップ	14792
ノーカン	14793
ハイタッチ	14794
ハチドリ	14795
ハッタリ	14796
ハッピーバースデートゥユー	14797
ハナ	14798
ハネムーン	14799
ハプニング	14800
ハミング	14801
ハメ	14802
ハラスメント	14803
ハンドボール	14804
ハンブルク	14805
ハンプティ	14806
ハープ	14807
バイキング	14808
バイデン	14809
バイロン	14810
バカチック	14811
バッジ	14812
バッタリ	14813
バッファロー	14814
バトン	14815
バドミントン	14816
バンパー	14817
バーク	14818
バージニア	14819
バード	14820
バーンズ	14821
パイプライン	14822
パキスタン	14823
パクリ	14824
パセリ	14825
パチパチ	14826
パッケージ	14827
パトリシア	14828
パブロ	14829
パプアニューギニア	14830
パプリカ	14831
パム	14832
パラパラ	14833
パンデミック	14834
パークス	14835
パーッ	14836
パープル	14837
ヒステリー	14838
ヒナ	14839
ヒナギク	14840
ヒンドゥー	14841
ヒースロー	14842
ヒート	14843
ビショビショ	14844
ビット	14845
ビデオテープ	14846
ビュー	14847
ビリビリ	14848
ビート	14849
ビーバー	14850
ビー玉	14851
ピアフ	14852
ピエロ	14853
ピカチュウ	14854
ピクルス	14855
ピノキオ	14856
ピョン	14857
ピリピリ	14858
ピリポ	14859
ピル	14860
ファイト	14861
ファウル	14862
ファシズム	14863
ファスト	14864
ファディル	14865
ファーストキス	14866
フィアンセ	14867
フィリップ	14868
フェス	14869
フォース	14870
フタ	14871
フッソ	14872
フラグ	14873
フラット	14874
フランツ	14875
フルタイム	14876
フロア	14877
フワフワ	14878
ブザー	14879
ブックマーク	14880
ブッブー	14881
ブツブツ	14882
ブラインド	14883
ブラジャー	14884
ブラックベリー	14885
ブランケット	14886
ブリオシユ	14887
ブリティッシュ	14888
ブルドーザー	14889
ブレッド	14890
ブレーカー	14891
プ	14892
プエルトリコ	14893
プチ	14894
プチッ	14895
プラグ	14896
プロテクター	14897
プロム	14898
ヘクタール	14899
ヘタ	14900
ヘルニア	14901
ヘルペス	14902
ヘロヘロ	14903
ベット	14904
ベッドルーム	14905
ベネチア	14906
ベンジャミン	14907
ペドロ	14908
ペロペロ	14909
ペンション	14910
ペンダント	14911
ペンチ	14912
ペンパル	14913
ペースト	14914
ホチキス	14915
ホモ	14916
ホールインワン	14917
ボウル	14918
ボディー	14919
ボルト	14920
ボーッと	14921
ボーラ	14922
ポキポキ	14923
ポジティブ	14924
ポパイ	14925
ポルシェ	14926
ポルノ	14927
ポンコツ	14928
ポンプ	14929
マイカー	14930
マイクロソフト	14931
マイナー	14932
マイルド	14933
マインスイーパ	14934
マカロン	14935
マガジン	14936
マクベス	14937
マシーン	14938
マダガスカル	14939
マットレス	14940
マップ	14941
マニアック	14942
マリカ	14943
マリラ	14944
マリリン	14945
マルコーニ	14946
マロン	14947
マーシャ	14948
マーマレード	14949
ミイラ	14950
ミサ	14951
ミシシッピ	14952
ミスター	14953
ミディアム	14954
ミドル	14955
ミニ	14956
ミリー	14957
ミル	14958
ミート	14959
ムカデ	14960
ムシムシ	14961
ムチ	14962
ムーン	14963
メイト	14964
メシ	14965
メラニー	14966
メリッサ	14967
メルアド	14968
メロメロ	14969
メンタル	14970
モネ	14971
モロッコ	14972
モントリオール	14973
モンロー	14974
モーセ	14975
ヤダ	14976
ヤバイ	14977
ヤール	14978
ユリウス	14979
ラ	14980
ライフスタイル	14981
ライム	14982
ラウンジ	14983
ラグ	14984
ラジウム	14985
ラズベリー	14986
ラッセル	14987
ラッパ	14988
ラッピング	14989
ラバ	14990
ラブラドール	14991
ラブラブ	14992
リコール	14993
リサーチ	14994
リズ	14995
リトアニア	14996
リトマス	14997
リトル	14998
リハビリ	14999
リフォーム	15000
リフティング	15001
リフト	15002
リブ	15003
リモート	15004
リュックサック	15005
リレー	15006
ル	15007
ルクセンブルク	15008
ルネッサンス	15009
ルームメート	15010
レる	15011
レイ	15012
レイプ	15013
レイヤー	15014
レオナルド	15015
レクリエーション	15016
レゲエ	15017
レスキュー	15018
レスリング	15019
レズ	15020
レディ	15021
レトルト	15022
レバー	15023
レール	15024
ロッド	15025
ロバーツ	15026
ロマンス	15027
ロメオ	15028
ロン	15029
ロングヘア	15030
ローザ	15031
ローランド	15032
ワゴン	15033
ヴェネツィア	15034
ヴォラピュク	15035
一事	15036
一人占め	15037
一人娘	15038
一人子	15039
一人歩き	15040
一倍	15041
一千万	15042
一役	15043
一抹	15044
一挙	15045
一攫	15046
一昔	15047
一点	15048
一理	15049
一生涯	15050
一癖	15051
一目散	15052
一瞥	15053
一短	15054
一考	15055
一興	15056
一読	15057
一軒	15058
一途	15059
一遇	15060
一過	15061
一長	15062
一陣	15063
一風	15064
七五三	15065
七十	15066
万丈	15067
万難	15068
万雷	15069
三万	15070
三十路	15071
三塁	15072
三宅	15073
三脚	15074
三菱	15075
三重	15076
上々	15077
上がったり	15078
上げ底	15079
上方	15080
下乳	15081
下山	15082
下心	15083
下戸	15084
下敷き	15085
下旬	15086
下書き	15087
下水	15088
下町	15089
下等	15090
不休	15091
不信	15092
不備	15093
不可分	15094
不幸せ	15095
不治	15096
不燃	15097
不確か	15098
不穏	15099
不言	15100
不評	15101
不調	15102
世慣れる	15103
両家	15104
両社	15105
両端	15106
両肘	15107
並行	15108
中小	15109
中川	15110
中庸	15111
中性	15112
中指	15113
中日	15114
中旬	15115
中水	15116
中級	15117
中頃	15118
丸ごと	15119
丸焼け	15120
丸裸	15121
主演	15122
久い	15123
乗員	15124
乱入	15125
乳がん	15126
乾	15127
争える	15128
争議	15129
事欠く	15130
二の次	15131
二十二	15132
二十四	15133
二者	15134
二郎	15135
云ふ	15136
互	15137
五万	15138
五月雨	15139
五輪	15140
井上	15141
亜美	15142
亡夫	15143
交う	15144
交じる	15145
人出	15146
人当たり	15147
人情	15148
人払い	15149
人知	15150
仁	15151
仁義	15152
今さっき	15153
今日は	15154
介する	15155
仏像	15156
仏蘭西	15157
仕上がり	15158
仕向ける	15159
仕置き	15160
仕舞う	15161
仕込める	15162
他殺	15163
他言	15164
付かる	15165
代る	15166
代わる代わる	15167
代役	15168
代物	15169
令色	15170
仮名	15171
仮性	15172
仮装	15173
仲よく	15174
仲介	15175
件数	15176
任ずる	15177
任意	15178
企み	15179
伊豆	15180
伍する	15181
伐採	15182
休	15183
休講	15184
会得	15185
伝票	15186
伝聞	15187
伴侶	15188
伺える	15189
佇む	15190
住処	15191
佐渡	15192
体罰	15193
体裁	15194
体面	15195
何ごと	15196
何しろ	15197
何時頃	15198
余	15199
余震	15200
併合	15201
使い捨て	15202
供述	15203
依る	15204
依拠	15205
侵す	15206
侵食	15207
便座	15208
便秘	15209
保全	15210
信奉	15211
信長	15212
修士	15213
修得	15214
修行	15215
修道女	15216
個体	15217
倍増	15218
倒錯	15219
借入	15220
倦怠	15221
偏光	15222
停戦	15223
健やか	15224
健勝	15225
健脚	15226
偲ぶ	15227
備品	15228
催し	15229
催し物	15230
催促	15231
傷害	15232
傷跡	15233
働きづめ	15234
僧侶	15235
儚い	15236
優位	15237
優太	15238
元々	15239
元どおり	15240
元日	15241
元旦	15242
元来	15243
充てる	15244
充満	15245
充血	15246
先き	15247
先ごろ	15248
先人	15249
先回り	15250
先行	15251
先行き	15252
先送り	15253
先駆	15254
光沢	15255
光陰	15256
党派	15257
党首	15258
入れ物	15259
入港	15260
入籍	15261
入荷	15262
全壊	15263
全席	15264
全文	15265
全村	15266
全滅	15267
全米	15268
全裸	15269
全貌	15270
八百長	15271
八重洲	15272
公定	15273
公明	15274
公民	15275
公職	15276
公証	15277
公認	15278
共鳴	15279
兵十	15280
兵役	15281
内耳	15282
内装	15283
円形	15284
円滑	15285
再四	15286
再考	15287
再送	15288
冬場	15289
冷え性	15290
冷笑	15291
凝らす	15292
凡俗	15293
凧揚げ	15294
凪ぐ	15295
凶悪	15296
凹む	15297
出し	15298
出し抜け	15299
出だし	15300
出品	15301
出国	15302
出没	15303
出番	15304
出雲	15305
函館	15306
分泌	15307
分科	15308
切れ目	15309
切実	15310
切断	15311
刊行	15312
初々しい	15313
初任	15314
初日の出	15315
初版	15316
初老	15317
初見	15318
初詣	15319
判別	15320
判読	15321
利回り	15322
利息	15323
利率	15324
制約	15325
刺	15326
刺殺	15327
刺繍	15328
前任	15329
前売り	15330
前彼	15331
前月	15332
前科	15333
前置き	15334
前言	15335
前面	15336
剥がす	15337
割り当て	15338
加担	15339
加熱	15340
加盟	15341
加算	15342
助っ人	15343
助詞	15344
励まし	15345
励み	15346
労使	15347
勉	15348
動力	15349
動植物	15350
勤労	15351
勲章	15352
勾配	15353
化け	15354
化けの皮	15355
北側	15356
北極星	15357
北海	15358
北米	15359
北西	15360
匙	15361
医大	15362
十和田湖	15363
千羽	15364
千載	15365
升	15366
半々	15367
半日	15368
半減	15369
半角	15370
卑屈	15371
卒	15372
卒中	15373
南東	15374
単数	15375
占い師	15376
危なっかしい	15377
即ち	15378
即席	15379
即金	15380
原価	15381
原典	15382
原告	15383
原宿	15384
厭う	15385
厳粛	15386
参議	15387
又聞き	15388
反復	15389
反撃	15390
収納	15391
取りあえず	15392
取り巻き	15393
取り越し	15394
受理	15395
受診	15396
口ごもる	15397
口当たり	15398
口臭	15399
古寺	15400
古文	15401
古都	15402
古銭	15403
只今	15404
召使	15405
召喚	15406
可算	15407
台なし	15408
台南	15409
台車	15410
右前	15411
右脚	15412
司教	15413
各自	15414
合い言葉	15415
合同	15416
合弁	15417
合成	15418
合言葉	15419
合金	15420
同国	15421
同姓	15422
同居	15423
同席	15424
同月	15425
同業	15426
同輩	15427
同音	15428
名作	15429
名物	15430
名画	15431
名称	15432
吐血	15433
否決	15434
吹き	15435
吹ける	15436
吹奏	15437
告る	15438
周到	15439
呪い	15440
呪う	15441
味わい	15442
味気ない	15443
呵責	15444
命ず	15445
命中	15446
哀れむ	15447
品種	15448
品詞	15449
唄	15450
唐揚げ	15451
唐突	15452
唸る	15453
啄木鳥	15454
商才	15455
商法	15456
問屋	15457
問答	15458
喉元	15459
喪服	15460
器官	15461
噴く	15462
囀る	15463
四つん這い	15464
四辺	15465
因襲	15466
囲い	15467
囲う	15468
囲碁	15469
図体	15470
図面	15471
固唾	15472
固守	15473
固形	15474
国有	15475
園児	15476
土産話	15477
土足	15478
圧制	15479
地所	15480
地道	15481
垢抜ける	15482
垣	15483
執務	15484
堪る	15485
報	15486
塁	15487
塗布	15488
塩梅	15489
増	15490
増強	15491
増水	15492
増築	15493
士気	15494
声かけ	15495
売り出し	15496
売春	15497
変わり目	15498
変形	15499
変身	15500
夏期	15501
外套	15502
外敵	15503
外気	15504
外貨	15505
多角	15506
夜ふかし	15507
夜半	15508
夢見	15509
大いなる	15510
大仰	15511
大佐	15512
大同	15513
大敵	15514
大方	15515
大流行	15516
大火	15517
大砲	15518
大空	15519
大蔵	15520
大過	15521
大雑把	15522
大麻	15523
天災	15524
天秤	15525
天辺	15526
太宰	15527
失意	15528
奇行	15529
奈落	15530
奉公	15531
女々しい	15532
好い	15533
委任	15534
威勢	15535
媒介	15536
媚びる	15537
子音	15538
学力	15539
学祭	15540
学院	15541
守衛	15542
安っぽい	15543
安上がり	15544
完	15545
完備	15546
官軍	15547
宙	15548
宙返り	15549
定まる	15550
定め	15551
定価	15552
定員	15553
定款	15554
定職	15555
実り	15556
実務	15557
実情	15558
実戦	15559
実況	15560
宮沢	15561
害虫	15562
家宅	15563
家電	15564
容認	15565
寄り道	15566
寄附	15567
密	15568
密告	15569
密売	15570
密室	15571
密着	15572
富山	15573
寒	15574
寒暖	15575
寝たきり	15576
寝具	15577
寝巻き	15578
寝耳	15579
寝苦しい	15580
寝起き	15581
寸	15582
対向	15583
対岸	15584
封建	15585
射す	15586
尊大	15587
小っちゃい	15588
小事	15589
小人	15590
小便	15591
小判	15592
小熊	15593
小田原	15594
小異	15595
小皿	15596
小節	15597
小腸	15598
小船	15599
小降り	15600
小雪	15601
小額	15602
小魚	15603
少	15604
少い	15605
少佐	15606
少子	15607
少額	15608
尚早	15609
就活	15610
尺八	15611
尻軽	15612
尻馬	15613
尽かす	15614
尽くせる	15615
尽くめ	15616
尾生	15617
局地	15618
居合	15619
屈む	15620
屈伏	15621
屋台	15622
屍体	15623
履ける	15624
山ほど	15625
山国	15626
山形	15627
山村	15628
山羽	15629
山裾	15630
岸壁	15631
崖っぷち	15632
川べり	15633
川端	15634
巡り合わせ	15635
巡査	15636
工程	15637
工芸	15638
巧言	15639
巨匠	15640
差し詰め	15641
差異	15642
市政	15643
帝	15644
師匠	15645
師走	15646
帯広	15647
帰路	15648
帰郷	15649
帳消し	15650
常人	15651
常務	15652
常軌	15653
常連	15654
干満	15655
平常	15656
平年	15657
平衡	15658
平謝り	15659
平面	15660
年ごろ	15661
年の功	15662
年の瀬	15663
年内	15664
年号	15665
年始	15666
年明け	15667
年波	15668
年率	15669
年越し	15670
幸子	15671
幹事	15672
幻	15673
幻影	15674
幼馴染	15675
広がり	15676
広瀬	15677
店じまい	15678
店構え	15679
度肝	15680
延ばせる	15681
弁舌	15682
弓道	15683
引	15684
引き上げ	15685
引き換え	15686
引っ込み	15687
引越し	15688
弱肉	15689
弱音	15690
強	15691
強度	15692
強欲	15693
強火	15694
強食	15695
弾き	15696
弾力	15697
弾圧	15698
当市	15699
形作る	15700
彩る	15701
後れる	15702
後ろ前	15703
後ろ向き	15704
後任	15705
後便	15706
後先	15707
後戻り	15708
後押し	15709
後期	15710
徘徊	15711
復唱	15712
徴兵	15713
心強い	15714
心掛ける	15715
心深い	15716
忌まわしい	15717
忘年	15718
忙殺	15719
忠言	15720
快感	15721
念頭	15722
思わしい	15723
思春	15724
急性	15725
急所	15726
性交	15727
性器	15728
性病	15729
怨み	15730
恋う	15731
恋心	15732
恋文	15733
恐る	15734
恥じらう	15735
息抜き	15736
恵一	15737
悔む	15738
悔やみ	15739
悪党	15740
悪者	15741
悪銭	15742
惜しみない	15743
惰性	15744
愚痴る	15745
愛でる	15746
愛撫	15747
愛猫	15748
愛知	15749
愛称	15750
感服	15751
感激	15752
慇懃	15753
慎太郎	15754
慣れ	15755
憂い	15756
憎める	15757
憑く	15758
憲章	15759
懸賞	15760
戀	15761
成就	15762
戦力	15763
戦国	15764
戦線	15765
戸締り	15766
所々	15767
所帯	15768
所蔵	15769
所謂	15770
所長	15771
扇	15772
扇子	15773
手当て	15774
手招き	15775
手振り	15776
手柄	15777
手渡し	15778
手直し	15779
手立て	15780
手落ち	15781
手錠	15782
手間取る	15783
才女	15784
打ち所	15785
打診	15786
技量	15787
投げやり	15788
投球	15789
投薬	15790
投足	15791
折り返し	15792
抜糸	15793
択一	15794
抵当	15795
抹茶	15796
押入れ	15797
抽選	15798
拒食	15799
拘る	15800
拘置	15801
招集	15802
持ちあわせ	15803
持ち腐れ	15804
指令	15805
指宿	15806
挙動	15807
振り袖	15808
振込	15809
挽く	15810
捕食	15811
据わる	15812
授賞	15813
掛け算	15814
採掘	15815
採算	15816
掴まえる	15817
揚がる	15818
握力	15819
揺るぎない	15820
損じる	15821
損気	15822
操り	15823
擦り傷	15824
支払える	15825
改名	15826
改心	15827
改悪	15828
改造	15829
放浪	15830
放物	15831
敗退	15832
教皇	15833
数え	15834
数羽	15835
文才	15836
斜視	15837
断れる	15838
断層	15839
断末魔	15840
断絶	15841
新し	15842
新生	15843
新調	15844
新雪	15845
施し	15846
旅先	15847
日の目	15848
日刊	15849
日帰り	15850
日暮れる	15851
日本的	15852
日系	15853
日経	15854
日誌	15855
日銀	15856
旧式	15857
旧暦	15858
早春	15859
早足	15860
明晩	15861
明美	15862
昔日	15863
春先	15864
春分	15865
春巻き	15866
時本	15867
時機	15868
晋三	15869
晴れ間	15870
暖か	15871
暗に	15872
暦	15873
暫く	15874
暴行	15875
曜日	15876
更衣	15877
書きもの	15878
書き言葉	15879
書式	15880
最寄	15881
最盛	15882
最長	15883
月並み	15884
月光	15885
月刊	15886
月日	15887
有権	15888
有界	15889
服地	15890
朝一	15891
朝夕	15892
朝御飯	15893
朝方	15894
未決	15895
未聞	15896
末期	15897
本位	15898
本場	15899
本学	15900
本拠	15901
本籍	15902
本読み	15903
本通り	15904
本領	15905
本願	15906
札束	15907
村田	15908
来訪	15909
東海道	15910
東証	15911
松茸	15912
果てし	15913
果報	15914
果敢	15915
架かる	15916
架け橋	15917
柔和	15918
査定	15919
根っこ	15920
根付く	15921
格言	15922
格闘	15923
棄権	15924
棟梁	15925
椀	15926
植わる	15927
椎茸	15928
椎間	15929
検問	15930
検診	15931
検閲	15932
極力	15933
極地	15934
極東	15935
概要	15936
構い	15937
標本	15938
模試	15939
横取り	15940
横目	15941
横着	15942
橙	15943
機密	15944
機微	15945
欠落	15946
次期	15947
欲張る	15948
欲深い	15949
欲目	15950
欺瞞	15951
歌劇	15952
正真	15953
正銘	15954
此処	15955
武	15956
歯石	15957
歯車	15958
歴然	15959
死す	15960
死する	15961
死骸	15962
殺し	15963
殺し屋	15964
殺菌	15965
殺虫	15966
殿方	15967
毅然	15968
母子	15969
母性	15970
母音	15971
毛穴	15972
毛細	15973
民宿	15974
気品	15975
気流	15976
気長	15977
気高い	15978
水しぶき	15979
水上	15980
水割り	15981
水増し	15982
水害	15983
水彩	15984
水戸	15985
水槽	15986
水没	15987
水源	15988
水漏れ	15989
水路	15990
水辺	15991
氷解	15992
永住	15993
永眠	15994
求む	15995
汎用	15996
汗水	15997
汗臭い	15998
汚らわしい	15999
汲む	16000
決	16001
決算	16002
没する	16003
没収	16004
没後	16005
沼	16006
沼地	16007
法人	16008
法王	16009
法隆寺	16010
波乱	16011
波及	16012
波立つ	16013
波紋	16014
泣きっ面	16015
泣く泣く	16016
泥んこ	16017
泥沼	16018
洋裁	16019
洗	16020
洗髪	16021
活性	16022
派生	16023
流し台	16024
流布	16025
流星	16026
流木	16027
流派	16028
流行り	16029
浄水	16030
浅草	16031
浮き彫り	16032
海沿い	16033
海産	16034
海路	16035
浸水	16036
消去	16037
消毒	16038
消灯	16039
消耗	16040
液晶	16041
深酒	16042
混線	16043
添え	16044
清	16045
渋々	16046
減	16047
減食	16048
渦潮	16049
温帯	16050
港町	16051
湯気	16052
湿地	16053
湿気る	16054
満場	16055
満塁	16056
満天	16057
満車	16058
源氏	16059
準	16060
溶剤	16061
溶岩	16062
滅茶苦茶	16063
滑り出し	16064
滑走	16065
演出	16066
漢方	16067
漢詩	16068
漸く	16069
潤う	16070
潰瘍	16071
濡れ衣	16072
瀬	16073
瀬戸際	16074
火元	16075
火葬	16076
灯火	16077
点灯	16078
烏	16079
無二	16080
無常	16081
無敵	16082
無税	16083
無職	16084
無芸	16085
無茶苦茶	16086
無鉄砲	16087
無難	16088
無駄使い	16089
焼きもち	16090
焼酎	16091
煮沸	16092
煮物	16093
熟す	16094
熟成	16095
熱々	16096
爆薬	16097
爪先	16098
爬虫	16099
爲	16100
片っぽ	16101
片側	16102
片想い	16103
片腕	16104
牡牛	16105
牢屋	16106
物わかり	16107
物件	16108
物品	16109
物書き	16110
特価	16111
特派	16112
特長	16113
狂暴	16114
狙撃	16115
独りでに	16116
独り暮らし	16117
独り者	16118
献立	16119
王家	16120
王道	16121
珍味	16122
理容	16123
理恵	16124
琥珀	16125
甘受	16126
甘口	16127
生ぬるい	16128
生ふ	16129
生憎	16130
生業	16131
生鮮	16132
産休	16133
産児	16134
産卵	16135
由紀子	16136
由香	16137
甲板	16138
甲殻	16139
画質	16140
畑違い	16141
留め	16142
留置	16143
略す	16144
番犬	16145
番狂わせ	16146
異国	16147
疎い	16148
疎外	16149
疎遠	16150
疑り深い	16151
疾病	16152
病欠	16153
痘	16154
痙攣	16155
痛手	16156
癇	16157
発刊	16158
発声	16159
発掘	16160
発泡	16161
発注	16162
発覚	16163
発進	16164
登り	16165
白ける	16166
白日	16167
白米	16168
白血	16169
白身	16170
白雪姫	16171
百聞	16172
百貨	16173
皺	16174
盆休み	16175
益	16176
目くじら	16177
目くばせ	16178
目ざとい	16179
目の当たり	16180
目まい	16181
目次	16182
目覚しい	16183
目覚ましい	16184
目論む	16185
目論見	16186
目隠し	16187
盲	16188
直通	16189
相撲取り	16190
真っ盛り	16191
真心	16192
真理恵	16193
真由美	16194
真逆	16195
真鍮	16196
眩しい	16197
眩む	16198
眼下	16199
眼前	16200
眼差し	16201
着信	16202
着地	16203
睡魔	16204
矢印	16205
短詩	16206
石段	16207
石造り	16208
砂利	16209
砲火	16210
破ける	16211
破り	16212
硫酸	16213
確たる	16214
確証	16215
磁気	16216
示威	16217
礼節	16218
社説	16219
祇園	16220
祝宴	16221
神奈川	16222
神学	16223
祭壇	16224
祭日	16225
禅宗	16226
秀樹	16227
私用	16228
秋分	16229
秒速	16230
秘伝	16231
称号	16232
税引き	16233
税理	16234
稼ぎ手	16235
積み荷	16236
積雪	16237
究明	16238
空涙	16239
空爆	16240
空虚	16241
空軍	16242
突	16243
突き指	16244
突発	16245
窓枠	16246
窓越し	16247
窮鼠	16248
立ち見	16249
立ち退き	16250
立ち食い	16251
立身	16252
竜巻	16253
競売	16254
竹林	16255
算段	16256
管轄	16257
節句	16258
節穴	16259
築	16260
簿記	16261
米寿	16262
粋	16263
粗大	16264
粘る	16265
精度	16266
糊	16267
糞	16268
糸口	16269
納付	16270
納品	16271
納期	16272
純白	16273
紙袋	16274
紙面	16275
紛らす	16276
素っ気ない	16277
素性	16278
素描	16279
素晴らし	16280
素朴	16281
細々	16282
細君	16283
終戦	16284
終業	16285
組み立て	16286
経緯	16287
経路	16288
結	16289
結膜	16290
絡まる	16291
給水	16292
給油	16293
絵本	16294
絶体	16295
絶命	16296
絶景	16297
続編	16298
綻び	16299
綾子	16300
緊迫	16301
線香	16302
締結	16303
編曲	16304
編物	16305
縞	16306
縦横	16307
縫い目	16308
羅針	16309
美味	16310
美学	16311
美穂	16312
美紀	16313
美談	16314
義兄	16315
翌月	16316
翌週	16317
習い	16318
老年	16319
考え違い	16320
耳あか	16321
耳障り	16322
聖子	16323
聖霊	16324
肉親	16325
肛門	16326
肥大	16327
胃ガン	16328
背もたれ	16329
胡桃	16330
胸毛	16331
脂	16332
脇の下	16333
脇役	16334
脈拍	16335
脚注	16336
脱げる	16337
脱力	16338
脱字	16339
脱退	16340
脳死	16341
脳波	16342
腹ぺこ	16343
腹心	16344
膨れる	16345
膳	16346
膳立て	16347
臍	16348
自主	16349
自伝	16350
自席	16351
自愛	16352
自慰	16353
自我	16354
自明	16355
自虐	16356
自衛	16357
自閉	16358
臭う	16359
舎	16360
舗装	16361
航路	16362
船出	16363
船積み	16364
艦	16365
良妻	16366
色目	16367
色盲	16368
色褪せる	16369
色鮮やか	16370
芋虫	16371
花札	16372
芸当	16373
芽衣	16374
苗木	16375
若々しい	16376
若しくは	16377
若人	16378
若年	16379
苦心	16380
苦戦	16381
苦虫	16382
英和	16383
英字	16384
英詩	16385
茶々	16386
茶の子	16387
茶飯	16388
草案	16389
荒れ地	16390
荒波	16391
荘子	16392
菊	16393
菜の花	16394
華道	16395
萌える	16396
萎れる	16397
落ち目	16398
落選	16399
葛藤	16400
葦	16401
蔵王	16402
薄命	16403
蘇生	16404
虎子	16405
虎穴	16406
虚構	16407
虻蜂	16408
融通	16409
蠅	16410
血相	16411
血筋	16412
行き止まり	16413
行き違い	16414
街並み	16415
街角	16416
街頭	16417
衣食住	16418
裂け目	16419
裏表	16420
裏話	16421
裏道	16422
補語	16423
補足	16424
複写	16425
褐色	16426
襟首	16427
西日	16428
覆す	16429
覆水	16430
見どころ	16431
見出せる	16432
見直し	16433
見落とし	16434
覚まし	16435
解す	16436
解任	16437
解体	16438
解像	16439
解析	16440
触発	16441
言い逃れ	16442
言わす	16443
託児	16444
訪日	16445
許容	16446
訳文	16447
評議	16448
詰問	16449
話し声	16450
誉れ	16451
誓い	16452
誓約	16453
誘導	16454
誤訳	16455
誤認	16456
説法	16457
読売	16458
課す	16459
調合	16460
論法	16461
諦め	16462
諸悪	16463
謝礼	16464
識字	16465
議定	16466
議決	16467
護身	16468
豆乳	16469
豪快	16470
豪邸	16471
豪雪	16472
豹	16473
貝がら	16474
負い目	16475
負荷	16476
財務	16477
貧乳	16478
貫流	16479
貫禄	16480
責務	16481
貯まる	16482
貴女	16483
貶める	16484
買い方	16485
買い食い	16486
貸し借り	16487
貸出	16488
貸家	16489
貸間	16490
賊	16491
賑やか	16492
賞品	16493
賭事	16494
賽銭	16495
贈呈	16496
赤川	16497
赤毛	16498
赤点	16499
赦し	16500
走破	16501
起こせる	16502
起す	16503
趣	16504
足踏み	16505
跡地	16506
踏み場	16507
踏切	16508
躍動	16509
躓く	16510
身の丈	16511
身代わり	16512
身勝手	16513
躾	16514
軍艦	16515
転向	16516
転石	16517
軽々	16518
軽べつ	16519
軽傷	16520
輸血	16521
辛党	16522
辞意	16523
農地	16524
辺境	16525
近眼	16526
近郊	16527
返せる	16528
迷彩	16529
退会	16530
退却	16531
退散	16532
送り	16533
送付	16534
送料	16535
逃げ道	16536
逃れ	16537
逆立てる	16538
逆襲	16539
逆説	16540
逆鱗	16541
逐語	16542
通ず	16543
通せる	16544
通商	16545
通産	16546
速報	16547
速攻	16548
逡巡	16549
連ねる	16550
連携	16551
連日	16552
連結	16553
週休	16554
進入	16555
進撃	16556
逼迫	16557
遅らせる	16558
遊び場	16559
遊歩	16560
運用	16561
遍路	16562
過熱	16563
過酷	16564
道々	16565
道断	16566
道程	16567
道筋	16568
道草	16569
達筆	16570
遠出	16571
遡る	16572
適所	16573
遭遇	16574
遵守	16575
選	16576
選考	16577
遺す	16578
遺族	16579
還暦	16580
邪険	16581
部位	16582
郷愁	16583
都民	16584
酋長	16585
酌む	16586
配給	16587
酒場	16588
酒屋	16589
酒豪	16590
酷使	16591
醜聞	16592
重症	16593
野ウサギ	16594
野暮	16595
金使い	16596
金柑	16597
金棒	16598
金網	16599
金貨	16600
金貸	16601
金閣	16602
釣書	16603
鉄板	16604
銀杏	16605
銃器	16606
銃弾	16607
銘	16608
鋼	16609
錯乱	16610
鎮静	16611
鏡台	16612
長子	16613
門戸	16614
開校	16615
開通	16616
開館	16617
閑古	16618
閑静	16619
間髪	16620
闇夜	16621
闘病	16622
防音	16623
降車	16624
降雨	16625
限りない	16626
院内	16627
陣営	16628
除ける	16629
除去	16630
除草	16631
陥れる	16632
陰る	16633
陰性	16634
陰湿	16635
陳情	16636
陶芸	16637
陸路	16638
陽子	16639
陽射し	16640
階上	16641
隔たり	16642
隕石	16643
際する	16644
際どい	16645
隠し立て	16646
隠滅	16647
隠蔽	16648
隣る	16649
隣町	16650
雄牛	16651
雇える	16652
雑言	16653
雑踏	16654
難波	16655
雨具	16656
雨男	16657
雨脚	16658
雨露	16659
雨風	16660
雪まつり	16661
雪下ろし	16662
雪崩	16663
雪玉	16664
雲泥	16665
零細	16666
電器	16667
電流	16668
電磁	16669
霊的	16670
霊長	16671
霞む	16672
露出	16673
露語	16674
霹靂	16675
静止	16676
静粛	16677
静脈	16678
面持ち	16679
革張り	16680
革製	16681
靴ベラ	16682
音読	16683
音響	16684
頂	16685
頑強	16686
領主	16687
頬張る	16688
頭でっかち	16689
頭打ち	16690
頭蓋	16691
頭角	16692
頭部	16693
頼みごと	16694
頼み事	16695
頼もしい	16696
額縁	16697
顔負け	16698
風光	16699
風呂上がり	16700
風呂敷	16701
風情	16702
風物	16703
風雨	16704
飛	16705
飛び石	16706
食える	16707
食らわせる	16708
食券	16709
食塩	16710
食感	16711
飲み込み	16712
飽き	16713
飾り	16714
飾りつけ	16715
飾り気	16716
餅屋	16717
養える	16718
首吊り	16719
香ばしい	16720
馬子	16721
馬肉	16722
馴れ馴れしい	16723
駆使	16724
駐在	16725
驕る	16726
髄	16727
高3	16728
高らか	16729
高価い	16730
高倉	16731
高利	16732
高名	16733
高山	16734
高望み	16735
高松	16736
高田	16737
高知	16738
高跳び	16739
高飛び	16740
高鳴る	16741
鮫	16742
鮮度	16743
鱒	16744
鳥取	16745
鳥肌	16746
鴨	16747
鵞鳥	16748
鶏卵	16749
麗しい	16750
麦畑	16751
麦芽	16752
麦茶	16753
黄昏	16754
黄昏時	16755
黒服	16756
黒点	16757
黒鯛	16758
黙れる	16759
黙秘	16760
黙考	16761
鼻汁	16762
0.3	16763
0.5	16764
0.7	16765
12.5	16766
120.5	16767
14,000	16768
150,000	16769
1500万	16770
186,000	16771
1人1人	16772
1千	16773
2000万	16774
3.5	16775
30億	16776
3140億	16777
3億	16778
4.0	16779
400万	16780
40万	16781
4億	16782
50億	16783
5億	16784
6,000	16785
60億	16786
7,000	16787
70億	16788
7万	16789
8.8	16790
8万	16791
900万	16792
〆切	16793
「々」	16794
あいうえお	16795
あいこ	16796
あいて	16797
あいのこ	16798
あがめる	16799
あがれる	16800
あき	16801
あきなう	16802
あくせく	16803
あぐねる	16804
あけっぴろげ	16805
あげく	16806
あざむく	16807
あじさい	16808
あだな	16809
あちゃー	16810
あつかい	16811
あつかう	16812
あつらえる	16813
あながち	16814
あのう	16815
あばた	16816
あばよ	16817
あびる	16818
あぶく銭	16819
あべこべ	16820
あます	16821
あまた	16822
あみ	16823
あやふや	16824
あやまち	16825
あらた	16826
あらっ	16827
あらわ	16828
ありあわせ	16829
ありか	16830
ありきたり	16831
あわす	16832
あわせ	16833
あわただしい	16834
あわれ	16835
あんぐり	16836
あんこ	16837
ぃ	16838
いいや	16839
いいわけ	16840
いかな	16841
いきさつ	16842
いくばく	16843
いけにえ	16844
いたく	16845
いちぢく	16846
いち早く	16847
いつくしむ	16848
いてる	16849
いねむり	16850
いばる	16851
いびつ	16852
いびる	16853
いぶかしい	16854
いまどき	16855
いも	16856
いらい	16857
いらつく	16858
いわく	16859
う~ん	16860
うかがえる	16861
うかる	16862
うく	16863
うぐいす	16864
うさ	16865
うしなう	16866
うしろめたい	16867
うじうじ	16868
うす塩	16869
うずめる	16870
うったえる	16871
うつる	16872
うで	16873
うなぎのぼり	16874
うなぎ上り	16875
うなされる	16876
うねうね	16877
うふふ	16878
うぶ	16879
うまる	16880
うめる	16881
うやうやしい	16882
うやむや	16883
うり二つ	16884
うれし涙	16885
うわの空	16886
うんこ	16887
えがく	16888
えぐい	16889
えじき	16890
えみ	16891
えらぶ	16892
えーっと	16893
えーと	16894
おいそれと	16895
おおお	16896
おおかみ	16897
おおきい	16898
おかえりなさい	16899
おかみ	16900
おこ	16901
おこがましい	16902
おこなう	16903
おしなべて	16904
おしん	16905
おじゃん	16906
おせっかい	16907
おたふくかぜ	16908
おちぶれる	16909
おっきい	16910
おっきな	16911
おっちょこちょい	16912
おてんば	16913
おでん	16914
おとしいれる	16915
おどし	16916
おどる	16917
おのれ	16918
おびく	16919
おびやかす	16920
おびる	16921
おぶう	16922
おめえ	16923
おもい	16924
おもな	16925
おもらし	16926
おわす	16927
おわり	16928
おんなじ	16929
おんぼろ	16930
お出まし	16931
お墨付き	16932
お日様	16933
お洒落	16934
お茶	16935
お蔭	16936
お袋	16937
かえ	16938
かおり	16939
かかせる	16940
かくて	16941
かけ引き	16942
かこつける	16943
かさぶた	16944
かしげる	16945
かする	16946
かすれる	16947
かず	16948
かたじけない	16949
かたち	16950
かたどる	16951
かちかち	16952
かったるい	16953
かに玉	16954
かの	16955
かび臭い	16956
かまくら	16957
かみ合わせ	16958
かも	16959
かやぶき	16960
かゆ	16961
かよう	16962
からあげ	16963
からきし	16964
かんがえる	16965
かんじ	16966
かんな	16967
かんぬき	16968
かんべん	16969
かー	16970
か弱い	16971
か所	16972
がくぜん	16973
がしがし	16974
がっつく	16975
がっつり	16976
がぶがぶ	16977
がぶり	16978
がめつい	16979
がわり	16980
がんがん	16981
がんばり	16982
がんばれる	16983
きざ	16984
きしむ	16985
きず	16986
きずな	16987
きせる	16988
きたい	16989
きちっと	16990
きづかう	16991
きぬ	16992
きよう	16993
きりん	16994
きんぴら	16995
ぎざぎざ	16996
ぎゃあぎゃあ	16997
くぎづけ	16998
くじゃく	16999
くじら	17000
くすぐり	17001
くすねる	17002
くそったれ	17003
くだす	17004
くちばし	17005
くっ	17006
くつがえす	17007
くねくね	17008
くべる	17009
くも	17010
くも膜	17011
くらえる	17012
くるみ	17013
くるむ	17014
くろ	17015
くわしい	17016
くわばら	17017
くんくん	17018
ぐあい	17019
ぐいぐい	17020
ぐうすか	17021
ぐせ	17022
ぐつぐつ	17023
ぐる	17024
ぐんぐん	17025
ぐんと	17026
けじめ	17027
けす	17028
けたたましい	17029
けちけち	17030
けっ	17031
けはい	17032
けわしい	17033
けんじ	17034
けんもほろろ	17035
げんき	17036
こい	17037
こくる	17038
こたえ	17039
こっち側	17040
こつん	17041
こてこて	17042
こてんぱん	17043
ことわる	17044
この方	17045
こびる	17046
こま	17047
こまねく	17048
こむらがえり	17049
こら	17050
こらす	17051
ころあい	17052
ころす	17053
ころん	17054
こわばる	17055
こんがらがる	17056
こんもり	17057
ごきげんよう	17058
ごしごし	17059
ごそごそ	17060
ごねる	17061
ごぼう	17062
ごまかせる	17063
ごみ箱	17064
ご免	17065
ご飯粒	17066
さいころ	17067
さいたま	17068
さいなむ	17069
さう	17070
さかだつ	17071
さがる	17072
さきほど	17073
ささやき	17074
ささる	17075
さざ波	17076
さっぽろ	17077
さとす	17078
さばき	17079
さや	17080
さらっ	17081
さらり	17082
されど	17083
されば	17084
さんさん	17085
さー	17086
さーん	17087
さ迷う	17088
ざい	17089
ざぶん	17090
ざます	17091
ざわざわ	17092
ざわめく	17093
ざわり	17094
しかじか	17095
しかめつら	17096
しかめ面	17097
しかれる	17098
しきる	17099
しける	17100
しげみ	17101
しこたま	17102
しつらえる	17103
しつれい	17104
しとしと	17105
しどろもどろ	17106
しなしな	17107
しぶる	17108
しもやけ	17109
しゃ	17110
しゃぼん	17111
しゃれる	17112
しゃんと	17113
しょげる	17114
しょぼい	17115
しょんぼり	17116
しらばっくれる	17117
しるこ	17118
しわくちゃ	17119
しん	17120
しんと	17121
しんぼう	17122
じたばた	17123
じまう	17124
じりじり	17125
じれったい	17126
すい	17127
すいか	17128
すいすい	17129
すごーい	17130
すし詰め	17131
すず	17132
すずしい	17133
すたこら	17134
すってんころり	17135
すっぽんぽん	17136
すっ転ぶ	17137
すねかじり	17138
すばしこい	17139
すみずみ	17140
すり傷	17141
するどい	17142
すんで	17143
ずかずか	17144
ずけずけ	17145
ずさん	17146
ずばずば	17147
ずるがしこい	17148
ずれ	17149
ずん	17150
ずーっと	17151
せかせか	17152
せき払い	17153
せこい	17154
せっ	17155
せみ	17156
せん	17157
ぜいぜい	17158
ぜんたい	17159
そい	17160
そうめん	17161
そこない	17162
そなえる	17163
そなた	17164
そぶり	17165
そよぐ	17166
そりゃあ	17167
そんじょそこら	17168
そー	17169
ぞめく	17170
ぞんざい	17171
たいくつ	17172
たがえる	17173
たがやす	17174
たぐい	17175
たぐる	17176
たけなわ	17177
たける	17178
たげる	17179
たしなみ	17180
たすける	17181
たずさわる	17182
たたん	17183
たな	17184
たまげる	17185
たまねぎ	17186
たまり場	17187
ためす	17188
たもと	17189
たより	17190
たらい回し	17191
たらす	17192
たんび	17193
たゞ	17194
だ〜	17195
だぁれ	17196
だあれ	17197
だいだい	17198
ださい	17199
だせる	17200
だって	17201
だぼっ	17202
だみ声	17203
だる	17204
だんぜん	17205
ちぇっ	17206
ちか	17207
ちぐはぐ	17208
ちご	17209
ちっさい	17210
ちゃぁ	17211
ちゃち	17212
ちゃちゃっ	17213
ちょいちょい	17214
ちょっくら	17215
ちよ	17216
ちり紙	17217
ちん	17218
ちんぴら	17219
ちんまり	17220
ったく	17221
ったって	17222
ったらしい	17223
ついぞ	17224
ついたて	17225
つうずる	17226
つかい	17227
つかます	17228
つがい	17229
つきる	17230
つくり	17231
つくれる	17232
つつがない	17233
つつましい	17234
つて	17235
つながり	17236
つなげる	17237
つばさ	17238
つぶら	17239
つましい	17240
つまづく	17241
つむじ曲がり	17242
つや	17243
つり針	17244
つるが	17245
つわもの	17246
づえ	17247
てきぱき	17248
てこ	17249
てこずる	17250
てら	17251
てらしゃる	17252
てんぷら	17253
でっち上げ	17254
でぶ	17255
でまかせ	17256
でらっしゃる	17257
とおい	17258
とおせる	17259
ときめく	17260
としお	17261
とだえる	17262
とつぐ	17263
とど	17264
とどこおる	17265
とどろく	17266
とばっちり	17267
とぼしい	17268
ともる	17269
とんかつ	17270
どうぶつ	17271
どう猛	17272
どかっ	17273
どかどか	17274
どかん	17275
どさくさ	17276
どす黒い	17277
どっこい	17278
どっちみち	17279
どっぷり	17280
どのみち	17281
どぶ	17282
どもる	17283
どる	17284
どろどろ	17285
ないがしろ	17286
なおかつ	17287
なおざり	17288
なおみ	17289
ながい	17290
ながれる	17291
なぞらえる	17292
なだらか	17293
ななめ	17294
なにしろ	17295
なになに	17296
なべ物	17297
なま	17298
なまけ者	17299
なまる	17300
なんちゃって	17301
なんどき	17302
なんなく	17303
なーい	17304
なーん	17305
にきび	17306
にこっ	17307
にっぽん	17308
にべ	17309
にほん	17310
にゃんにゃん	17311
にやける	17312
にょ	17313
にょっきり	17314
にわとり	17315
にー	17316
ぬかり	17317
ぬらす	17318
ぬるぬる	17319
ね〜	17320
ねかせる	17321
ねぐら	17322
ねじれる	17323
ねたましい	17324
ねね	17325
ねむい	17326
ねんざ	17327
のこのこ	17328
のぞみ	17329
のたりのたり	17330
のちほど	17331
のほほん	17332
のみの市	17333
のめる	17334
のれる	17335
はいはい	17336
はえ	17337
はからい	17338
はかり	17339
はがれる	17340
はぐくむ	17341
はけ	17342
はけ口	17343
はさめる	17344
はじき	17345
はたらき	17346
はちきれる	17347
はっ	17348
はな	17349
はなし	17350
はなつ	17351
はねかす	17352
はは	17353
ははあ	17354
はばかる	17355
はばたく	17356
はびこる	17357
はま	17358
はや	17359
はらむ	17360
ばい菌	17361
ばく大	17362
ばさみ	17363
ばたん	17364
ばち	17365
ばっかし	17366
ばっちい	17367
ばり	17368
ばーか	17369
ぱちり	17370
ぱっつん	17371
ぱっぱ	17372
ぱねる	17373
ぱらつく	17374
ぱらぱら	17375
ぱんぱん	17376
ひえ	17377
ひかえ目	17378
ひさし	17379
ひさしい	17380
ひじょう	17381
ひたい	17382
ひたむき	17383
ひたる	17384
ひっくりかえす	17385
ひつじ	17386
ひときわ	17387
ひとしお	17388
ひとつまみ	17389
ひとめ	17390
ひと夏	17391
ひと時	17392
ひなびる	17393
ひな鳥	17394
ひびき	17395
ひび割れ	17396
ひやかす	17397
ひょい	17398
ひょう	17399
ひらひら	17400
ひんぱん	17401
ひ弱	17402
び	17403
びくっ	17404
びり	17405
ぴたり	17406
ぴちゃぴちゃ	17407
ぴったし	17408
ぴりぴり	17409
ぴんぴん	17410
ふき	17411
ふくよか	17412
ふくれっ面	17413
ふくろう	17414
ふさふさ	17415
ふためく	17416
ふふ	17417
ふやける	17418
ふりがな	17419
ふわり	17420
ふん	17421
ぶ	17422
ぶしつけ	17423
ぶっ続け	17424
ぶつくさ	17425
ぷ	17426
ぷかぷか	17427
ぷっ	17428
ぷんぷん	17429
へえー	17430
へこみ	17431
へそ	17432
へばる	17433
へび	17434
べたべた	17435
べた惚れ	17436
べとべと	17437
べろべろ	17438
べろんべろん	17439
ぺちゃくちゃ	17440
ぺろり	17441
ほおづえ	17442
ほがらか	17443
ほころび	17444
ほころびる	17445
ほつれる	17446
ほめ言葉	17447
ほれ	17448
ほろ苦い	17449
ほろ酔い	17450
ほんっと	17451
ほ乳	17452
ぼうぼう	17453
ぼう然	17454
ぼかす	17455
ぼちぼち	17456
ぼったくり	17457
ぼったくる	17458
ぼやける	17459
ぼろ負け	17460
ぽたぽた	17461
まいど	17462
まいにち	17463
まかる	17464
まがい	17465
まがる	17466
まくす	17467
まぐれ	17468
まさぐる	17469
ましん	17470
まじか	17471
またもや	17472
まったり	17473
まっ青	17474
まと	17475
まとまり	17476
まひ	17477
まへ	17478
まみれ	17479
まみれる	17480
まり	17481
まるきり	17482
まんじゅう	17483
まんじり	17484
まんま	17485
まん丸	17486
まん延	17487
みがき	17488
みずがめ	17489
みずみずしい	17490
みせびらかす	17491
みぞれ	17492
みちる	17493
みとめる	17494
みやげ	17495
みるみる	17496
むかえる	17497
むかしむかし	17498
むし暑い	17499
むちゃ	17500
むち打ち	17501
むやみやたら	17502
めぐみ	17503
めそめそ	17504
めとる	17505
めぼしい	17506
めらめら	17507
める	17508
めんどうくさい	17509
もうけ	17510
もくず	17511
もぐもぐ	17512
もこもこ	17513
もごもご	17514
もぞもぞ	17515
もたせる	17516
もだえる	17517
もちいる	17518
もて遊ぶ	17519
ものぐさ	17520
ものもらい	17521
ものわかり	17522
もの凄い	17523
もの好き	17524
もの思い	17525
もふもふ	17526
もめ事	17527
もやし	17528
もやす	17529
もよう	17530
もろ	17531
やい	17532
やけくそ	17533
やじ馬	17534
やつれる	17535
やぶ	17536
やぶへび	17537
やまやま	17538
やめれる	17539
やり過ぎ	17540
やるせ	17541
やわらか	17542
やんちゃ	17543
ゆうゆう	17544
ゆき	17545
ゆくゆく	17546
ゆすぐ	17547
ゆすり	17548
ゆみこ	17549
ゆる	17550
ゆるぎない	17551
ゆゑ	17552
ょ	17553
よ〜	17554
ようし	17555
ようる	17556
よう子	17557
よこ	17558
よごす	17559
よごれ	17560
よごれる	17561
よしあし	17562
よし子	17563
よじれる	17564
よどむ	17565
よりどり	17566
よりまし	17567
よろける	17568
よろしゅう	17569
よろよろ	17570
よーし	17571
らくらく	17572
らむ	17573
らる	17574
らん	17575
ら抜き	17576
りい	17577
りこう	17578
りす	17579
りつ然	17580
りよう	17581
ろ	17582
ろうばい	17583
ろくな	17584
わかい	17585
わかめ	17586
わかれる	17587
わた	17588
わはは	17589
わんこ	17590
んで	17591
ア	17592
アイ	17593
アイザック	17594
アイツ	17595
アイリーン	17596
アウトドア	17597
アウトプット	17598
アカデミック	17599
アク	17600
アクシデント	17601
アグレッシブ	17602
アコーディオン	17603
アシカ	17604
アジアゾウ	17605
アジト	17606
アセアン	17607
アセロラ	17608
アタシ	17609
アタック	17610
アダルト	17611
アッ	17612
アッパー	17613
アップロード	17614
アトーレ	17615
アドバイザー	17616
アドバルーン	17617
アナライザ	17618
アナログ	17619
アニマル	17620
アニー	17621
アノラック	17622
アフィ	17623
アフリカゾウ	17624
アブラナ	17625
アベル	17626
アメジスト	17627
アユ	17628
アライグマ	17629
アライヴ	17630
アラウンド	17631
アラバマ	17632
アリア	17633
アリスター	17634
アリストテレス	17635
アリーナ	17636
アルカリ	17637
アルク	17638
アルゴリズム	17639
アルデヒド	17640
アルフィー	17641
アルマ	17642
アレクサンドリア	17643
アレッサンドロ	17644
アレンジメント	17645
アロイ	17646
アロハ	17647
アンカレッジ	17648
アンクレット	17649
アングル	17650
アンゴラ	17651
アンサンブル	17652
アンダー	17653
アンディー	17654
アントワープ	17655
アントン	17656
アンド	17657
アンドロイド	17658
アンネ	17659
アンフェア	17660
アヴリル	17661
アーカイブ	17662
アーチェリー	17663
アーモンク	17664
アーロン	17665
イオン	17666
イカす	17667
イカれる	17668
イガイガ	17669
イスタンブール	17670
イタズラ	17671
イタリー	17672
イチョウ	17673
イディッシュ	17674
イド	17675
イナゴ	17676
イノベーション	17677
イマジナリー	17678
イヤイヤ	17679
イヤーマフ	17680
インゴット	17681
インターリングア	17682
インテリア	17683
インド洋	17684
インポート	17685
ウィジェット	17686
ウィリアムズ	17687
ウィンク	17688
ウィンター	17689
ウィンドー	17690
ウィンナー	17691
ウインク	17692
ウェイト	17693
ウェーブ	17694
ウエスタン	17695
ウエーター	17696
ウォッチング	17697
ウォーズ	17698
ウォール	17699
ウオール	17700
ウケる	17701
ウザい	17702
ウロウロ	17703
エウォンド	17704
エキス	17705
エキゾチック	17706
エクセル	17707
エグゼクティブ	17708
エグゼンプション	17709
エスケープ	17710
エステ	17711
エステティック	17712
エスプレッソ	17713
エチケット	17714
エディタ	17715
エディンバラ	17716
エドウィン	17717
エビカレー	17718
エマ	17719
エマニュエル	17720
エメラルド	17721
エリオット	17722
エリヤ	17723
エルベ	17724
エルメス	17725
エレガント	17726
エンジョイ	17727
エンタテインメント	17728
エンター	17729
エントランス	17730
エンピツ	17731
エヴァ	17732
エヴェレスト	17733
エー	17734
オ	17735
オシッコ	17736
オシロ	17737
オスロ	17738
オズオズ	17739
オセアニア	17740
オセロ	17741
オタマジャクシ	17742
オチ	17743
オニ	17744
オフィーリア	17745
オフレコ	17746
オマエ	17747
オミッド	17748
オリエンテーリング	17749
オリエント	17750
オリヴァー	17751
オンドリ	17752
オンボロ	17753
オンリー	17754
オー	17755
オーガニック	17756
オーケー	17757
オートメーション	17758
オーバーラップ	17759
オーボエ	17760
カイリー	17761
カウチ	17762
カウンセリング	17763
カウント	17764
カカオ	17765
カキン	17766
カキ氷	17767
カステラ	17768
カゼ	17769
カタい	17770
カチャカチャ	17771
カッコウ	17772
カツカツ	17773
カツラ	17774
カナ	17775
カニ	17776
カビリ	17777
カビリアン	17778
カビリー	17779
カフェインレスコーヒー	17780
カマンベール	17781
カミソリ	17782
カヤック	17783
カラカス	17784
カラッ	17785
カラント	17786
カルパス	17787
カワイイ	17788
カンシャク	17789
カーター	17790
カーティス	17791
カートリッジ	17792
カーナビ	17793
カーニバル	17794
カーフ	17795
カールトン	17796
ガオー	17797
ガキンチョ	17798
ガチャガチャ	17799
ガックリ	17800
ガッツリ	17801
ガッポリ	17802
ガツガツ	17803
ガヤガヤ	17804
ガラガラペッ	17805
ガラン	17806
ガー	17807
キスマーク	17808
キズ	17809
キック	17810
キップ	17811
キツい	17812
キツイ	17813
キマる	17814
キャスター	17815
キャパ	17816
キャロライン	17817
キャンバス	17818
キャンプファイヤー	17819
キュロット	17820
キョクアジサシ	17821
キョロキョロ	17822
キリキリ	17823
キリル	17824
キレ	17825
キーワード	17826
ギア	17827
ギクリ	17828
ギツネ	17829
ギトギト	17830
ギブアップ	17831
ギャーギャー	17832
ギュ	17833
ギルモア	17834
クエスチョン	17835
クエーサー	17836
クシ	17837
クシュネル	17838
クック	17839
クヨクヨ	17840
クライミング	17841
クライン	17842
クラッシック	17843
クリイム	17844
クリオール	17845
クリスティー	17846
クリストファー	17847
クリニック	17848
クリプレ	17849
クル	17850
クルクル	17851
クルトン	17852
クルド	17853
クルミ	17854
クルー	17855
クルーズ	17856
クロ	17857
クロッカス	17858
クロッキー	17859
クロール	17860
グズベリー	17861
グダグダ	17862
グチグチ	17863
グッズ	17864
グッド	17865
グラタン	17866
グランプリ	17867
グリル	17868
グリー	17869
グリーンピース	17870
グル	17871
グルグル	17872
グルジア	17873
グレアム	17874
グレイス	17875
グレッグ	17876
グレート	17877
グーグー	17878
ケイドロ	17879
ケイマン	17880
ケチる	17881
ケチケチ	17882
ケニー	17883
ケモノ	17884
ケルト	17885
ケンジ	17886
ケント	17887
ケージ	17888
ケータイ	17889
ゲティスバーグ	17890
ゲージ	17891
コイル	17892
コク	17893
コケコッコー	17894
コスモ	17895
コッペパン	17896
コテンパン	17897
コニャック	17898
コペンハーゲン	17899
コミック	17900
コメディー	17901
コラ	17902
コラボ	17903
コリアンダー	17904
コリコリ	17905
コロコロ	17906
コロラド	17907
コロンビア	17908
コンコード	17909
コンサルティング	17910
コンセンサス	17911
コンテンツ	17912
コンディション	17913
コンバインド	17914
コンパ	17915
コンビニエンス	17916
コンフオルタブル	17917
コンプレックス	17918
コンロ	17919
コーク	17920
コーンスターチ	17921
コーンフレーク	17922
ゴア	17923
ゴシック	17924
ゴタゴタ	17925
ゴッホ	17926
ゴトン	17927
ゴハン	17928
ゴメン	17929
ゴリゴリ	17930
ゴースト	17931
ゴードン	17932
ゴールキーパー	17933
サイ	17934
サイエンス	17935
サイクル	17936
サイコ	17937
サイフ	17938
サイモン	17939
サイレント	17940
サインペン	17941
サクラ	17942
サソリ	17943
サタン	17944
サッサと	17945
サッパリ	17946
サテライト	17947
サファリ	17948
サブマリン	17949
サンドウィッチ	17950
サンバ	17951
サンマ	17952
サーバ	17953
サーモスタット	17954
ザック	17955
ザワークラウト	17956
ザンビア	17957
ザーッ	17958
シアター	17959
シアトル	17960
シェケル	17961
シェパード	17962
シェルター	17963
シェーバー	17964
シスチン	17965
システィナ	17966
シティ	17967
シャットアウト	17968
シャフト	17969
シャンソン	17970
シャンデリア	17971
シャンピニオン	17972
シャープ	17973
シャーレイ	17974
シュミット	17975
シュメール	17976
シュレーディンガー	17977
シュワシュワ	17978
シユウ	17979
ショウ	17980
ショッキング	17981
ショートカット	17982
シリウス	17983
シリンダー	17984
シルバー	17985
シンディー	17986
シンナー	17987
シンメトリー	17988
シーガル	17989
シーソー	17990
ジェフリー	17991
ジェン	17992
ジェンキンズ	17993
ジェンダー	17994
ジオパーク	17995
ジブラルタル	17996
ジャイアン	17997
ジャッキ	17998
ジャッキー	17999
ジャマイカ	18000
ジャーナリズム	18001
ジャーン	18002
ジュテーム	18003
ジュリアン	18004
ジュンコ	18005
ジューサー	18006
ジュール	18007
ジューン	18008
ジョエル	18009
ジョッキー	18010
ジロジロ	18011
ジンジャー	18012
ジンバブエ	18013
ジンベイザメ	18014
スイスイ	18015
スイマー	18016
スイミング	18017
スエズ	18018
スカイ	18019
スカイツリー	18020
スカイライナー	18021
スキップ	18022
スキャン	18023
スキル	18024
スキン	18025
スクエア	18026
スクラントン	18027
スクリュー	18028
スクロール	18029
スクワット	18030
スクープ	18031
スクーリング	18032
スケレトン	18033
スケーター	18034
スケートボード	18035
スケール	18036
スコッチ	18037
ススメる	18038
スタテル	18039
スタディアム	18040
スタン	18041
スターズ	18042
スッポン	18043
スティーブン	18044
ステイン	18045
ステンド	18046
ストイック	18047
ストライプ	18048
ストラテジー	18049
ストレッチ	18050
ストロンチウム	18051
ストーカー	18052
スニーカー	18053
スヌーピー	18054
スノボ	18055
スノーボーダー	18056
スパイク	18057
スパッツ	18058
スパナ	18059
スパム	18060
スピードアップ	18061
スペリオル	18062
スペルミス	18063
スポイト	18064
スミレ	18065
スモール	18066
スライダー	18067
スリジャヤワルダナプラコッテ	18068
スリランカ	18069
スリリング	18070
スリー	18071
スリーブ	18072
スロット	18073
スロベニア	18074
スローモーション	18075
スワローズ	18076
スーダン	18077
ズキズキ	18078
ズッキーニ	18079
セカンド	18080
セシウム	18081
セシル	18082
セッション	18083
セッティング	18084
セフレ	18085
セラピスト	18086
セレモニー	18087
セロテープ	18088
センサー	18089
センチメンタル	18090
センチメートル	18091
セントルイス	18092
センパイ	18093
セーリング	18094
ゼウス	18095
ソ	18096
ソナチネ	18097
ソフィア	18098
ソフィー	18099
ソフトボール	18100
ソリ	18101
ソレ	18102
ソーラー	18103
ゾッと	18104
ゾーン	18105
タ	18106
タイト	18107
タイプミス	18108
タイル	18109
タガログ	18110
タケオ	18111
タチ	18112
タツノオトシゴ	18113
タヒチ	18114
タフスト	18115
タマ	18116
タマゴ	18117
タミ	18118
タメ	18119
タメ口	18120
タラ	18121
タランチュラ	18122
タロット	18123
タロー	18124
ターゲット	18125
ダイアル	18126
ダイジェスト	18127
ダイバー	18128
ダウ	18129
ダスト	18130
ダニ	18131
ダビデ	18132
ダブリン	18133
ダメダメ	18134
ダンテ	18135
ダントツ	18136
ダンベル	18137
ダンボ	18138
ダンボール	18139
ダーティー	18140
チアリーダー	18141
チェコスロバキア	18142
チェリー	18143
チェンジ	18144
チクチク	18145
チタン	18146
チャイナ	18147
チャイナタウン	18148
チャット	18149
チャラ	18150
チャリ通	18151
チャールストン	18152
チュウチュウ	18153
チュンチュン	18154
チューナー	18155
チューリッヒ	18156
チョイス	18157
チョキ	18158
チョコレイト	18159
チョッキ	18160
チリ	18161
チンチン	18162
チンパンジー	18163
チーク	18164
チーター	18165
チームメイト	18166
チームワーク	18167
ッて	18168
ッと	18169
ツタ	18170
ツナサンド	18171
ツヤツヤ	18172
ツレ	18173
ツン	18174
ツンデレ	18175
ティナ	18176
ティフュル	18177
ティースプーン	18178
テイクアウト	18179
テクニカル	18180
テクノ	18181
テッサロニキ	18182
テネシー	18183
テュルリー	18184
テリア	18185
テルミン	18186
テロリズム	18187
ディスカウント	18188
ディスカッション	18189
ディスプレイ	18190
ディッシュ	18191
ディベート	18192
ディーン	18193
デイモン	18194
デオドラント	18195
デッド	18196
デネット	18197
デマ	18198
デメリット	18199
デモイン	18200
デモンストレーション	18201
デリカテッセン	18202
デンバー	18203
デヴィッド	18204
トゥロット	18205
トゲ	18206
トッピング	18207
トピ	18208
トモ	18209
トランス	18210
トルストイ	18211
トレー	18212
トロンボーン	18213
トンチンカン	18214
トントン	18215
トーテムポール	18216
ドアベル	18217
ドカン	18218
ドキッ	18219
ドクロ	18220
ドジる	18221
ドスン	18222
ドタキャン	18223
ドッジボール	18224
ドップラー	18225
ドナルド	18226
ドラ	18227
ドラえもん	18228
ドラクマ	18229
ドルペッグ	18230
ドレッシング	18231
ドレーク	18232
ドロシー	18233
ドローン	18234
ドーガン	18235
ナイトクラブ	18236
ナイーブ	18237
ナザレ	18238
ナチス	18239
ナルシスト	18240
ナレッジ	18241
ナント	18242
ナース	18243
ナーバス	18244
ニコデモ	18245
ニューズウィーク	18246
ニーチェ	18247
ニート	18248
ネイル	18249
ネカフェ	18250
ネザーポータル	18251
ネバー	18252
ネルソン	18253
ネロ	18254
ネービー	18255
ノア	18256
ノイズ	18257
ノウ	18258
ノベル	18259
ノミ	18260
ノラ	18261
ノンアルコール	18262
ノンアルビール	18263
ノンケ	18264
ノンフィクション	18265
ノース	18266
ノータッチ	18267
ノートン	18268
ノーパン	18269
ハ	18270
ハイウェイ	18271
ハイウエイ	18272
ハイジ	18273
ハイダ	18274
ハイファイ	18275
ハイフン	18276
ハイリスク	18277
ハイリターン	18278
ハゲタカ	18279
ハズレ	18280
ハッカー	18281
ハッキング	18282
ハック	18283
ハット	18284
ハナミズキ	18285
ハメる	18286
ハリソン	18287
ハリファ	18288
ハリポタ	18289
ハルヨ	18290
ハレー	18291
ハロルド	18292
ハロー	18293
ハワイアン	18294
ハンググライディング	18295
ハングリー	18296
ハンス	18297
ハンスト	18298
ハンセン	18299
ハンディキャップ	18300
ハンドメイド	18301
ハンモック	18302
ハーイ	18303
ハードウェア	18304
ハーフ	18305
ハーフタイム	18306
ハーモニカ	18307
バイ	18308
バイオ	18309
バイオテクノロジー	18310
バイト代	18311
バウンド	18312
バカンス	18313
バグる	18314
バサバサ	18315
バシャバシャ	18316
バジル	18317
バスタブ	18318
バッキンガム	18319
バッティング	18320
バッド	18321
バツイチ	18322
バトル	18323
バヤ	18324
バラエティー	18325
バラック	18326
バリー	18327
バルカン	18328
バルサミコ	18329
バルト	18330
バロック	18331
バロメーター	18332
バンガロール	18333
バーガー	18334
バースデイ	18335
バーテン	18336
バーテンダー	18337
バーナーズ	18338
バーミングハム	18339
バームクーヘン	18340
パイント	18341
パエリア	18342
パックマン	18343
パッション	18344
パッチ	18345
パッド	18346
パティシエ	18347
パティー	18348
パニクる	18349
パフェ	18350
パラグラフ	18351
パラソル	18352
パラダイス	18353
パラメータ	18354
パリサイ	18355
パレット	18356
パロディ	18357
パンジー	18358
パンドラ	18359
パーシー	18360
パーフェクト	18361
ヒキガエル	18362
ヒザ	18363
ヒジ	18364
ヒスイ	18365
ヒステリック	18366
ヒビ	18367
ヒヤシンス	18368
ヒヨコ	18369
ヒロコ	18370
ヒロシ	18371
ビアン	18372
ビオラ	18373
ビギナー	18374
ビシッ	18375
ビジョン	18376
ビスク	18377
ビビ	18378
ビフテキ	18379
ビラ	18380
ビリヤード	18381
ビロード	18382
ビーフステーキ	18383
ピッキング	18384
ピック	18385
ピニャータ	18386
ピューマ	18387
ピレネー	18388
ピンキリ	18389
ピーク	18390
ピース	18391
ピータン	18392
ピーターソン	18393
ピート	18394
ピーナツ	18395
ピーラー	18396
ファミレス	18397
ファランプ	18398
ファーザー	18399
フアナ	18400
フィオナ	18401
フィット	18402
フィフティー	18403
フィルター	18404
フェティシズム	18405
フェンシング	18406
フォスター	18407
フォルダー	18408
フォーマット	18409
フォーマル	18410
フジ	18411
フック	18412
フラミンゴ	18413
フラワー	18414
フラン	18415
フランクフルト	18416
フリスビー	18417
フリーズ	18418
フルハウス	18419
フレーム	18420
フローズン	18421
ブイ	18422
ブサイク	18423
ブチキレ	18424
ブッソウゲ	18425
ブブゼラ	18426
ブブー	18427
ブラ	18428
ブライド	18429
ブラウザー	18430
ブラザー	18431
ブリテン	18432
ブリーフケース	18433
ブルジュ	18434
ブルマ	18435
ブルータス	18436
ブルーベリーティ	18437
ブルーレイ	18438
ブレイク	18439
ブレザー	18440
ブレンド	18441
ブレーク	18442
ブロンズ	18443
ブローカー	18444
ブロードウェイ	18445
ブンブン	18446
ブードゥー	18447
ブーブー	18448
ブーン	18449
プチプチ	18450
プッシュ	18451
プラグイン	18452
プラスティック	18453
プラハ	18454
プラフ	18455
プラモデル	18456
プリントアウト	18457
プリーツ	18458
プルダウン	18459
プレイボーイ	18460
プレセント	18461
プレハブ	18462
プレート	18463
プロキシマ	18464
プロゴルファー	18465
プロセッサ	18466
プロセッサー	18467
プロトコル	18468
プロフェッショナル	18469
プロレス	18470
プータロー	18471
プールサイド	18472
ヘアゴム	18473
ヘアブラシ	18474
ヘチマ	18475
ヘディング	18476
ヘビメタ	18477
ヘラクレス	18478
ヘルス	18479
ヘーゲル	18480
ベニヤ	18481
ベルボトム	18482
ベロベロ	18483
ベンソン	18484
ベンチプレス	18485
ベーリング	18486
ペインティング	18487
ペギー	18488
ペソ	18489
ペットロス	18490
ペテロ	18491
ペプシ	18492
ペリスコープ	18493
ペンペン	18494
ペール	18495
ホウレンソウ	18496
ホコリ	18497
ホステス	18498
ホセ	18499
ホタテ	18500
ホッチキス	18501
ホップ	18502
ホバークラフト	18503
ホブソン	18504
ホプキンス	18505
ホメロス	18506
ホヤホヤ	18507
ホラ	18508
ホルン	18509
ホン	18510
ホーチミン	18511
ホームステイ	18512
ホームルーム	18513
ボイン	18514
ボクー	18515
ボッサ	18516
ボッブ	18517
ボディビル	18518
ボディーガード	18519
ボビー	18520
ボヤール	18521
ボラ	18522
ボルシチ	18523
ボロ勝ち	18524
ボロ負け	18525
ボンド	18526
ボンベ	18527
ボンベイ	18528
ボー	18529
ボーっと	18530
ポ	18531
ポケモン	18532
ポケモンゴー	18533
ポタポタ	18534
ポッキー	18535
ポニー	18536
ポプラ	18537
ポランド	18538
ポリシー	18539
ポル	18540
ポンチ	18541
ポンペイ	18542
マイブーム	18543
マオリ	18544
マキ	18545
マグカップ	18546
マグネシウム	18547
マグロ	18548
マザコン	18549
マシマロ	18550
マシュー	18551
マスカルポーネ	18552
マセンセン	18553
マッシュルーム	18554
マッチング	18555
マニア	18556
マニキュア	18557
マニラ	18558
マネジメント	18559
マネジャー	18560
ママー	18561
マメ	18562
マラル	18563
マリオット	18564
マリナ	18565
マル	18566
マルクス	18567
マルタ	18568
マル秘	18569
マングース	18570
マンネリ	18571
マンモス	18572
マーカス	18573
マーカー	18574
マーサ	18575
マージ	18576
マーフィー	18577
ミキサー	18578
ミクシィ	18579
ミケランジェロ	18580
ミシガン	18581
ミスターハイ	18582
ミスプリント	18583
ミック	18584
ミノーグ	18585
ミミ	18586
ミャンマー	18587
ミュージアム	18588
ミュート	18589
ミョウバン	18590
ミラン	18591
ミリ	18592
ミロ	18593
ミンク	18594
ミンスク	18595
ム	18596
ムキムキ	18597
ムクドリ	18598
ムスタング	18599
ムリ	18600
ムンムン	18601
ムービー	18602
ムーミン	18603
メインフレーム	18604
メガフェプス	18605
メキシコシティ	18606
メダカ	18607
メッキ	18608
メット	18609
メナード	18610
メロドラマ	18611
メン	18612
メンズ	18613
メンツ	18614
メンテナンス	18615
メンデル	18616
メースン	18617
メーデー	18618
メード	18619
メーリー	18620
モウ	18621
モザイク	18622
モデナ	18623
モデム	18624
モノクロ	18625
モノポリー	18626
モブ	18627
モラル	18628
モリモリ	18629
モル	18630
モーツアルト	18631
モービル	18632
ヤキモキ	18633
ヤッホー	18634
ヤモリ	18635
ヤリ	18636
ヤンキー	18637
ヤンキース	18638
ユニコーン	18639
ユニット	18640
ユミコ	18641
ユーゴスラビア	18642
ユーザ	18643
ユーチューバー	18644
ヨーク	18645
ライフワーク	18646
ライラ	18647
ラインナップ	18648
ラクロス	18649
ラザニア	18650
ラック	18651
ラトビア	18652
ラブコメ	18653
ラブホ	18654
ランク	18655
ランクイン	18656
ランタン	18657
ランドルフ	18658
ラーク	18659
リコッタ	18660
リコーダー	18661
リザードン	18662
リソース	18663
リッター	18664
リナックス	18665
リヒター	18666
リプル	18667
リプレー	18668
リベート	18669
リボ	18670
リポーター	18671
リンカン	18672
リンチ	18673
リーキ	18674
リース	18675
リーズ	18676
ルシア	18677
ルシフェラ	18678
ルシー	18679
ルネ	18680
ルネサンス	18681
ルンルン	18682
ルー	18683
ルールブック	18684
レイチェル	18685
レインボウ	18686
レオ	18687
レス	18688
レッテル	18689
レバノン	18690
レパートリー	18691
レフト	18692
レポーター	18693
レンジャー	18694
レンチ	18695
レーシング	18696
レーズン	18697
レーン	18698
ロ	18699
ロイヤルホテル	18700
ロゴデザイン	18701
ロジック	18702
ロスアンゼルス	18703
ロッキー	18704
ロッキード	18705
ロックンロール	18706
ロッテルダム	18707
ロナルド	18708
ロペス	18709
ロマン	18710
ロマンチスト	18711
ロンパリ	18712
ローズ	18713
ローソク	18714
ローブ	18715
ローリ	18716
ロールスロイス	18717
ワイヤレス	18718
ワット	18719
ワッフル	18720
ワッペン	18721
ワルシャワ	18722
ワンダー	18723
ワーテルロー	18724
ヴァン	18725
ヴァンパイア	18726
ヴィトン	18727
ヴィヴィ	18728
ヵ国	18729
一つ	18730
一つまみ	18731
一ぱい	18732
一丁	18733
一丸	18734
一会	18735
一兆	18736
一先ず	18737
一利	18738
一因	18739
一国	18740
一報	18741
一塁	18742
一変	18743
一室	18744
一山	18745
一座	18746
一式	18747
一張羅	18748
一徹	18749
一手	18750
一本	18751
一条	18752
一環	18753
一画	18754
一矢	18755
一糸	18756
一網	18757
一色	18758
一計	18759
一走り	18760
一躍	18761
一辺倒	18762
一酸	18763
一際	18764
一騎	18765
丁	18766
七十五	18767
万代	18768
万国	18769
万病	18770
万里	18771
三唱	18772
三日月	18773
三浦	18774
三男	18775
三郎	18776
三頭	18777
上あご	18778
上がり下がり	18779
上げれる	18780
上げ膳	18781
上出来	18782
上向く	18783
上塗り	18784
上旬	18785
上段	18786
上腕	18787
上述	18788
上限	18789
下ろせる	18790
下劣	18791
下層	18792
下欄	18793
下見	18794
下調べ	18795
不乱	18796
不倫	18797
不具	18798
不変	18799
不整	18800
不敵	18801
不時	18802
不死身	18803
不用	18804
不発	18805
不覚	18806
不随	18807
与格	18808
且つ	18809
世知	18810
世襲	18811
両得	18812
両目	18813
両脚	18814
両論	18815
並び	18816
中1	18817
中2	18818
中ほど	18819
中る	18820
中二	18821
中休み	18822
中元	18823
中南米	18824
中和	18825
中型	18826
中山	18827
中枢	18828
中海岸	18829
中火	18830
中盤	18831
中西部	18832
中農	18833
中近東	18834
中隊	18835
中高年	18836
丸つぶれ	18837
丸顔	18838
主力	18839
主犯	18840
主神	18841
主筆	18842
主観	18843
主賓	18844
丼	18845
久美	18846
乗り心地	18847
乗用	18848
乱	18849
乱れ	18850
乱射	18851
乳幼児	18852
乳房	18853
乳母車	18854
乳酸	18855
乾草	18856
亀の甲	18857
了見	18858
予兆	18859
予行	18860
事細か	18861
事象	18862
二の腕	18863
二の舞	18864
二の足	18865
二位	18866
二太郎	18867
二手	18868
二枚舌	18869
二進	18870
五大	18871
五木	18872
亜	18873
亜紀子	18874
亡	18875
亡者	18876
亡霊	18877
交友	18878
享年	18879
享楽	18880
京葉	18881
人づて	18882
人となり	18883
人並み	18884
人中	18885
人喰い	18886
人妻	18887
人家	18888
人心	18889
人恋しい	18890
人聞き	18891
人造	18892
人魚	18893
仄めかす	18894
今ひとつ	18895
今一つ	18896
今夏	18897
今季	18898
今朝方	18899
今来	18900
今金	18901
今雪	18902
仏壇	18903
仕る	18904
仕入れる	18905
仕切り	18906
仕掛け	18907
仕立て	18908
仕立て屋	18909
仕立屋	18910
他力	18911
付き人	18912
付き物	18913
付す	18914
代々木	18915
代わり映え	18916
代わり番	18917
代価	18918
代弁	18919
代行	18920
令和	18921
令状	18922
仰々しい	18923
伊丹	18924
伏し目	18925
休す	18926
休戦	18927
会派	18928
伝導	18929
伝承	18930
伝授	18931
伝来	18932
伝線	18933
伴る	18934
伸ばせる	18935
低し	18936
住い	18937
住まう	18938
住みごこち	18939
佐々木	18940
佐賀	18941
何万	18942
作りごと	18943
作り付け	18944
作柄	18945
作風	18946
佳人	18947
併せる	18948
併用	18949
使いもの	18950
使い分け	18951
使い心地	18952
使い走り	18953
使節	18954
來たる	18955
例え話	18956
侘しい	18957
供える	18958
供与	18959
侮り	18960
侮蔑	18961
侵攻	18962
便名	18963
便通	18964
保温	18965
保釈	18966
保養	18967
修了	18968
俯く	18969
個室	18970
個所	18971
倒し	18972
借り方	18973
借家	18974
借款	18975
値切る	18976
偏屈	18977
健一	18978
健介	18979
健太	18980
健気	18981
偶発	18982
偽	18983
偽札	18984
偽装	18985
傍ら	18986
傍目八目	18987
傍若	18988
備蓄	18989
傷あと	18990
傾斜	18991
働き口	18992
償える	18993
償還	18994
優	18995
優待	18996
儲け	18997
元利	18998
元町	18999
兄妹	19000
充足	19001
先だって	19002
先制	19003
先決	19004
先着	19005
先駆け	19006
光源	19007
光速	19008
免	19009
入	19010
入り江	19011
入り用	19012
入れ替え	19013
入党	19014
入江	19015
入選	19016
入金	19017
全う	19018
全問	19019
全土	19020
全幅	19021
全損	19022
全敗	19023
全日	19024
全編	19025
全速	19026
全長	19027
全霊	19028
八つ当たり	19029
八万	19030
公僕	19031
公爵	19032
公的	19033
公道	19034
六百	19035
共働き	19036
共犯	19037
共生	19038
共稼ぎ	19039
兵法	19040
兼備	19041
内々	19042
内乱	19043
内在	19044
内定	19045
内股	19046
内膜	19047
内訳	19048
内陸	19049
円い	19050
円安	19051
円山	19052
円満	19053
円陣	19054
冊子	19055
再入	19056
冒涜	19057
写り	19058
冥界	19059
冥福	19060
冬型	19061
冬彦	19062
冷え	19063
冷え冷え	19064
冷ややか	19065
冷や冷や	19066
冷害	19067
冷血	19068
凌駕	19069
凛	19070
凡	19071
凡々	19072
凡庸	19073
凡退	19074
凧上げ	19075
凪	19076
凱旋	19077
凶作	19078
凶暴	19079
凸凹	19080
出しゃばる	19081
出し物	19082
出っ歯	19083
出店	19084
出廷	19085
出来たて	19086
出来ばえ	19087
出来映え	19088
出来栄え	19089
出欠	19090
出水	19091
出盛り	19092
出立	19093
出題	19094
出馬	19095
函数	19096
分与	19097
分冊	19098
分娩	19099
分岐	19100
分数	19101
切り売り	19102
切れ端	19103
切迫	19104
切開	19105
刑法	19106
列する	19107
列挙	19108
初回	19109
初歩	19110
初潮	19111
初犯	19112
初球	19113
初級	19114
初詣で	19115
初頭	19116
初鰹	19117
別れ話	19118
別件	19119
別売り	19120
別格	19121
別種	19122
別腹	19123
利権	19124
利潤	19125
利発	19126
到る	19127
制覇	19128
刷新	19129
刹那	19130
則ち	19131
則る	19132
削り	19133
前世	19134
前借り	19135
前腕	19136
前衛	19137
前輪	19138
剣幕	19139
剥げる	19140
副次	19141
割り算	19142
割安	19143
割拠	19144
創始	19145
創業	19146
劇中	19147
劇団	19148
力点	19149
功	19150
加われる	19151
加害	19152
加湿	19153
加護	19154
劣悪	19155
助成	19156
努め	19157
労苦	19158
効能	19159
勃つ	19160
勃起	19161
勇	19162
動転	19163
勘当	19164
務まる	19165
勝手口	19166
勝敗	19167
勝算	19168
勧告	19169
匂	19170
包括	19171
化ける	19172
化合	19173
化膿	19174
北国	19175
北端	19176
区画	19177
千歳	19178
千秋	19179
升目	19180
半信	19181
半値	19182
半疑	19183
半音	19184
卓越	19185
協奏	19186
南方	19187
単体	19188
単品	19189
博愛	19190
博文	19191
占う	19192
占拠	19193
卯年	19194
印鑑	19195
危ぶむ	19196
危惧	19197
即	19198
即する	19199
即位	19200
即妙	19201
即断	19202
卵巣	19203
卸	19204
厄災	19205
厘	19206
厚紙	19207
原語	19208
原野	19209
厨	19210
厭	19211
参入	19212
又貸し	19213
及第	19214
反る	19215
反動	19216
反戦	19217
反証	19218
反転	19219
反駁	19220
収拾	19221
収縮	19222
収量	19223
取り入れ	19224
取り分	19225
取り方	19226
受け入れ	19227
口うるさい	19228
口づけ	19229
口付け	19230
口伝え	19231
口止め	19232
口癖	19233
口走る	19234
古墳	19235
古書	19236
古池	19237
只中	19238
召還	19239
可換	19240
可視	19241
台木	19242
台頭	19243
叱責	19244
右左	19245
右肩	19246
叶	19247
司令	19248
各所	19249
各社	19250
合体	19251
合致	19252
吉川	19253
吉日	19254
吉野	19255
吉雄	19256
吊り橋	19257
吊る	19258
吊るす	19259
同乗	19260
同州	19261
同年	19262
同志	19263
同期	19264
同種	19265
名付け	19266
名代	19267
名優	19268
名士	19269
名指し	19270
名曲	19271
名無し	19272
名状	19273
吐夢	19274
向う側	19275
向かい風	19276
吸える	19277
吹雪く	19278
吼える	19279
呆気	19280
呆然	19281
告知	19282
呼びかけ	19283
呼び出し	19284
呼び物	19285
命取り	19286
命題	19287
咆哮	19288
和室	19289
和睦	19290
和紙	19291
和装	19292
和風	19293
咥える	19294
哀愁	19295
哀願	19296
品ぞろえ	19297
品位	19298
品定め	19299
唆す	19300
唐辛子	19301
啄木	19302
啓子	19303
啖呵	19304
喀血	19305
善し悪し	19306
喘ぐ	19307
喚問	19308
喚起	19309
喜寿	19310
喜色	19311
喧騒	19312
喫する	19313
嗜む	19314
嘆かわしい	19315
嘆き	19316
嘆願	19317
嘗て	19318
嘘吐き	19319
嘘泣き	19320
嘲笑う	19321
噓	19322
噛める	19323
器械	19324
器楽	19325
囀り	19326
囚われる	19327
四十八	19328
四百	19329
四角	19330
回せる	19331
因む	19332
因子	19333
因数	19334
団欒	19335
図形	19336
図鑑	19337
固まり	19338
国交	19339
国力	19340
国又	19341
国宝	19342
国花	19343
圏外	19344
土下座	19345
土井	19346
土星	19347
土着	19348
圧	19349
圧政	19350
在す	19351
在留	19352
在職	19353
地団駄	19354
地層	19355
地響き	19356
坂道	19357
均一	19358
垣間見る	19359
埃まみれ	19360
城下	19361
城壁	19362
域	19363
培う	19364
堤	19365
報知	19366
場内	19367
場外	19368
塗り立て	19369
塞がり	19370
塩っぱい	19371
塩抜き	19372
塩気	19373
塩漬け	19374
境目	19375
墓穴	19376
墳墓	19377
墺	19378
壁画	19379
壁紙	19380
壊れ物	19381
士官	19382
壮行	19383
声優	19384
声変わり	19385
声高	19386
売り言葉	19387
売り買い	19388
売家	19389
壺	19390
変哲	19391
変色	19392
変速	19393
変遷	19394
夏バテ	19395
夏季	19396
夏目	19397
夏祭り	19398
夏草	19399
夕刻	19400
夕御飯	19401
夕闇	19402
夕陽	19403
外来	19404
外泊	19405
外海	19406
外用	19407
外語	19408
多々	19409
多元	19410
多勢	19411
多岐	19412
多弁	19413
多湿	19414
多芸	19415
多難	19416
多面	19417
夜ご飯	19418
夜どおし	19419
夜分	19420
夜行	19421
夜道	19422
夢うつつ	19423
夢みる	19424
夢精	19425
大ごと	19426
大の字	19427
大もうけ	19428
大勝	19429
大卒	19430
大口	19431
大名	19432
大嘘	19433
大器	19434
大小	19435
大局	19436
大山	19437
大島	19438
大志	19439
大成	19440
大樹	19441
大汗	19442
大海原	19443
大病	19444
大社	19445
大福	19446
大腸	19447
大荒れ	19448
大軍	19449
大違い	19450
大食らい	19451
天パ	19452
天上	19453
天主	19454
天地	19455
天引き	19456
天性	19457
天王	19458
天真	19459
天窓	19460
太り	19461
太古	19462
失態	19463
失敬	19464
失笑	19465
奇	19466
奇声	19467
奇術	19468
奇襲	19469
奏する	19470
契機	19471
奢り	19472
女たらし	19473
女だてら	19474
女卑	19475
女盛り	19476
女遊び	19477
好きかって	19478
好事	19479
好色	19480
如何なる	19481
如才	19482
妃	19483
妄動	19484
妙子	19485
妙技	19486
妙案	19487
始業	19488
威嚇	19489
婚礼	19490
婿	19491
嫁ぐ	19492
子守り	19493
子離れ	19494
孔	19495
孔雀	19496
存する	19497
存命	19498
学会	19499
学術	19500
孫の手	19501
宅建	19502
守り	19503
安住	19504
安土	19505
安息	19506
安産	19507
完ぺき	19508
完済	19509
完遂	19510
完食	19511
官庁	19512
定石	19513
宝箱	19514
宝飾	19515
実体	19516
実直	19517
実証	19518
実需	19519
客足	19520
客車	19521
宣する	19522
宣教	19523
宣誓	19524
室町	19525
宥める	19526
宮参り	19527
宮廷	19528
宵	19529
宵っ張り	19530
宵の口	19531
家並	19532
家並み	19533
家来	19534
容積	19535
寄せ集め	19536
寄稿	19537
寄贈	19538
寄越す	19539
密教	19540
密林	19541
寒し	19542
寓話	19543
寝泊まり	19544
寝間着	19545
寝食	19546
寡黙	19547
寮母	19548
寺巡り	19549
対峙	19550
対格	19551
対比	19552
対訳	19553
対談	19554
対辺	19555
寿限無	19556
射手	19557
将兵	19558
尊ぶ	19559
尊父	19560
尋ね者	19561
尋常	19562
導体	19563
小出し	19564
小包み	19565
小売り	19566
小島	19567
小林	19568
小樽	19569
小池	19570
小生	19571
小耳	19572
小遣	19573
小野	19574
小食	19575
小骨	19576
少食	19577
尽く	19578
尿瓶	19579
尿量	19580
局員	19581
居士	19582
屈指	19583
屈託	19584
屑	19585
属す	19586
履き心地	19587
履行	19588
山下町	19589
山千	19590
山口	19591
山腹	19592
山越え	19593
山車	19594
岡	19595
崇敬	19596
嵩張る	19597
川下	19598
川原	19599
川口	19600
川向う	19601
川幅	19602
川越	19603
川辺	19604
工科	19605
左端	19606
左耳	19607
左肩	19608
巨万	19609
巨木	19610
差し当たり	19611
差出	19612
差額	19613
己が	19614
已む	19615
巴里	19616
巷	19617
巻き添え	19618
巻き舌	19619
巻末	19620
布教	19621
帆走	19622
希	19623
師弟	19624
席上	19625
帰化	19626
帰属	19627
帰途	19628
常々	19629
常用	19630
幅跳び	19631
干し	19632
干潟	19633
平々	19634
平叙	19635
平服	19636
平板	19637
平泳ぎ	19638
平素	19639
年功	19640
年増	19641
年来	19642
年端	19643
年鑑	19644
幼虫	19645
幾夜	19646
広報	19647
広子	19648
広東	19649
床下	19650
序	19651
序列	19652
底冷え	19653
店先	19654
度外	19655
座標	19656
座面	19657
庶務	19658
康成	19659
廢	19660
延泊	19661
延滞	19662
建	19663
建て直し	19664
弁慶	19665
弄ぶ	19666
弄る	19667
引き取り	19668
引き合い	19669
引き締め	19670
引換	19671
弘法	19672
弧	19673
弱	19674
弱し	19675
弱り目	19676
張り紙	19677
張本	19678
強健	19679
強国	19680
強大	19681
強迫	19682
当てずっぽう	19683
当千	19684
当意	19685
当直	19686
形状	19687
彫り物	19688
律儀	19689
律法	19690
後ろ手	19691
後ろ足	19692
後天	19693
後手	19694
後継	19695
後藤	19696
後頭	19697
徐行	19698
徒労	19699
従属	19700
従犯	19701
得する	19702
得体	19703
得票	19704
得策	19705
御名	19706
御守り	19707
御所	19708
復する	19709
復元	19710
復学	19711
微乳	19712
微細	19713
徳島	19714
徴収	19715
心づくし	19716
心ない	19717
心もとない	19718
心労	19719
心得	19720
心構え	19721
心穏やか	19722
心苦しい	19723
心象	19724
心霊	19725
心頭	19726
必勝	19727
必至	19728
忍ばせる	19729
忍び足	19730
志向	19731
志賀	19732
忘る	19733
忘れ	19734
忘れ形見	19735
忘恩	19736
応酬	19737
快復	19738
怒らす	19739
思いきり	19740
思い切り	19741
思い込み	19742
思惑	19743
思索	19744
怠け	19745
怠け癖	19746
急須	19747
性向	19748
性急	19749
性感	19750
性癖	19751
怪	19752
怪訝	19753
恍惚	19754
恒常	19755
恥じらい	19756
息の根	19757
息巻く	19758
恵方	19759
患い	19760
悪どい	19761
悪弊	19762
悪戯	19763
悪文	19764
悪書	19765
悪行	19766
悪酔い	19767
悪阻	19768
悶える	19769
情欲	19770
情況	19771
情緒	19772
惑	19773
惑わす	19774
惡	19775
惣菜	19776
惨い	19777
惨憺	19778
惨状	19779
想い出	19780
愁傷	19781
愚	19782
愚弄	19783
愚行	19784
愛きょう	19785
愛くるしい	19786
愛妻	19787
愛校	19788
愛煙	19789
感づく	19790
感性	19791
感慨	19792
感知	19793
慈愛	19794
慎み深い	19795
慣行	19796
慰霊	19797
慶子	19798
憐れむ	19799
憤	19800
憤り	19801
憶える	19802
懐疑	19803
懲らしめる	19804
懸ける	19805
成敗	19806
成虫	19807
我輩	19808
戒め	19809
戒告	19810
或は	19811
戦前	19812
戦勝	19813
戦況	19814
戦災	19815
戯れる	19816
戴く	19817
所以	19818
所定	19819
所為	19820
所産	19821
手こずる	19822
手ざわり	19823
手っ取り	19824
手づかみ	19825
手厳しい	19826
手塩	19827
手引	19828
手押し	19829
手掛ける	19830
手提げ	19831
手榴	19832
手洗	19833
手相	19834
手編み	19835
手習い	19836
手職	19837
手芸	19838
手裏	19839
手軽	19840
手軽い	19841
手近	19842
手違い	19843
手際	19844
才色	19845
打ちどころ	19846
打ち切り	19847
打ち水	19848
打尽	19849
打率	19850
打球	19851
打算	19852
抑揚	19853
投かん	19854
投げ売り	19855
投じる	19856
投与	19857
投擲	19858
投書	19859
投降	19860
抗う	19861
抗する	19862
抗争	19863
抗体	19864
折りたたみ	19865
折れ	19866
抜け殻	19867
抜け穴	19868
抜擢	19869
抜粋	19870
抱ける	19871
押える	19872
押せ押せ	19873
押収	19874
抽出	19875
拍車	19876
拓哉	19877
拘留	19878
拡散	19879
拭える	19880
持ち前	19881
持ち場	19882
持ち家	19883
持ち運び	19884
持主	19885
持病	19886
指針	19887
挑発	19888
挙式	19889
挟まる	19890
振り付け	19891
振り出し	19892
振る舞える	19893
振動	19894
振替	19895
振袖	19896
挿し絵	19897
挿す	19898
挿入	19899
挿絵	19900
捌く	19901
捕縛	19902
捜し	19903
据え膳	19904
授乳	19905
授精	19906
排水	19907
掘り	19908
掛かれる	19909
掛け替え	19910
掛け金	19911
掛る	19912
採取	19913
採決	19914
探知	19915
探究	19916
接ぎ穂	19917
接吻	19918
接尾	19919
控訴	19920
推奨	19921
提議	19922
揺さぶる	19923
揺らぐ	19924
揺らす	19925
揺る	19926
損ずる	19927
損得	19928
携える	19929
搾乳	19930
搾取	19931
摘める	19932
摘出	19933
摘発	19934
摩天	19935
摺る	19936
擦れる	19937
支	19938
支部	19939
改まる	19940
改む	19941
改竄	19942
改築	19943
攻勢	19944
放せる	19945
放校	19946
放漫	19947
放牧	19948
放蕩	19949
政情	19950
敏	19951
敏速	19952
敗	19953
教団	19954
教壇	19955
教職員	19956
敢然	19957
散り散り	19958
敬愛	19959
敬神	19960
数奇	19961
数珠	19962
整列	19963
整数	19964
敵手	19965
敵陣	19966
敷	19967
敷金	19968
文なし	19969
文筆	19970
文面	19971
文頭	19972
斜め上	19973
斤	19974
断トツ	19975
断定	19976
断崖	19977
断行	19978
斯く	19979
新二	19980
新参	19981
新教	19982
新曲	19983
新書	19984
新王	19985
新芽	19986
旅券	19987
旅立ち	19988
旅路	19989
旋律	19990
既知	19991
日なたぼっこ	19992
日の丸	19993
日産	19994
日直	19995
日英	19996
日西	19997
日雇い	19998
早	19999
早とちり	20000
早咲き	20001
早川	20002
早熟	20003
早産	20004
早鐘	20005
早食い	20006
旱魃	20007
昆布	20008
昇任	20009
明々	20010
明り	20011
明るむ	20012
明媚	20013
明神	20014
易々	20015
易し	20016
星印	20017
星雲	20018
是	20019
是正	20020
昼すぎ	20021
昼下がり	20022
時どき	20023
時事	20024
時雄	20025
晩成	20026
晩秋	20027
晩節	20028
晩酌	20029
晩飯	20030
景勝	20031
晴也	20032
暇つぶし	20033
暑中	20034
暖い	20035
暗し	20036
暗中	20037
暗誦	20038
暗鬼	20039
暫定	20040
暮らしむき	20041
暴利	20042
暴政	20043
暴言	20044
暴騰	20045
曙	20046
曰く	20047
曲折	20048
曲者	20049
書き取り	20050
書き置き	20051
書士	20052
書庫	20053
書棚	20054
書評	20055
曽	20056
最上川	20057
最期	20058
最速	20059
月見	20060
月謝	20061
月賦	20062
月餅	20063
有志	20064
有無	20065
有理	20066
有職	20067
有限	20068
服毒	20069
朕	20070
朗読	20071
朝イチ	20072
朝シャン	20073
朝刊	20074
朝市	20075
朝起き	20076
期する	20077
未完	20078
未然	20079
末娘	20080
末席	20081
本だな	20082
本件	20083
本命	20084
本国	20085
本家	20086
本店	20087
本意	20088
本業	20089
本田	20090
本章	20091
本筋	20092
本箱	20093
本編	20094
本腰	20095
本革	20096
朱	20097
朽ちる	20098
村上	20099
村井	20100
村落	20101
来たる	20102
来場	20103
東岸	20104
東方	20105
東海	20106
松かさ	20107
松ぼっくり	20108
松井	20109
松島	20110
松本	20111
松江	20112
松田	20113
枕投げ	20114
林立	20115
林道	20116
林間	20117
枝毛	20118
枠組み	20119
枯れ木	20120
枯れ葉	20121
枷	20122
染色	20123
柚子	20124
柿の木	20125
栄冠	20126
栗毛	20127
校内	20128
校外	20129
校歌	20130
株安	20131
根ざす	20132
根強い	20133
根掘り	20134
根深い	20135
根負け	20136
桃子	20137
桃山	20138
桟橋	20139
梁	20140
棚田	20141
森川	20142
棲む	20143
植樹	20144
検察	20145
検尿	20146
検温	20147
楕円	20148
楚歌	20149
極	20150
極く	20151
極上	20152
極寒	20153
極点	20154
極秘	20155
極道	20156
楼閣	20157
概略	20158
概観	20159
様相	20160
権兵衛	20161
横ぎる	20162
横っ腹	20163
横やり	20164
横向き	20165
横好き	20166
横暴	20167
横顔	20168
樹林	20169
橋梁	20170
機先	20171
機転	20172
機長	20173
次号	20174
次善	20175
歌わす	20176
歌留多	20177
歌謡	20178
歓び	20179
歓喜	20180
止めど	20181
正夢	20182
正大	20183
正子	20184
正書	20185
正統	20186
正規	20187
正邪	20188
正雄	20189
此	20190
歯型	20191
歯垢	20192
歯槽	20193
歯止め	20194
歳暮	20195
歴代	20196
死期	20197
死神	20198
死肉	20199
残留	20200
殲滅	20201
殴り書き	20202
段違い	20203
殺る	20204
殺意	20205
毎夕	20206
毒づく	20207
毒性	20208
毒物	20209
毛並み	20210
毛深い	20211
毛玉	20212
毛繕い	20213
毛頭	20214
民話	20215
気づかい	20216
気づまり	20217
気まま	20218
気付	20219
気休め	20220
気取り	20221
気密	20222
気管	20223
気胸	20224
気落ち	20225
気迫	20226
水あげ	20227
水くさい	20228
水切り	20229
水墨	20230
水差し	20231
水掛け	20232
水星	20233
水死	20234
水温	20235
水溜まり	20236
水玉	20237
水田	20238
水飲み	20239
水鳥	20240
氷原	20241
氷嚢	20242
求め	20243
汎神	20244
汗かき	20245
池の上	20246
池袋	20247
決闘	20248
沈思	20249
沖合い	20250
没却	20251
河合	20252
河畔	20253
河豚	20254
油分	20255
油脂	20256
治	20257
治癒	20258
泊り	20259
法師	20260
法貨	20261
波瀾	20262
泣き虫	20263
泣き言	20264
泥縄	20265
泥鰌	20266
注す	20267
泰然	20268
泳ぎ手	20269
洋々	20270
洋上	20271
洗いたて	20272
洗える	20273
洗浄	20274
津	20275
洩らす	20276
流せる	20277
流れ弾	20278
流入	20279
流水	20280
流産	20281
流血	20282
流転	20283
浅し	20284
浅学	20285
浅瀬	20286
浅田	20287
浅間	20288
浅黒い	20289
浩	20290
浩二	20291
浪人	20292
浮き足	20293
浮上	20294
浮浪	20295
海がめ	20296
海中	20297
海千	20298
海王	20299
海草	20300
海藻	20301
浸食	20302
涙腺	20303
涼む	20304
淡々	20305
深煎り	20306
深長	20307
淳子	20308
混戦	20309
混浴	20310
混血	20311
清々	20312
清新	20313
清爽	20314
清純	20315
渇する	20316
渇望	20317
渇水	20318
渋面	20319
渚	20320
減退	20321
渡し	20322
渡り鳥	20323
渦巻く	20324
温い	20325
温もり	20326
温水	20327
測量	20328
湖上	20329
湖水	20330
湖面	20331
湘南	20332
湯上がり	20333
湯割り	20334
湯川	20335
湯沸かし	20336
湯船	20337
湿り気	20338
満	20339
満ち干	20340
満帆	20341
満悦	20342
満洲	20343
満載	20344
準ずる	20345
溶液	20346
滅び	20347
滑らす	20348
滑れる	20349
滑空	20350
滞る	20351
滲む	20352
漁獲	20353
漆黒	20354
漏れ	20355
漫才	20356
漬	20357
漬かる	20358
潔癖	20359
潜入	20360
潤す	20361
潤沢	20362
激	20363
激戦	20364
激賞	20365
濃度	20366
濃紺	20367
濃縮	20368
火勢	20369
火照る	20370
火花	20371
火蓋	20372
火鉢	20373
灯す	20374
灯る	20375
灰燼	20376
炊事	20377
炎天	20378
炭	20379
炭鉱	20380
点々	20381
点る	20382
点取	20383
点滅	20384
点睛	20385
烙印	20386
焚く	20387
無一文	20388
無上	20389
無下	20390
無傷	20391
無双	20392
無味	20393
無垢	20394
無声	20395
無尽	20396
無念	20397
無情	20398
無我	20399
無法	20400
無為	20401
無病	20402
無策	20403
無粋	20404
無糖	20405
無菌	20406
無鉛	20407
無駄づかい	20408
無駄骨	20409
無骨	20410
焼き飯	20411
焼け石	20412
焼付け	20413
焼死	20414
煌々	20415
煎ずる	20416
照合	20417
照射	20418
煩う	20419
煩雑	20420
煽る	20421
熟女	20422
熟知	20423
熱愛	20424
熾す	20425
燭台	20426
爆竹	20427
爆走	20428
爛漫	20429
片手間	20430
片時	20431
片棒	20432
牙城	20433
牛後	20434
牛舎	20435
牧童	20436
牧羊	20437
牧者	20438
物ねだり	20439
物欲	20440
物珍しい	20441
物種	20442
物笑い	20443
物言い	20444
物議	20445
特注	20446
特製	20447
牽制	20448
犬食い	20449
狂い	20450
独房	20451
独習	20452
独走	20453
狭	20454
狭まる	20455
狭める	20456
狭苦しい	20457
狭量	20458
猛犬	20459
猛獣	20460
猟	20461
猟銃	20462
猥褻	20463
猪	20464
猫背	20465
獣性	20466
獰猛	20467
王妃	20468
王宮	20469
王政	20470
王権	20471
玲子	20472
珍客	20473
珍本	20474
球技	20475
球面	20476
理学	20477
理知	20478
理那	20479
瑞	20480
瓶詰め	20481
甘えん坊	20482
甘ったれる	20483
甘んじる	20484
甘美	20485
甘言	20486
甘酒	20487
生え抜き	20488
生け垣	20489
生ゴミ	20490
生半可	20491
生垣	20492
生家	20493
生育	20494
生還	20495
生長	20496
産する	20497
田	20498
田島	20499
田舎者	20500
田辺	20501
由緒	20502
甲乙	20503
甲斐甲斐しい	20504
申しわけ	20505
申し入れ	20506
申し開き	20507
申込み	20508
男児	20509
男尊	20510
男手	20511
町かど	20512
町内	20513
町角	20514
画期	20515
画竜	20516
画風	20517
留め金	20518
留意	20519
畜生	20520
略奪	20521
略字	20522
略語	20523
番地	20524
番茶	20525
異例	20526
異口	20527
異名	20528
異変	20529
異彩	20530
異父	20531
異臭	20532
異質	20533
疎	20534
疎し	20535
疑心	20536
病名	20537
病身	20538
痔	20539
痘痕	20540
痛々しい	20541
痩せっぽち	20542
痺れる	20543
癒やす	20544
癒着	20545
癪	20546
発熱	20547
発疹	20548
発癌	20549
登	20550
登り下り	20551
登下校	20552
登記	20553
白々しい	20554
白うさぎ	20555
白タク	20556
百五十	20557
百均	20558
百日	20559
百獣	20560
百薬	20561
皆目	20562
皮切り	20563
皮製	20564
皮革	20565
盆踊り	20566
益々	20567
盗み食い	20568
盗作	20569
盗塁	20570
盛り上がり	20571
盛岡	20572
盤面	20573
目ざめる	20574
目もと	20575
目先	20576
目方	20577
目盛り	20578
目移り	20579
目録	20580
盲導	20581
盲腸	20582
直し	20583
直営	20584
直筆	20585
相づち	20586
相乗	20587
相乗り	20588
相反する	20589
相合	20590
相姦	20591
相棒	20592
相槌	20593
相葉	20594
相補	20595
相貌	20596
相部屋	20597
盾	20598
省エネ	20599
眉唾	20600
県境	20601
眞	20602
真っ向	20603
真っ黒い	20604
真価	20605
真偽	20606
真摯	20607
真横	20608
真理子	20609
真知子	20610
眺望	20611
眼光	20612
眼球	20613
眼窩	20614
眼識	20615
着ぐるみ	20616
着こなし	20617
着れる	20618
着任	20619
着弾	20620
着心地	20621
睦まじい	20622
瞑る	20623
瞼	20624
矢面	20625
知	20626
知りあい	20627
知己	20628
短命	20629
短歌	20630
矮星	20631
石垣	20632
石壁	20633
石川	20634
石榴	20635
石火	20636
石綿	20637
石頭	20638
砂嵐	20639
破たん	20640
破水	20641
硬度	20642
硬直	20643
磨る	20644
礎	20645
社名	20646
社屋	20647
社風	20648
祝詞	20649
祝賀	20650
祝電	20651
神格	20652
神童	20653
神隠し	20654
神髄	20655
祟り目	20656
祭司	20657
禁じる	20658
禁固	20659
禁断	20660
禅	20661
福利	20662
福田	20663
秀	20664
私物	20665
私道	20666
秋葉原	20667
科す	20668
秘けつ	20669
秘宝	20670
称す	20671
移せる	20672
移り変わり	20673
移ろう	20674
移籍	20675
税務	20676
種まき	20677
稲穂	20678
稿	20679
積み木	20680
穏和	20681
穴埋め	20682
空かす	20683
空き巣	20684
空威張り	20685
空家	20686
空振り	20687
空白	20688
空耳	20689
空論	20690
穿く	20691
穿つ	20692
窒素	20693
窮乏	20694
立ち話	20695
立ち読み	20696
立志	20697
立春	20698
立案	20699
立錐	20700
竜崎	20701
童心	20702
童謡	20703
童貞	20704
端々	20705
端末	20706
端麗	20707
競る	20708
竹島	20709
笑い物	20710
笑い話	20711
筆箱	20712
筆致	20713
筋力	20714
筋合い	20715
算盤	20716
管弦	20717
箪笥	20718
箱買い	20719
箸置き	20720
簡体	20721
籠の鳥	20722
米価	20723
米屋	20724
粉砕	20725
粗品	20726
粗暴	20727
粘膜	20728
粛清	20729
粥	20730
精液	20731
精肉	20732
精舎	20733
精読	20734
精進	20735
精魂	20736
糸鋸	20737
紅潮	20738
紆余	20739
納まる	20740
納め	20741
納戸	20742
純子	20743
純真	20744
紛らわしい	20745
紛らわす	20746
素っ裸	20747
素数	20748
素泊まり	20749
素養	20750
紡ぐ	20751
累進	20752
細る	20753
細切り	20754
終い	20755
終わらす	20756
終われる	20757
終夜	20758
組立	20759
組閣	20760
経	20761
経典	20762
経度	20763
経理	20764
結わえる	20765
絞殺	20766
給付	20767
絵筆	20768
絵美	20769
絶世	20770
絶叫	20771
絶壁	20772
絶妙	20773
絶版	20774
絶食	20775
絹糸	20776
続々	20777
綱引き	20778
綱紀	20779
網の目	20780
網羅	20781
綴じる	20782
綽々	20783
綿あめ	20784
緊密	20785
緊縮	20786
総勢	20787
総司令	20788
総数	20789
緑礬	20790
緑色	20791
線引き	20792
締まり屋	20793
締め出し	20794
編さん	20795
編み	20796
編める	20797
緩む	20798
緻密	20799
縁の下	20800
縁台	20801
縁石	20802
縁遠い	20803
縋る	20804
縞々	20805
縫合	20806
縮刷	20807
縮尺	20808
繁雑	20809
織田	20810
纏める	20811
缶切り	20812
缶詰め	20813
罪深い	20814
罰則	20815
罵倒	20816
羊水	20817
羊飼い	20818
美々しい	20819
美咲	20820
美奈	20821
美形	20822
美智子	20823
美肌	20824
美辞	20825
美香	20826
羞恥	20827
群雄	20828
羨望	20829
義姉	20830
義母	20831
義男	20832
羽田	20833
羽織	20834
羽音	20835
習わす	20836
習性	20837
翔太	20838
老女	20839
老犬	20840
老舗	20841
耐えれる	20842
耕作	20843
耳たぶ	20844
耳もと	20845
耳寄り	20846
耳鼻	20847
耽る	20848
耽溺	20849
聖人	20850
聖典	20851
聖母	20852
聖火	20853
聴ける	20854
聴聞	20855
聾唖	20856
肉じゃが	20857
肉まん	20858
肉離れ	20859
肉類	20860
肌荒れ	20861
肘掛け	20862
肝炎	20863
肝要	20864
肥る	20865
肩こり	20866
肩肘	20867
肩越し	20868
育む	20869
胃がん	20870
背任	20871
背比べ	20872
胡坐	20873
胡蝶	20874
胡麻	20875
胸ぐら	20876
胸中	20877
胸部	20878
脅える	20879
脚立	20880
脱却	20881
脱衣	20882
腎臓	20883
腑	20884
腕組	20885
腰回り	20886
腹黒い	20887
腺	20888
膝元	20889
膿漏	20890
臆する	20891
臣民	20892
臥せる	20893
自党	20894
自助	20895
自問	20896
自撮り	20897
自炊	20898
自社	20899
自粛	20900
自腹	20901
自重	20902
臭覚	20903
舅	20904
興ざめ	20905
興行	20906
舌戦	20907
舌打ち	20908
舶来	20909
船上	20910
船客	20911
船室	20912
船舶	20913
船荷	20914
船頭	20915
艇	20916
良子	20917
艱難	20918
色あせる	20919
色付く	20920
色覚	20921
色黒	20922
芭蕉	20923
花婿	20924
花盛り	20925
花蜜	20926
花言葉	20927
花開く	20928
芳情	20929
苔むす	20930
若返る	20931
苦行	20932
英世	20933
英検	20934
茨城	20935
茫然	20936
茶会	20937
茶化す	20938
茶番	20939
茶髪	20940
草冠	20941
草地	20942
荒げる	20943
荒っぽい	20944
荒稼ぎ	20945
荘厳	20946
荷ほどき	20947
荷馬	20948
莉紗	20949
菅野	20950
菜	20951
華奢	20952
華麗	20953
萌々香	20954
萌え	20955
萎える	20956
落とし	20957
落とし物	20958
落とし穴	20959
落手	20960
落着	20961
落雷	20962
葉掘り	20963
著	20964
著す	20965
著述	20966
蒲鉾	20967
蔓延	20968
蔵	20969
薄々	20970
薄っぺら	20971
薄らぐ	20972
薄弱	20973
薄暮	20974
薫	20975
薬味	20976
薬屋	20977
虐げる	20978
虐殺	20979
虚弱	20980
虚数	20981
虚言	20982
虫除け	20983
蚊帳	20984
蚕	20985
蛸	20986
蛾	20987
蜃気	20988
蝉	20989
蝋	20990
蝮	20991
融和	20992
血まみれ	20993
血友	20994
血糖	20995
血縁	20996
衆議	20997
行える	20998
行き帰り	20999
行き過ぎ	21000
行く年	21001
行商	21002
行程	21003
行脚	21004
街灯	21005
衣替え	21006
表れ	21007
表側	21008
表象	21009
表通り	21010
袖の下	21011
被弾	21012
裁き	21013
裏づける	21014
裏地	21015
裏山	21016
裏方	21017
裏目	21018
裏面	21019
裕子	21020
補佐	21021
補填	21022
補完	21023
裡	21024
裸像	21025
製本	21026
製鉄	21027
褒め	21028
西暦	21029
要人	21030
要職	21031
覆面	21032
覇権	21033
見いだせる	21034
見え見え	21035
見ごろ	21036
見せどころ	21037
見まね	21038
見る見る	21039
見境	21040
見所	21041
見殺し	21042
見真似	21043
見立て	21044
見聞	21045
見識	21046
規範	21047
覗き見	21048
親元	21049
親和	21050
親愛	21051
親睦	21052
親鳥	21053
観月	21054
観賞	21055
覿面	21056
角切り	21057
解約	21058
触媒	21059
言いがかり	21060
言い伝え	21061
言い掛かり	21062
言質	21063
訃報	21064
計らい	21065
計量	21066
記帳	21067
詠む	21068
試せる	21069
試写	21070
試用	21071
詩情	21072
詩歌	21073
詩的	21074
詩集	21075
詰まり	21076
詰む	21077
誇大	21078
誇示	21079
認知	21080
誘発	21081
語れる	21082
語呂	21083
語形	21084
語調	21085
誤	21086
誤差	21087
誤用	21088
誤魔化す	21089
読ます	21090
読唇	21091
読本	21092
誰何	21093
誹謗	21094
調教	21095
諍い	21096
論旨	21097
論破	21098
論調	21099
論題	21100
論駁	21101
諸々	21102
諸州	21103
諸行	21104
講	21105
講和	21106
謝絶	21107
謝辞	21108
謳う	21109
識る	21110
警	21111
讃える	21112
谷口	21113
谷底	21114
豊	21115
象形	21116
豹変	21117
負	21118
負け惜しみ	21119
貧し	21120
貨車	21121
販路	21122
貫徹	21123
貯水	21124
貯蔵	21125
貴君	21126
貴富	21127
買	21128
買いもの	21129
買い出し	21130
買い替え	21131
買い置き	21132
買い言葉	21133
貸し出し	21134
貸し家	21135
貸出し	21136
貼り紙	21137
賃料	21138
資材	21139
賑わう	21140
賛嘆	21141
賢母	21142
質す	21143
賭博	21144
賽	21145
贈賄	21146
赤井	21147
赤味	21148
赤坂	21149
赦免	21150
走	21151
赴く	21152
起き	21153
起きれる	21154
起爆	21155
超人	21156
超能力	21157
足がかり	21158
足し	21159
足掻き	21160
足蹴	21161
跡取り	21162
跪く	21163
路ばた	21164
路肩	21165
跳び	21166
踊り手	21167
踏ん張り	21168
踵	21169
蹴り	21170
身ごもる	21171
身ぶり	21172
身代	21173
身構える	21174
身辺	21175
身近	21176
躾ける	21177
車酔い	21178
軍勢	21179
軍部	21180
軟	21181
軟らかい	21182
軟骨	21183
転がす	21184
転入	21185
転嫁	21186
転載	21187
軽やか	21188
軽快	21189
軽挙	21190
較べる	21191
輝	21192
輩出	21193
輪番	21194
輪郭	21195
轟く	21196
轟音	21197
辛らつ	21198
辞す	21199
辞する	21200
辟易	21201
農村	21202
迎え酒	21203
近	21204
近付ける	21205
近場	21206
近況	21207
述語	21208
追試	21209
退化	21210
退室	21211
逃せる	21212
逃る	21213
逆さ言葉	21214
逆上	21215
逆向き	21216
逆様	21217
逆立つ	21218
透ける	21219
通じ	21220
通帳	21221
通販	21222
通院	21223
逝く	21224
造	21225
造物	21226
逢える	21227
逢ふ	21228
連れ子	21229
連ドラ	21230
連動	21231
連勝	21232
連載	21233
連鎖	21234
週明け	21235
進取	21236
進水	21237
逸す	21238
逸話	21239
遅々	21240
遊具	21241
遊女	21242
運送	21243
過つ	21244
道しるべ	21245
道はた	21246
道中	21247
道楽	21248
道管	21249
道義	21250
達観	21251
遠まわし	21252
遠目	21253
遠隔	21254
遣う	21255
遣る	21256
適中	21257
適正	21258
適温	21259
適量	21260
遭難	21261
選り好み	21262
選る	21263
選別	21264
選定	21265
遺留	21266
還付	21267
還俗	21268
邦夫	21269
邦楽	21270
邦画	21271
邪	21272
部室	21273
郵政	21274
郵袋	21275
酌量	21276
配当	21277
配役	21278
酒入り	21279
酒気	21280
醜悪	21281
里心	21282
重し	21283
重そう	21284
重圧	21285
重態	21286
重曹	21287
重複	21288
重責	21289
野うさぎ	21290
野上	21291
野口	21292
野牛	21293
野犬	21294
金品	21295
金回り	21296
金物	21297
金的	21298
金門	21299
釣	21300
釣り竿	21301
釣り針	21302
鈍	21303
鉄則	21304
鉄製	21305
鉄鉱	21306
鉢合わせ	21307
銃撃	21308
銘ずる	21309
鋭利	21310
鋭敏	21311
鋳造	21312
鋼鉄	21313
錦	21314
錨	21315
録る	21316
鍛冶屋	21317
鍛練	21318
鍵屋	21319
鍼	21320
鎹	21321
鑿	21322
長たらしい	21323
長もち	21324
長らく	21325
長剣	21326
長吉	21327
長城	21328
長島	21329
長広	21330
長患い	21331
長文	21332
長老	21333
長調	21334
長雨	21335
門外	21336
門灯	21337
門番	21338
門違い	21339
閉	21340
閉所	21341
開口	21342
開国	21343
開幕	21344
開戦	21345
開票	21346
開講	21347
間歩	21348
間貸	21349
関	21350
関知	21351
閻魔	21352
闘士	21353
闘牛	21354
防具	21355
防弾	21356
防火	21357
阿吽	21358
阿呆	21359
降水	21360
除湿	21361
陥落	21362
陰影	21363
陰気	21364
陳	21365
険悪	21366
陽菜	21367
隅々	21368
隅っこ	21369
隊商	21370
階乗	21371
階層	21372
随意	21373
随筆	21374
隔たる	21375
隠し味	21376
隠れみの	21377
隠れキャラ	21378
隻腕	21379
雄叫び	21380
集結	21381
集落	21382
雇主	21383
雉	21384
雌熊	21385
雑種	21386
雕雞	21387
離ればなれ	21388
離れ離れ	21389
離党	21390
離脱	21391
難儀	21392
難航	21393
難色	21394
雨上がり	21395
雨後	21396
雪国	21397
雪深い	21398
雪男	21399
雪解け	21400
雪道	21401
電光	21402
電化	21403
需給	21404
霊柩	21405
露わ	21406
露見	21407
青々	21408
青あざ	21409
青二才	21410
青菜	21411
青虫	21412
青魚	21413
静養	21414
非婚	21415
非礼	21416
靡く	21417
面子	21418
面談	21419
面食い	21420
靴墨	21421
靴箱	21422
鞭打ち	21423
韓流	21424
音信	21425
音程	21426
音符	21427
音階	21428
韻文	21429
響	21430
頁	21431
項	21432
順々	21433
頓死	21434
頓馬	21435
領事	21436
領分	21437
領有	21438
頭取	21439
頭皮	21440
頭金	21441
頭髪	21442
頼りない	21443
顔出し	21444
願いごと	21445
類い	21446
類する	21447
類型	21448
風化	21449
風呂屋	21450
風来	21451
風波	21452
風車	21453
風速	21454
飄々	21455
飛ばし読み	21456
飛び込み	21457
飛散	21458
飛球	21459
食いつき	21460
食い気	21461
食い逃げ	21462
食べもの	21463
食べ頃	21464
食む	21465
食らえる	21466
食らわす	21467
食わす	21468
食中り	21469
食虫	21470
飲み	21471
飲みもの	21472
飲み代	21473
飲用	21474
飼える	21475
飼鳥	21476
飽くまで	21477
養育	21478
養鶏	21479
餓える	21480
首まわり	21481
首切り	21482
香川	21483
香辛	21484
馬上	21485
馬力	21486
馬耳	21487
馬術	21488
馴れ初め	21489
駄作	21490
駄弁る	21491
駄文	21492
駄洒落	21493
駆け出し	21494
駆け引き	21495
駆逐	21496
駐まる	21497
駐日	21498
駱駝	21499
駿河	21500
騎馬	21501
驕れる	21502
骨惜しみ	21503
骨抜き	21504
高々	21505
高し	21506
高台	21507
高地	21508
高嶺	21509
高木	21510
高架	21511
高潮	21512
高瀬	21513
高音	21514
高飛車	21515
鬱	21516
魂胆	21517
魔物	21518
魚肉	21519
魚雷	21520
魚類	21521
鮎漁	21522
鯔背	21523
鯛	21524
鯨肉	21525
鰹節	21526
鰻	21527
鱗	21528
鳥居	21529
鳩山	21530
鳴り物	21531
鳴動	21532
鳶	21533
鴉	21534
鴎外	21535
鶏口	21536
麒麟	21537
麗句	21538
麦わら	21539
麵	21540
麻理	21541
麻里子	21542
麿	21543
黄銅	21544
黒ずむ	21545
黒澤	21546
黒焦げ	21547
黒目	21548
黒衣	21549
黙認	21550
鼓舞	21551
鼻クソ	21552
鼻声	21553
鼻炎	21554
鼻風邪	21555
龍	21556
!︎	21557
(株)	21558
1,500	21559
1.1	21560
1.2	21561
1.4	21562
1.7	21563
10,000	21564
1000兆	21565
10兆	21566
12,000	21567
12,742	21568
12.8	21569
120万	21570
12万	21571
13.1	21572
130万	21573
137億	21574
14.6	21575
15,000	21576
15億	21577
18,000	21578
18,432	21579
18万6千	21580
1万4千	21581
1万5千	21582
1人暮らし	21583
1億2000万	21584
2,468	21585
2,730	21586
22.68	21587
22億	21588
230億	21589
250万	21590
2600万	21591
2700万	21592
29,002	21593
2902兆81億7664万	21594
2万5千	21595
2万7千	21596
2人乗り	21597
2億1600万	21598
2億5000万	21599
2塁	21600
2百	21601
3,000万	21602
3.0	21603
3.2	21604
3.4	21605
300億	21606
3100万	21607
33万	21608
341万	21609
362万8800	21610
37.9	21611
38.9	21612
39,000	21613
3万5千	21614
3百万	21615
4.9	21616
40億	21617
4560億	21618
45万	21619
4600万	21620
4駆	21621
5,000	21622
5.0	21623
5.2	21624
5.5	21625
5000億	21626
53,000	21627
540億	21628
5千万	21629
60万	21630
6744兆737億955万1615	21631
68,130	21632
689億	21633
6億	21634
7,800	21635
700万	21636
760億	21637
765万9000	21638
770億	21639
778億	21640
7万6000	21641
7万6千	21642
8.9	21643
800万	21644
8千	21645
8百万	21646
9,632	21647
9.0	21648
9.11	21649
925,814,703,692	21650
9兆5千億	21651
9千3百万	21652
9千万	21653
○印	21654
々々	21655
「₪」	21656
あ〜	21657
ああっ	21658
あいこでしょ	21659
あいたた	21660
あいたっ	21661
あえか	21662
あえぎあえぎ	21663
あおい	21664
あおぐ	21665
あおり	21666
あかぎれ	21667
あかつき	21668
あからむ	21669
あか抜ける	21670
あがく	21671
あがり	21672
あきよし	21673
あきら	21674
あきる野	21675
あき子	21676
あぐむ	21677
あけおめ	21678
あけぼの	21679
あけ方	21680
あげつらう	21681
あこぎ	21682
あさはか	21683
あさひ	21684
あざやか	21685
あざわらう	21686
あしらい	21687
あしらえる	21688
あじ	21689
あじけない	21690
あすか	21691
あすこ	21692
あせも	21693
あせり	21694
あぜ道	21695
あそばす	21696
あたい	21697
あたくし	21698
あたたまる	21699
あたためる	21700
あたま	21701
あたらしい	21702
あたりさわり	21703
あっかんべー	21704
あっせん	21705
あっちい	21706
あっちこっち	21707
あっち側	21708
あっつい	21709
あっと	21710
あつあつ	21711
あつし	21712
あつまれる	21713
あつめる	21714
あつらえ向き	21715
あでやか	21716
あなどる	21717
あはは	21718
あははは	21719
あふる	21720
あぶねぇ	21721
あぶら	21722
あぶれる	21723
あへん	21724
あほんだら	21725
あまねく	21726
あまのじゃく	21727
あまやかす	21728
あむ	21729
あめ	21730
あやかる	21731
あやしい	21732
あやつる	21733
あやとり	21734
あやなす	21735
あゆむ	21736
あらあら	21737
あらい	21738
あらいぐま	21739
あらかた	21740
あらためる	21741
あらはす	21742
あらら	21743
あらわせる	21744
あらわれ	21745
ありさま	21746
ありそ	21747
ありゃあ	21748
あるじ	21749
あれる	21750
あわてもの	21751
あわてん坊	21752
あわれむ	21753
あんず	21754
あんちょこ	21755
あんどう	21756
あんの	21757
あんぽんたん	21758
あーん	21759
いいなずけ	21760
いかさま師	21761
いかせる	21762
いかり	21763
いかる	21764
いき	21765
いきあたり	21766
いきいき	21767
いくさ	21768
いけ	21769
いけす	21770
いさぎよい	21771
いさめる	21772
いぜん	21773
いそしむ	21774
いたち	21775
いたちごっこ	21776
いたる所	21777
いちゃいちゃ	21778
いっ	21779
いっき	21780
いっしょう	21781
いっしょくた	21782
いっぱし	21783
いっぽう	21784
いつわる	21785
いづれ	21786
いて	21787
いとおしい	21788
いとまごい	21789
いど	21790
いない	21791
いなか者	21792
いなす	21793
いななき	21794
いなり	21795
いのちがけ	21796
いびり	21797
いぶかしむ	21798
いぶかる	21799
いへい	21800
いぼ	21801
いむ	21802
いもうと	21803
いやがらせ	21804
いやっ	21805
いやはや	21806
いやん	21807
いらう	21808
いらくさ	21809
いらっ	21810
いら立つ	21811
いれもの	21812
いろは	21813
いろはにほへと	21814
いろり	21815
いわす	21816
いわれ	21817
いんぎん	21818
いんちき	21819
いん石	21820
うう	21821
ううむ	21822
うえる	21823
うかうか	21824
うきうき	21825
うけあい	21826
うごかす	21827
うごく	21828
うごける	21829
うすうす	21830
うず	21831
うずもれる	21832
うずら卵	21833
うせる	21834
うた	21835
うたがう	21836
うたがわしい	21837
うたた	21838
うだうだ	21839
うちわ	21840
うっする	21841
うつろ	21842
うなぎ屋	21843
うなじ	21844
うなずける	21845
うねり	21846
うねる	21847
うの	21848
うのみ	21849
うへ	21850
うまし	21851
うまれる	21852
うやまう	21853
うら	21854
うらうら	21855
うら悲しい	21856
うりふたつ	21857
うるむ	21858
うろ	21859
うろこ	21860
うろ覚え	21861
うわさ話	21862
うゐ	21863
うんち	21864
うーっ	21865
う段	21866
えぇ	21867
ええっ	21868
えき	21869
えぐる	21870
えっちらおっちら	21871
えてして	21872
えら	21873
えりこ	21874
えりも	21875
えり好み	21876
えん	21877
えんえん	21878
えんこ	21879
えんどう	21880
えんぴつ	21881
おいおい	21882
おいら	21883
おうし	21884
おうじ	21885
おう吐	21886
おおかた	21887
おおざっぱ	21888
おおぜい	21889
おおっぴら	21890
おおみそか	21891
おおやけ	21892
おかま	21893
おくする	21894
おくび	21895
おくりもの	21896
おけ	21897
おこせる	21898
おこたる	21899
おごそか	21900
おさない	21901
おざなり	21902
おしい	21903
おしゃぶり	21904
おずおず	21905
おそう	21906
おそるおそる	21907
おぞましい	21908
おた	21909
おたふく風邪	21910
おたんこなす	21911
おだて	21912
おちおち	21913
おっかなびっくり	21914
おっとり	21915
おつ	21916
おつかれさま	21917
おと	21918
おとうと	21919
おとこ	21920
おとずれる	21921
おととし	21922
おとめ	21923
おとろえる	21924
おどかし	21925
おどり	21926
おどろかす	21927
おの	21928
おのおの	21929
おばこ	21930
おひつじ	21931
おぼろ夜	21932
おませ	21933
おみ足	21934
おむすび	21935
おもくるしい	21936
おもむく	21937
おもむろに	21938
およぐ	21939
おりもの	21940
おろし金	21941
おんがく	21942
おんな	21943
おー	21944
お下がり	21945
お仕舞い	21946
お伴	21947
お冠	21948
お冷や	21949
お古	21950
お召しもの	21951
お品	21952
お家芸	21953
お愛想	21954
お手の物	21955
お披露目	21956
お早う	21957
お産	21958
お百度	21959
お神酒	21960
お祭り騒ぎ	21961
お粗末	21962
お終い	21963
お絵描き	21964
お転婆	21965
お釈迦	21966
お雛様	21967
かいなか	21968
かえり道	21969
かかあ	21970
かかげる	21971
かかずらわる	21972
かがみ	21973
かきね	21974
かき揚げ	21975
かぎ爪	21976
かくかく	21977
かくじつ	21978
かけおち	21979
かけずる	21980
かけれる	21981
かけ声	21982
かけ直し	21983
かげり	21984
かこむ	21985
かさつく	21986
かさなる	21987
かざる	21988
かしわ	21989
かすみ	21990
かすり傷	21991
かすれ声	21992
かずこ	21993
かず子	21994
かせげる	21995
かせる	21996
かたかた	21997
かたがた	21998
かたづく	21999
かたづけ	22000
かたまる	22001
かたむく	22002
かたむける	22003
かためる	22004
かち	22005
かっきり	22006
かっぱ	22007
かつおぶし	22008
かつお節	22009
かつかつ	22010
かつら	22011
かてる	22012
かなしい	22013
かなてこ	22014
かに	22015
かのじょ	22016
かば	22017
かび	22018
かぶさる	22019
かぶり	22020
かぶれ	22021
かへる	22022
かべ	22023
かまい	22024
かまける	22025
かみそり	22026
かめる	22027
かもす	22028
かもめ	22029
からぁ	22030
からかい	22031
からし	22032
からすみ	22033
からっ	22034
からまる	22035
から揚げ	22036
かりそめ	22037
かりん	22038
かわい子	22039
かわず	22040
かんがみる	22041
かんけい	22042
かんじん	22043
かんのん	22044
かんむり	22045
かん高い	22046
がく	22047
がけっぷち	22048
がさつ	22049
がしら	22050
がたし	22051
がたつく	22052
がたみ	22053
がた落ち	22054
がっ	22055
がっぽり	22056
がつ	22057
がなる	22058
がばっ	22059
がぶ飲み	22060
がむしゃら	22061
がめる	22062
がやがや	22063
がら	22064
がらす	22065
がらみ	22066
がらり	22067
がらん	22068
がり勉	22069
がーん	22070
きざし	22071
きたえる	22072
きちがい	22073
きっすい	22074
きつつき	22075
きどる	22076
きな臭い	22077
きびきび	22078
きまじめ	22079
きまり悪い	22080
きめ細か	22081
きもい	22082
きゃ〜	22083
きゃしゃ	22084
きゃっ	22085
きゃつ	22086
きゅっ	22087
きゅんきゅん	22088
きょうこ	22089
きょときょと	22090
きょとん	22091
きよめる	22092
きら	22093
きらう	22094
きわだつ	22095
きわみ	22096
き損	22097
ぎくしゃく	22098
ぎちぎち	22099
ぎっくり腰	22100
ぎゃ	22101
ぎゅ	22102
ぎゅう	22103
ぎゅう詰め	22104
ぎょうぎょうしい	22105
ぎょうざ	22106
ぎょうてん	22107
ぎらつく	22108
ぎれ	22109
ぎんちゃく	22110
くぎ付け	22111
くさび	22112
くされる	22113
くしくも	22114
くしゃっ	22115
くしゅん	22116
くすぶる	22117
くすむ	22118
くずかご	22119
くずし字	22120
くずせる	22121
くそたれ	22122
くたびれもうけ	22123
くたびれ儲け	22124
くち	22125
くっそ	22126
くばる	22127
くびき	22128
くびる	22129
くら	22130
くらし	22131
くらす	22132
くらっ	22133
くらべ	22134
くらわせる	22135
くらゐ	22136
くり	22137
くりっ	22138
くるう	22139
くれえ	22140
くろう	22141
くノ一	22142
くーっ	22143
ぐいっ	22144
ぐうの音	22145
ぐぐる	22146
ぐさ	22147
ぐさり	22148
ぐじぐじ	22149
ぐず	22150
ぐずつく	22151
ぐたっ	22152
ぐちぐち	22153
ぐちょぐちょ	22154
ぐつ	22155
ぐにゃぐにゃ	22156
ぐはっ	22157
ぐむ	22158
ぐら	22159
ぐらっ	22160
ぐるみ	22161
ぐー	22162
けい子	22163
けけ	22164
けずる	22165
けた	22166
けちんぼ	22167
けつ	22168
けばい	22169
けふ	22170
けむり	22171
けもの	22172
けろり	22173
けんめい	22174
けん引	22175
けー	22176
げっそり	22177
げっぷ	22178
げに	22179
げろ	22180
げんに	22181
こうき	22182
こうじ	22183
こうへい	22184
こうむる	22185
こおる	22186
こげる	22187
こげ茶	22188
ここち	22189
ここちよい	22190
こころゆく	22191
こさえる	22192
こざっぱり	22193
こし	22194
こしかける	22195
こじつけ	22196
こじらせる	22197
こじれる	22198
こせこせ	22199
こせる	22200
こそげる	22201
こそっ	22202
こそ泥	22203
こた	22204
こたつ	22205
こっぱ	22206
こづく	22207
ことづけ	22208
ことに	22209
ことば遊び	22210
ことわり	22211
こと欠く	22212
こと細か	22213
こなれる	22214
このむ	22215
こばむ	22216
こびりつく	22217
こぼれ	22218
こまい	22219
こまごま	22220
こまやか	22221
こみ	22222
こも	22223
こもごも	22224
こらしめる	22225
これみよがし	22226
ころげる	22227
ころっ	22228
こんなん	22229
こんにち	22230
こんにゃく	22231
こんろ	22232
ごい	22233
ごうごう	22234
ごきぶり	22235
ごくごく	22236
ごころ	22237
ごし	22238
ごそっと	22239
ごちゃまぜ	22240
ごっそり	22241
ごったがえす	22242
ごまかし	22243
ごまんと	22244
ごみくず	22245
ごむ	22246
ごめ	22247
ごり押し	22248
ごろり	22249
ごーと	22250
ご利益	22251
さ〜	22252
さあっ	22253
さいご	22254
さいさき	22255
さおり	22256
さかさ	22257
さかな	22258
さからう	22259
さかる	22260
さかん	22261
さきざき	22262
さきだつ	22263
さき子	22264
さくさく	22265
さくっ	22266
さぐる	22267
さぐれる	22268
さけ	22269
さけび声	22270
ささ	22271
ささえる	22272
ささくれる	22273
ささっ	22274
ささやき声	22275
さし	22276
さしずめ	22277
さしつかえ	22278
さして	22279
さしみ	22280
さそふ	22281
さそり	22282
さた	22283
さだか	22284
さっそう	22285
さつ	22286
さつぱり	22287
さつま芋	22288
さてさて	22289
さなぎ	22290
さばける	22291
さばさば	22292
さぶい	22293
さへ	22294
さまたげ	22295
さまたげる	22296
さむい	22297
さめ	22298
さめざめ	22299
さもしい	22300
さよ子	22301
さらける	22302
さわり	22303
ざあっ	22304
ざくざく	22305
ざけ	22306
ざらん	22307
ざわつく	22308
ざんまい	22309
しあう	22310
しおき	22311
しおしお	22312
しおらしい	22313
しかと	22314
しがみ付く	22315
しがらみ	22316
しげく	22317
しげる	22318
しごと	22319
しし	22320
ししゃも	22321
ししゅう	22322
しじま	22323
しずく	22324
しずむ	22325
したう	22326
したたか	22327
したたる	22328
しだ	22329
しだす	22330
しだれ柳	22331
しっと	22332
しっとり	22333
しつっこい	22334
しとう	22335
しどころ	22336
しまる	22337
しむ	22338
しむける	22339
しめやか	22340
しもべ	22341
しゃくし	22342
しゃちほこ	22343
しゃにむに	22344
しゃべらす	22345
しゃべりづめ	22346
しゃれ	22347
しゃん	22348
しゅ	22349
しゅんと	22350
しょうこ	22351
しょうぶ	22352
しょく	22353
しょせん	22354
しょぼん	22355
しょんべん	22356
しらせ	22357
しらふ	22358
しらべ	22359
しらみつぶし	22360
しらん	22361
しりぞける	22362
しりもち	22363
しり込み	22364
しるべ	22365
しれっと	22366
しろい	22367
しろうと	22368
しわ寄せ	22369
しんしゃく	22370
しんしん	22371
しんとう	22372
しんのすけ	22373
しんみり	22374
し合う	22375
し向ける	22376
じいんと	22377
じかけ	22378
じまん	22379
じゃ〜	22380
じゃが	22381
じゃれる	22382
じゃー	22383
じょう	22384
じょうだん	22385
じらす	22386
じろり	22387
じんぶつ	22388
すいする	22389
すうっ	22390
すえる	22391
すかっ	22392
すがすがしい	22393
すがた	22394
すきっ腹	22395
すきやき	22396
すき者	22397
すき腹	22398
すき間	22399
すげえ	22400
すごせる	22401
すさむ	22402
すじ	22403
すす	22404
すすぐ	22405
すすり泣き	22406
すずめ	22407
すずめる	22408
すそ	22409
すたすた	22410
すだれ	22411
すってんてん	22412
すっぱり	22413
すっぽん	22414
すね毛	22415
すべからく	22416
すみか	22417
すみません	22418
すり鉢	22419
するする	22420
すんなり	22421
ずい分	22422
ずうっと	22423
ずきん	22424
ずばり	22425
ずぶ	22426
ずらっ	22427
ずり	22428
ずんずん	22429
ずーと	22430
せえ	22431
せかす	22432
せかせる	22433
せきばらい	22434
せこ	22435
せしめる	22436
せじ	22437
せとぎわ	22438
せまる	22439
せむし	22440
せめぐ	22441
せめる	22442
せり	22443
せわしない	22444
せんさく	22445
せんべい	22446
せん妄	22447
ぜめ	22448
ぜんいん	22449
ぜんそく	22450
ぜんぶ	22451
ぜんまい	22452
ぜーんぶ	22453
そ〜	22454
そうとう	22455
そう快	22456
そぉっと	22457
そこここ	22458
そこら	22459
そそ	22460
そだつ	22461
そだてる	22462
そつと	22463
そでの下	22464
そなわる	22465
そばだてる	22466
そば杖	22467
そまつ	22468
そよ	22469
そらぞらしい	22470
そろい	22471
そろり	22472
そろりそろり	22473
そんなこんな	22474
そーっと	22475
そ知らぬ	22476
ぞう	22477
ぞうきん	22478
ぞくっ	22479
ぞろい	22480
ぞろぞろ	22481
ぞろ目	22482
ぞんじ	22483
ぞんずる	22484
た〜	22485
たいこ	22486
たいまつ	22487
たいやき	22488
たい焼き	22489
たえ	22490
たえだえ	22491
たえま	22492
たおす	22493
たおやか	22494
たおれる	22495
たかし	22496
たき	22497
たきぎ	22498
たぎる	22499
たくみ	22500
たくや	22501
たけ	22502
たし	22503
たしかめる	22504
たせる	22505
たそがれ	22506
たたかい	22507
たたかえる	22508
たたき	22509
たたける	22510
たためる	22511
たたり	22512
ただいまー	22513
ただなか	22514
ただ者	22515
たっしゃ	22516
たづぬ	22517
たてつく	22518
たてまつる	22519
たて続け	22520
たとい	22521
たとえ話	22522
たどたどしい	22523
たに	22524
たば	22525
たぶらかす	22526
たべもの	22527
たまふ	22528
たまもの	22529
たまーに	22530
たむろう	22531
ため口	22532
ため池	22533
たもつ	22534
たらい	22535
たらたら	22536
たわい	22537
たわいない	22538
たわごと	22539
たわみ	22540
たわわ	22541
たんこぶ	22542
たんぱく	22543
た易い	22544
だいいち	22545
だいじょぶ	22546
だいたん	22547
だく	22548
だくさん	22549
だじゃれ	22550
だだっ広い	22551
だち	22552
だてる	22553
だぶつく	22554
だぼだぼ	22555
だまし討ち	22556
だら	22557
だれる	22558
だんご	22559
だんな	22560
だーっ	22561
だーれ	22562
ちいさな	22563
ちから	22564
ちがえる	22565
ちぎれる	22566
ちくちく	22567
ちくる	22568
ちち	22569
ちっこい	22570
ちっちゃな	22571
ちまた	22572
ちゃあ	22573
ちゃきちゃき	22574
ちゃっかり	22575
ちゃぶ台	22576
ちゃま	22577
ちゃらける	22578
ちゃんねる	22579
ちゅっ	22580
ちょうちょ	22581
ちょうつがい	22582
ちょこ	22583
ちょこん	22584
ちょっきり	22585
ちょっとぉ	22586
ちょろまかす	22587
ちょん切る	22588
ちらかす	22589
ちらす	22590
ちらちら	22591
ちらつく	22592
ちりぢり	22593
ちりばめる	22594
ちる	22595
ちんこ	22596
ちんちくりん	22597
っきゃ	22598
っこい	22599
っちゅう	22600
っつ	22601
っつー	22602
っぱずれ	22603
っ張り	22604
っ気	22605
ついと	22606
ついばむ	22607
つえ	22608
つかさどる	22609
つかす	22610
つかつか	22611
つかわす	22612
つきっきり	22613
つぎ	22614
つぎつぎ	22615
つぎはぎ	22616
つくし	22617
つけれる	22618
つけ根	22619
つけ麺	22620
つじつま合わせ	22621
つっけんどん	22622
つつしむ	22623
つつじ	22624
つつましやか	22625
つづき	22626
つづり方	22627
つと	22628
つなぎ	22629
つなぎ服	22630
つひに	22631
つぶやき	22632
つまぐる	22633
つまさき	22634
つまはじき	22635
つまようじ	22636
つみ	22637
つむぐ	22638
つもる	22639
つやっつや	22640
つややか	22641
つよい	22642
つら	22643
つらよごし	22644
つり橋	22645
つり目	22646
つり銭	22647
つるはし	22648
つるんつるん	22649
つる草	22650
つれない	22651
つんけん	22652
づ	22653
づくし	22654
づつみ	22655
づまる	22656
てあて	22657
ていど	22658
てえ	22659
てかてか	22660
てき	22661
てくてく	22662
てける	22663
てこ入れ	22664
てつ	22665
てて	22666
てめぇ	22667
てらう	22668
てらす	22669
てるてる	22670
てんてこまい	22671
てんてこ舞い	22672
てんとう	22673
てんびん	22674
できごと	22675
でくの坊	22676
でくわす	22677
でしゃばり	22678
でぶっちょ	22679
でら	22680
でんぐり返し	22681
でんでん虫	22682
でー	22683
とうがらし	22684
とうと	22685
とおざける	22686
とおっ	22687
ときたま	22688
ときめかす	22689
とぎれ	22690
とくと	22691
とくよう	22692
とぐ	22693
とぐろ	22694
とけい	22695
とげとげしい	22696
とさか	22697
としよる	22698
とじる	22699
とちる	22700
とっさ	22701
とっちめる	22702
とっぷり	22703
とつぜん	22704
ととのえる	22705
とどめ	22706
となえる	22707
とにもかくにも	22708
とばり	22709
とび	22710
とほす	22711
とぼとぼ	22712
とみに	22713
ともこ	22714
ともし火	22715
ともども	22716
とも子	22717
とらす	22718
とりえ	22719
とりとめ	22720
とれたて	22721
とろくさい	22722
とろっ	22723
とろとろ	22724
とろ火	22725
とんかち	22726
とんこつ	22727
とんじゃく	22728
とんずら	22729
とんち	22730
とんちんかん	22731
とんと	22732
とんぼ返り	22733
ど〜	22734
どうこう	22735
どおす	22736
どきん	22737
どぎつい	22738
どくどく	22739
どこどこ	22740
どさどさ	22741
どしどし	22742
どしゃ降り	22743
どしん	22744
どたどた	22745
どたん場	22746
どっかと	22747
どっかり	22748
どっこいどっこい	22749
どっしり	22750
どでかい	22751
どの道	22752
どやどや	22753
どよめき	22754
どら	22755
どら焼き	22756
どろ	22757
どろんこ	22758
どんちゃん	22759
どん欲	22760
な〜い	22761
なぁん	22762
なぁー	22763
なあなあ	22764
なおせる	22765
なお子	22766
なかば	22767
なかよく	22768
ながす	22769
ながなが	22770
ながめ	22771
ながらえる	22772
なける	22773
なげかわしい	22774
なげく	22775
なごむ	22776
なごやか	22777
なさけ	22778
なさけない	22779
なし崩し	22780
なじみ深い	22781
なぞる	22782
なだれ	22783
なつ	22784
なつかしむ	22785
なつこい	22786
なつっこい	22787
なにがし	22788
なにせ	22789
なにとぞ	22790
なにぶん	22791
なべて	22792
なまくら	22793
なまなましい	22794
なみなみ	22795
なやます	22796
ならし	22797
なりゆき	22798
なりわい	22799
なり振り	22800
なわとび	22801
なんたる	22802
なんだ	22803
なんと	22804
なんぴと	22805
なアに	22806
にいさん	22807
にいちゃん	22808
におわす	22809
にかわ	22810
にがい	22811
にぎわい	22812
にくむ	22813
にくらしい	22814
にこり	22815
にごる	22816
にじ	22817
にた	22818
にたり	22819
にぶい	22820
にぶる	22821
にゃあ	22822
にゃん	22823
にゅうめん	22824
にょろり	22825
にらめっこ	22826
にらめる	22827
にわか仕込み	22828
ぬい	22829
ぬか	22830
ぬかす	22831
ぬくぬく	22832
ぬけぬけ	22833
ぬすみ	22834
ぬすむ	22835
ぬっ	22836
ぬり絵	22837
ぬり薬	22838
ぬれぎぬ	22839
ねがい	22840
ねぎらい	22841
のう	22842
のうのう	22843
のぎへん	22844
のけ者	22845
のぞき見	22846
のぞむ	22847
のたれ死に	22848
のっ	22849
のっける	22850
のっとる	22851
のっぽ	22852
のどぼとけ	22853
のど元	22854
ののしり	22855
のび	22856
のぼり	22857
のぼれる	22858
のます	22859
のりこ	22860
のりづけ	22861
のり子	22862
のろける	22863
のろけ話	22864
のろし	22865
のん	22866
のんべえ	22867
のん気	22868
のー	22869
は〜い	22870
はぁー	22871
はかく	22872
はからう	22873
はかれる	22874
はきはき	22875
はくさい	22876
はぐ	22877
はげまし	22878
はげむ	22879
はこ	22880
はこべる	22881
はしけ	22882
はしご酒	22883
はしたない	22884
はしょる	22885
はじる	22886
はすっぱ	22887
はずせる	22888
はたけ	22889
はたち	22890
はだける	22891
はだし	22892
はち	22893
はちに	22894
はつらつ	22895
はて	22896
はてな	22897
はとこ	22898
はなはだ	22899
はにかみ屋	22900
はにかむ	22901
ははは	22902
はぶける	22903
はやく	22904
はやぶさ	22905
はやめる	22906
はら	22907
はらい	22908
はらす	22909
はんぱ	22910
はんらん	22911
はーあ	22912
ばぁ	22913
ばかし	22914
ばくち	22915
ばたつく	22916
ばた足	22917
ばっさり	22918
ばっする	22919
ばてる	22920
ばなれ	22921
ばね	22922
ばら撒く	22923
ばる	22924
ばんそう	22925
ぱ	22926
ぱくつく	22927
ぱたぱた	22928
ぱたん	22929
ぱちっ	22930
ぱちぱち	22931
ぱっくり	22932
ぱったり	22933
ぱつ	22934
ひかえめ	22935
ひかる	22936
ひき	22937
ひきこもり	22938
ひきたて	22939
ひき逃げ	22940
ひくい	22941
ひけ目	22942
ひげそり	22943
ひこ	22944
ひこう	22945
ひざまづく	22946
ひざ丈	22947
ひざ掛け	22948
ひしめく	22949
ひじ掛け	22950
ひずみ	22951
ひたひた	22952
ひたぶる	22953
ひだるい	22954
ひっ	22955
ひっくりかえる	22956
ひったくり	22957
ひつ	22958
ひでえ	22959
ひでお	22960
ひとけ	22961
ひとごと	22962
ひとしい	22963
ひとしきり	22964
ひとしずく	22965
ひとびと	22966
ひとまとまり	22967
ひとみ	22968
ひとりごつ	22969
ひとりごと	22970
ひとりじめ	22971
ひとり娘	22972
ひとり寝	22973
ひとり暮し	22974
ひとり歩き	22975
ひとり立ち	22976
ひとり親	22977
ひとり遊び	22978
ひと口	22979
ひと息	22980
ひと手間	22981
ひと月	22982
ひと泡	22983
ひと肌	22984
ひなたぼっこ	22985
ひな菊	22986
ひねくれる	22987
ひねもす	22988
ひび割れる	22989
ひみつ	22990
ひやっ	22991
ひやひや	22992
ひやり	22993
ひょいひょい	22994
ひょこっ	22995
ひよっこ	22996
ひより	22997
ひら	22998
ひらき	22999
ひれ伏す	23000
ひろい	23001
ひろがる	23002
ひろげる	23003
ひろこ	23004
ひろみ	23005
ひん死	23006
びいき	23007
びく	23008
びたる	23009
びちょびちょ	23010
びっしり	23011
びと	23012
びな	23013
びまん	23014
びゅうびゅう	23015
びょう	23016
びらき	23017
びろうど	23018
びんしょう	23019
びんた	23020
びー	23021
ぴか一	23022
ぴき	23023
ぴくぴく	23024
ぴしゃり	23025
ぴゅうぴゅう	23026
ぴゅー	23027
ぴょい	23028
ぴょこん	23029
ぴょん	23030
ふいご	23031
ふかふか	23032
ふきだまり	23033
ふきん	23034
ふくむ	23035
ふくらはぎ	23036
ふくれる	23037
ふさがり	23038
ふざけ	23039
ふし	23040
ふしだら	23041
ふせぐ	23042
ふてぶてしい	23043
ふてる	23044
ふとん	23045
ふな	23046
ふにゃふにゃ	23047
ふふっ	23048
ふふふ	23049
ふふふっ	23050
ふらっ	23051
ふるい	23052
ふれこみ	23053
ふんどし	23054
ふ化	23055
ぶかい	23056
ぶちぶち	23057
ぶっ	23058
ぶっ通し	23059
ぶらっ	23060
ぶらり	23061
ぶらんこ	23062
ぶれる	23063
ぶん	23064
ぷにぷに	23065
ぷぷ	23066
ぷりぷり	23067
ぷん	23068
へぇー	23069
へきれき	23070
へす	23071
へたくそ	23072
へたっぴ	23073
へたばる	23074
へたる	23075
へったくれ	23076
へっぽこ	23077
へな	23078
へへへ	23079
へべれけ	23080
へや	23081
へり	23082
へんてこりん	23083
べたつく	23084
べたぼれ	23085
べちゃっ	23086
べっ	23087
べったり	23088
べっとり	23089
べつだん	23090
べべ	23091
べらべら	23092
べろ	23093
べろっ	23094
ぺこ	23095
ぺちゃ	23096
ぺちゃんこ	23097
ぺっ	23098
ぺてん	23099
ぺろっ	23100
ぺん	23101
ほ	23102
ほ〜	23103
ほいほい	23104
ほうぼう	23105
ほうれん	23106
ほお紅	23107
ほこら	23108
ほこりまみれ	23109
ほしいまま	23110
ほじくる	23111
ほそぼそ	23112
ほだす	23113
ほっ	23114
ほっかほか	23115
ほつれ	23116
ほとばしる	23117
ほとぼり	23118
ほど良い	23119
ほど近い	23120
ほの	23121
ほのぼの	23122
ほほえましい	23123
ほほ笑み	23124
ほほ笑む	23125
ほまれ	23126
ほれぼれ	23127
ほろ	23128
ほんろう	23129
ぼうけ	23130
ぼうし	23131
ぼうぜん	23132
ぼうや	23133
ぼおっと	23134
ぼけっと	23135
ぼたぼた	23136
ぼた雪	23137
ぼた餅	23138
ぼちゃぼちゃ	23139
ぼっち	23140
ぼやき	23141
ぼやっ	23142
ぼりぼり	23143
ぼろくそ	23144
ぼんぼん	23145
ぼー	23146
ぽいっ	23147
ぽかぽか	23148
ぽしゃる	23149
ぽちゃぽちゃ	23150
ぽっ	23151
ぽっくり	23152
ぽっこり	23153
ぽつぽつ	23154
ぽつりぽつり	23155
ぽろぽろ	23156
まあだ	23157
まかない	23158
まがう	23159
まがり	23160
まぎらす	23161
まくら	23162
まごまご	23163
まさお	23164
まざる	23165
まします	23166
まじい	23167
まじえる	23168
まじない	23169
まじまじ	23170
またたび	23171
まだか	23172
まっか	23173
まっくら	23174
まっさお	23175
まっさき	23176
まっさら	23177
まっしぐら	23178
まっしろ	23179
まっとう	23180
まつげ	23181
まつわる	23182
まとはずれ	23183
まなか	23184
まなざし	23185
まな板	23186
まねき	23187
まねく	23188
まばゆい	23189
まぶす	23190
まま母	23191
まやかし	23192
まゆつば	23193
まゆみ	23194
まゆ毛	23195
まりや	23196
まるい	23197
まるごと	23198
まるめる	23199
まるわかり	23200
まろやか	23201
まわし	23202
まわりくどい	23203
まん	23204
まんちん	23205
まんまる	23206
みえ	23207
みかけ	23208
みぎ	23209
みくびる	23210
みこ	23211
みさ	23212
みじかい	23213
みず	23214
みずから	23215
みずき	23216
みそぎ	23217
みたま	23218
みちびく	23219
みっちり	23220
みつ	23221
みつばち	23222
みてえ	23223
みなそこ	23224
みなり	23225
みほ	23226
みみ	23227
みむら	23228
みゆ	23229
みゆき	23230
みれる	23231
むくいる	23232
むくう	23233
むくろじ	23234
むこう側	23235
むこう端	23236
むごい	23237
むしゃくしゃ	23238
むしゃむしゃ	23239
むすぶ	23240
むせび泣き	23241
むせぶ	23242
むち	23243
むっつり	23244
むつかしい	23245
むね肉	23246
むら	23247
むらむら	23248
めい	23249
めかし	23250
めくれる	23251
めぐり	23252
めざとい	23253
めざまし	23254
めざめる	23255
めし	23256
めじり	23257
めす	23258
めずらしい	23259
めだつ	23260
めった打ち	23261
めっちゃくっちゃ	23262
めつた	23263
めど	23264
めろめろ	23265
めんくらう	23266
めんこ	23267
めんずる	23268
も〜	23269
もうけ話	23270
もうす	23271
もうろう	23272
もぎたて	23273
もく	23274
もくろみ	23275
もくろむ	23276
もさもさ	23277
もじゃもじゃ	23278
もたつく	23279
もたらせる	23280
もちきり	23281
もちもち	23282
もっか	23283
もっちり	23284
もとい	23285
もとる	23286
もと通り	23287
もなか	23288
ものさし	23289
ものづくり	23290
もの悲しい	23291
もの狂い	23292
もの覚え	23293
もの静か	23294
もみじ	23295
もめん	23296
もる	23297
もれ	23298
もろとも	23299
もわ	23300
もを	23301
もんどり	23302
もんぺ姿	23303
やき	23304
やきもの	23305
やくする	23306
やけ食い	23307
やじ	23308
やじる	23309
やす	23310
やせっぽち	23311
やっほー	23312
やつあたり	23313
やつす	23314
やつれ	23315
やとう	23316
やどる	23317
やべえ	23318
やみくも	23319
やらせ	23320
やりまん	23321
やり口	23322
やわ	23323
やわらぐ	23324
やんや	23325
やー	23326
ゆ	23327
ゆうき	23328
ゆうに	23329
ゆかい	23330
ゆがむ	23331
ゆくえ	23332
ゆく先	23333
ゆさぶる	23334
ゆずれる	23335
ゆたか	23336
ゆだる	23337
ゆでこぼし	23338
ゆびきり	23339
ゆめみる	23340
ゆらめく	23341
ゆるせる	23342
ゆるゆる	23343
ゆれ	23344
よいよい	23345
ようい	23346
ようかい	23347
よく年	23348
よける	23349
よごし	23350
よしき	23351
よしみ	23352
よそおう	23353
よそもの	23354
よそ見	23355
よたる	23356
よっく	23357
よっしゃあ	23358
よむ	23359
よりどころ	23360
よれっ	23361
よろ	23362
よろい	23363
よろし	23364
よわる	23365
よん	23366
よんどころ	23367
よーい	23368
らくご	23369
りえ	23370
りっとう	23371
るね	23372
るり子	23373
れっか	23374
れっき	23375
ろう	23376
ろうあ	23377
ろう者	23378
ろか	23379
ろく	23380
ろくすっぽ	23381
わ〜	23382
わあわあ	23383
わか	23384
わかす	23385
わかつ	23386
わがまま勝手	23387
わき役	23388
わき見	23389
わけて	23390
わさわさ	23391
わざわい	23392
わずらわす	23393
わたせる	23394
わたれる	23395
わはははは	23396
わめき声	23397
わらじ	23398
わらび	23399
わりぃ	23400
われる	23401
わんわん	23402
ゑ	23403
んじゃ	23404
んっ	23405
んて	23406
゜	23407
ァ	23408
アイク	23409
アイシャドウ	23410
アイヅチ	23411
アイデンティティ	23412
アイデンティティー	23413
アイドリング	23414
アイボリー	23415
アイライナー	23416
アイリス	23417
アウグスタ	23418
アウグスティヌス	23419
アウシュビッツ	23420
アウターウェア	23421
アウトサイダース	23422
アウトバーン	23423
アウトライン	23424
アウラ	23425
アウン・サン・スー・チー	23426
アカペラ	23427
アキ	23428
アキナ	23429
アキ子	23430
アクス	23431
アクロバット	23432
アグネス	23433
アコギ	23434
アコーデオン	23435
アゴ	23436
アサアール	23437
アサガオ	23438
アザ	23439
アザド	23440
アシ	23441
アジャイ	23442
アストゥリアス	23443
アスファルト	23444
アスレチック	23445
アセクシャル	23446
アセスメント	23447
アゼリ	23448
アタッシェ	23449
アタフタ	23450
アタマ	23451
アタリ	23452
アダムズ	23453
アッシュ	23454
アッタマ	23455
アッチカ	23456
アットホーム	23457
アップグレード	23458
アッペ	23459
アッラー	23460
アツアツ	23461
アトム	23462
アトラクション	23463
アトランティス	23464
アド	23465
アドベンチャー	23466
アドミニストレーター	23467
アドラステア	23468
アドルノ	23469
アドルフ	23470
アドルフォ	23471
アドレナリン	23472
アナグマ	23473
アナグラム	23474
アナタ	23475
アナリスト	23476
アニュアル	23477
アネクドート	23478
アノニマス	23479
アバウト	23480
アバカス	23481
アバタ	23482
アバンチュール	23483
アパートメント	23484
アフィリエイト	23485
アフィン	23486
アフタヌーン	23487
アブバカール	23488
アブミ	23489
アプリコット	23490
アヘン	23491
アベック	23492
アボット	23493
アポストロフィ	23494
アポロン	23495
アマ	23496
アミューズメント	23497
アムステル	23498
アムネスティ	23499
アメダス	23500
アメンホテプ	23501
アメ玉	23502
アラカルト	23503
アラサー	23504
アリエネー	23505
アリエル	23506
アル	23507
アルカデイア	23508
アルカン	23509
アルスミス	23510
アルセスト	23511
アルノー	23512
アルバル	23513
アルバータ	23514
アルファ・ロメオ	23515
アルフォンス	23516
アルベル	23517
アルベルト	23518
アルペン	23519
アルマーニ	23520
アルミ	23521
アルミニウム	23522
アルミニューム	23523
アレイ	23524
アレクサンダー	23525
アレサンドラ	23526
アレス	23527
アレッシア	23528
アロコス	23529
アンインストール	23530
アンカー	23531
アングラ	23532
アングリ	23533
アングロ・サクソン	23534
アンゲラ	23535
アンシャン	23536
アンジェラ	23537
アンソロジー	23538
アンダルシア	23539
アンチケモナー	23540
アンティグア	23541
アンデス	23542
アンデルセン	23543
アントレ	23544
アンドリュー	23545
アンドレア	23546
アンドレアス	23547
アンポンタン	23548
アンモニア	23549
アンリエット	23550
アー	23551
アーア	23552
アーキテクチャー	23553
アーケード	23554
アーチー	23555
アーッ	23556
アーニー	23557
アームストロング	23558
アーメン	23559
アーリントン	23560
アールト	23561
アーレン	23562
アーン	23563
イ	23564
イく	23565
イエメン	23566
イエロー	23567
イエール	23568
イオネスク	23569
イカスミ	23570
イカ墨	23571
イクナイ	23572
イクラ	23573
イグアナ	23574
イサオ	23575
イサク	23576
イサコフ	23577
イザドラダンカン	23578
イザベル	23579
イシュー	23580
イシルダ	23581
イジイジ	23582
イジメ	23583
イスマエル	23584
イソイソ	23585
イソップ	23586
イタチ	23587
イタリヤ	23588
イタロ	23589
イタ飯	23590
イチ	23591
イチコロ	23592
イッキ	23593
イッチ	23594
イツモシズカニワラッテイル	23595
イデオム	23596
イナ	23597
イヌイット	23598
イヌクティトゥット	23599
イノシシ	23600
イブニング	23601
イマジン	23602
イミテーション	23603
イモムシ	23604
イモリ	23605
イヤー	23606
イラっ	23607
イリジウム	23608
イリノイ	23609
イルミネーション	23610
イロカノ	23611
イロハ	23612
インガルス	23613
イングリッシュ	23614
インゲン	23615
インゲン豆	23616
インシュリン	23617
インス	23618
インスタグラム	23619
インスティテュート	23620
インスピレーション	23621
インセンティブ	23622
インソール	23623
インタラクティブ	23624
インター	23625
インターナショナル	23626
インターホン	23627
インターン	23628
インテグレーション	23629
インテリ	23630
インテリジェンス	23631
インテリジェント	23632
インテンシブ	23633
インディアナ	23634
インディペンデント	23635
インディーズ	23636
インデックス	23637
インドア	23638
インナー	23639
インフォメーション	23640
インフォーマント	23641
インフォーメーション	23642
インベーダー	23643
インポ	23644
イヴニング	23645
イーグル	23646
イージス	23647
イージー	23648
ウ	23649
ウィアーザワールド	23650
ウィキリークス	23651
ウィッシュ	23652
ウィッチ	23653
ウィニペグ	23654
ウィル	23655
ウィルキンソン	23656
ウィルダ	23657
ウィンストン	23658
ウイニング	23659
ウイリアムズ	23660
ウインカー	23661
ウイーク	23662
ウェイクフィールド	23663
ウェイン	23664
ウェストミンスター	23665
ウェット	23666
ウェッブ	23667
ウェディング	23668
ウェリントン	23669
ウェル	23670
ウェルプ	23671
ウェンディーズ	23672
ウェーク	23673
ウェートレス	23674
ウエア	23675
ウエイ	23676
ウエット	23677
ウエリントン	23678
ウエートレス	23679
ウォシュレット	23680
ウォラー	23681
ウォルコット	23682
ウォルマート	23683
ウォード	23684
ウォーム	23685
ウォーリア	23686
ウオーッ	23687
ウオーミング	23688
ウオーン	23689
ウカウカ	23690
ウガンダ	23691
ウキー	23692
ウシ	23693
ウジ	23694
ウジウジ	23695
ウジャウジャ	23696
ウスター	23697
ウズウズ	23698
ウズラ	23699
ウダツ	23700
ウッ	23701
ウッカリ	23702
ウッスラ	23703
ウットリ	23704
ウツボ	23705
ウトッ	23706
ウドゥ	23707
ウニ	23708
ウネウネ	23709
ウハウハ	23710
ウフッ	23711
ウフフ	23712
ウブ	23713
ウベアイスクリーム	23714
ウマ	23715
ウミガメ	23716
ウヨウヨ	23717
ウラウラ	23718
ウラジオストク	23719
ウラニウム	23720
ウラノス	23721
ウリ	23722
ウルウル	23723
ウルスル	23724
ウルトラ	23725
ウルヴァリン	23726
ウワーン	23727
ウンウン	23728
ウンザリ	23729
ウンチ	23730
ウン十	23731
ウー	23732
ウーッ	23733
ウーバードライバー	23734
ウーン	23735
エアポート	23736
エアポートマリオット	23737
エアーズ	23738
エイジ	23739
エイビィス	23740
エイプ	23741
エイヴィス	23742
エイヴォン	23743
エウロパ	23744
エキサイト	23745
エキストラ	23746
エキスパート	23747
エキスポ	23748
エキセントリック	23749
エクササイズ	23750
エクスクラメーション	23751
エクスタシー	23752
エクステンション	23753
エクボ	23754
エコノミー	23755
エコー	23756
エゴイスト	23757
エジンバラ	23758
エスエフ	23759
エスコート	23760
エステバン	23761
エステラ	23762
エスファハーン	23763
エスプリ	23764
エスプレッソドピオ	23765
エスペランティスト	23766
エズラ	23767
エゾライチョウ	23768
エッ	23769
エックス	23770
エッジ	23771
エッセンス	23772
エッセー	23773
エッチラオッチラ	23774
エッチング	23775
エディション	23776
エディプス	23777
エデイター	23778
エデン	23779
エド	23780
エドナ	23781
エドモントン	23782
エドード	23783
エナメル	23784
エノラ	23785
エバ	23786
エバン	23787
エバンス	23788
エビフライ	23789
エビフライカレー	23790
エピデミック	23791
エフィオピア	23792
エブァンス	23793
エボラ	23794
エポック	23795
エミコ	23796
エミー	23797
エムサイズ	23798
エメンタール	23799
エライ	23800
エライザ	23801
エリカ	23802
エリスリトール	23803
エルギン	23804
エルドアン	23805
エルニーニョ	23806
エルバ	23807
エルビス	23808
エルフ	23809
エルモア	23810
エレガンス	23811
エレキ	23812
エレキッド	23813
エレクトリック	23814
エレクトロニック	23815
エレブー	23816
エロ	23817
エロい	23818
エロス	23819
エロチック	23820
エンコ	23821
エンコーダ	23822
エンジニアリング	23823
エンタメ	23824
エンターテイナー	23825
エンターテインメント	23826
エンデ	23827
エントロピー	23828
エンドウ	23829
エンドルフィン	23830
エンドレス	23831
エンパイア	23832
エンパナーダ	23833
エンブレム	23834
エヴァンズ	23835
エージェンシー	23836
エード	23837
オアシス	23838
オイオイ	23839
オイシイ	23840
オイディプス	23841
オウエン	23842
オェッ	23843
オオー	23844
オカズ	23845
オカピ	23846
オカマ	23847
オカリナ	23848
オカルト	23849
オク	23850
オクスフォード	23851
オクターブ	23852
オクテ	23853
オクテル	23854
オクラ	23855
オクラホマ	23856
オケ	23857
オケピ	23858
オコナー	23859
オサラバ	23860
オスカー	23861
オス犬	23862
オタオタ	23863
オタワ	23864
オック	23865
オッサン	23866
オットリ	23867
オッホン	23868
オツ	23869
オデット	23870
オトコ	23871
オトコッケ	23872
オドオド	23873
オナホール	23874
オニオン	23875
オニユリ	23876
オネェ	23877
オハイオウ	23878
オファー	23879
オフィシャル	23880
オフサイド	23881
オフターゲット	23882
オフピーク	23883
オフロード	23884
オブジェ	23885
オペ	23886
オペレッタ	23887
オペレーション	23888
オミナエシ	23889
オムスク	23890
オムニバス	23891
オメオメ	23892
オラクル	23893
オラトリオ	23894
オランウータン	23895
オリ	23896
オリエンタル	23897
オリエンテーション	23898
オリジナリティ	23899
オリジナリティー	23900
オリバー	23901
オリビア	23902
オリンポス	23903
オリヴィエ	23904
オルガ	23905
オルゴール	23906
オルダス	23907
オルリー	23908
オレェブロック	23909
オレゴン	23910
オロオロ	23911
オンエア	23912
オンオン	23913
オンス	23914
オンタリオ	23915
オンチョム	23916
オンパレード	23917
オンボード	23918
オークス	23919
オークランド	23920
オーシャン	23921
オースティン	23922
オースト	23923
オーソドックス	23924
オードブル	23925
オーバーコート	23926
オーバーシューズ	23927
オーバーヒート	23928
オーバーヘッド	23929
オーバーラン	23930
オービュルナン	23931
オープナー	23932
オーベルコーヒェン	23933
オーム	23934
オールウェイズ	23935
オールスター	23936
オールディーズ	23937
オールマイティー	23938
カイ	23939
カイコ	23940
カイコス	23941
カイト	23942
カイン	23943
カエサル	23944
カエデ	23945
カオス	23946
カオリ	23947
カキコ	23948
カクカク	23949
カサ	23950
カザフスタン	23951
カザン	23952
カシオペア	23953
カシミール	23954
カシャ	23955
カシュー	23956
カジノ	23957
カスカス	23958
カスタマイズ	23959
カスティーリャ	23960
カストロ	23961
カセットウォークマン	23962
カタハネ	23963
カタルーニャ	23964
カタワ	23965
カタール	23966
カダフィ	23967
カチッ	23968
カチューシャ	23969
カチョカヴァロ	23970
カチリ	23971
カッカ	23972
カッキリ	23973
カッチーン	23974
カッテージ	23975
カットバン	23976
カッパ	23977
カツ	23978
カツアゲ	23979
カツオドリ	23980
カトマンズ	23981
カトリン	23982
カナダデー	23983
カナヅチ	23984
カナリヤ	23985
カニカマ	23986
カネもうけ	23987
カバ	23988
カフェバー	23989
カフカ	23990
カブ	23991
カブス	23992
カブラ	23993
カブール	23994
カプチーノ	23995
カペナウム	23996
カマトト	23997
カミナリ	23998
カミング	23999
カミングアウト	24000
カミーユ	24001
カムイ	24002
カメムシ	24003
カメルーン	24004
カヤパオ	24005
カヤパン	24006
カラオケバー	24007
カラクリ	24008
カラダ	24009
カラム	24010
カリブ	24011
カリーニングラード	24012
カルキ	24013
カルキュレーター	24014
カルシウム	24015
カルタ	24016
カルタゴ	24017
カルチャー	24018
カルビー	24019
カルボナーラ	24020
カルヴィーノ	24021
カレッジ	24022
カロリーゼロ	24023
カンザス	24024
カンジキ	24025
カンスト	24026
カンタ	24027
カント	24028
カンヌ	24029
カンバス	24030
カンパラ	24031
カンファレンス	24032
カンペ	24033
カヴァ	24034
カヴァー	24035
カーアクション	24036
カーズ	24037
カーソル	24038
カーテレット	24039
カートゥーン	24040
カートライト	24041
カーネギー	24042
カーマニア	24043
カーメル	24044
カーラ	24045
カーラー	24046
カーレンタル	24047
カーロ	24048
カーワックス	24049
カーヴァー	24050
ガ	24051
ガイ	24052
ガイジン	24053
ガイドライン	24054
ガウェイン	24055
ガウス	24056
ガクッ	24057
ガサッ	24058
ガシッ	24059
ガシャッ	24060
ガタピシ	24061
ガタンゴトン	24062
ガチッ	24063
ガッ	24064
ガッコ	24065
ガッチリ	24066
ガツン	24067
ガバガバ	24068
ガバナンス	24069
ガブリエル	24070
ガマン	24071
ガマ口	24072
ガムテープ	24073
ガリ	24074
ガリシア	24075
ガリ版	24076
ガルフレンド	24077
ガンジス	24078
ガーガー	24079
ガーター	24080
ガーターヘビ	24081
ガーッ	24082
ガーディアン	24083
ガードナー	24084
ガービー	24085
ガーファンクル	24086
ガーベイ	24087
ガーメント	24088
ガーン	24089
ガーヴェイ	24090
キ	24091
キイキイ	24092
キイチゴ	24093
キエ	24094
キエフ	24095
キガリ	24096
キケロ	24097
キター	24098
キチキチ	24099
キット	24100
キツ	24101
キツツキ	24102
キツネ狩り	24103
キティ	24104
キト	24105
キビシイ	24106
キムパプ	24107
キモ	24108
キャシィ	24109
キャス	24110
キャッシュ	24111
キャッチー	24112
キャット	24113
キャディー	24114
キャバクラ	24115
キャブレター	24116
キャマンベール	24117
キャリー	24118
キャンキャン	24119
キャンパー	24120
キャンピング	24121
キャンベラ	24122
キャー	24123
キヤマンベエル	24124
キュウ	24125
キュウヒャクナナ	24126
キュキュッ	24127
キュッキュッ	24128
キュート	24129
キューバリブレ	24130
キューブ	24131
キョウチクトウ	24132
キヨスク	24133
キライ	24134
キラーパス	24135
キリカ	24136
キリギリス	24137
キリッ	24138
キリリクイラスト	24139
キルビー	24140
キロオーバー	24141
キログラム	24142
キロジョギング	24143
キンポウゲ	24144
キーウィ	24145
キーチェンジ	24146
キーッ	24147
キーパー	24148
ギイギイ	24149
ギガ	24150
ギガバイト	24151
ギクッ	24152
ギザ	24153
ギシギシ	24154
ギズモ	24155
ギセル	24156
ギックリ腰	24157
ギネス	24158
ギバン	24159
ギブ	24160
ギブアンドテイク	24161
ギブソン	24162
ギブ・アンド・テイク	24163
ギムナジウム	24164
ギャップ	24165
ギャツビー	24166
ギャラ	24167
ギャロウェイ	24168
ギャンギャン	24169
ギヤ	24170
ギュっ	24171
ギュッ	24172
ギュン	24173
ギヨーム	24174
ギラ	24175
ギルバート	24176
ギン	24177
ギンザケ	24178
ギーギー	24179
クアラルンブール	24180
クアラルンプール	24181
クウェート	24182
クエスト	24183
クエッション	24184
クオピオ	24185
クオーター	24186
クサイ	24187
クサクサ	24188
クシャン	24189
クジ	24190
クジャク	24191
クスノキ	24192
クスリ	24193
クズカゴ	24194
クセノフォン	24195
クソガキ	24196
クソッ	24197
クソ暑い	24198
クチ	24199
クチュール	24200
クッカー	24201
クッキング	24202
クックッ	24203
クツ	24204
クニャクニャ	24205
クネクネ	24206
クライブ	24207
クライマックス	24208
クラインガルテン	24209
クラスター	24210
クラッ	24211
クラッシュ	24212
クラブハウス	24213
クラベ	24214
クランク	24215
クリエイター	24216
クリエイティブ	24217
クリスタル	24218
クリスト	24219
クリスマスイヴ	24220
クリミア	24221
クリンゴン	24222
クリーナー	24223
クルツ	24224
クルマ	24225
クルン	24226
クレイステネス	24227
クレイトン	24228
クレオ	24229
クレカ	24230
クレマン	24231
クレンザー	24232
クレンペ	24233
クレージー	24234
クレーター	24235
クレープ	24236
クレーマー	24237
クレームフレーシュ	24238
クレーン	24239
クロケット	24240
クロム	24241
クロライチョウ	24242
クローク	24243
クローズ	24244
クローディア	24245
クローン	24246
クワガタ	24247
クンニ	24248
クーパーズタウン	24249
クープ	24250
グイ	24251
グサッ	24252
グジュグジュ	24253
グスタフ	24254
グズ	24255
グズグズ	24256
グチャグチャ	24257
グチョグチョ	24258
グッスリ	24259
グツグツ	24260
グデングデン	24261
グニャグニャ	24262
グフフフフ	24263
グミベア	24264
グライダー	24265
グラノーラバー	24266
グラブ	24267
グラボ	24268
グラマー	24269
グランマズ	24270
グリシャ	24271
グリズリー	24272
グリニッジ	24273
グリム	24274
グリース	24275
グリーティング	24276
グルーヴ	24277
グレる	24278
グレイシー	24279
グレイハウンドバス	24280
グレイビー	24281
グレイビーソース	24282
グレネード	24283
グレープ	24284
グロッシェン	24285
グロリア	24286
グローリア	24287
グンタイアリ	24288
グースカ	24289
グーチョキパー	24290
グーテンベルク	24291
グーテンベルグ	24292
ケア	24293
ケアプラン	24294
ケイスケ	24295
ケイタイ	24296
ケイティ	24297
ケケ	24298
ケシ	24299
ケジメ	24300
ケタケタ	24301
ケタ違い	24302
ケチュア	24303
ケネス	24304
ケバケバ	24305
ケバブ	24306
ケバヤ	24307
ケパ	24308
ケフィア	24309
ケモナーアンチ	24310
ケルベロス	24311
ケレー	24312
ケロケロ	24313
ケンイチ	24314
ケンケンパ	24315
ケンタッキ	24316
ケンタッキー	24317
ケンチャン	24318
ケヴィン	24319
ケー	24320
ケータリング	24321
ケーティーホルムズ	24322
ケーニヒスベルク	24323
ケーブルタイ	24324
ケープ	24325
ケ月	24326
ゲ	24327
ゲアハルト	24328
ゲアリー	24329
ゲス	24330
ゲッテル	24331
ゲップ	24332
ゲテモノ	24333
ゲディミナス	24334
ゲラゲラ	24335
ゲロ	24336
ゲンドウ	24337
ゲー	24338
ゲーセン	24339
ゲーテ	24340
ゲーリー	24341
コア	24342
コイ	24343
コウノトリ	24344
コケ	24345
ココイチ	24346
ココナツ	24347
コサイン	24348
コサージュ	24349
コスタリカ	24350
コストコ	24351
コスプレ	24352
コスプレーヤー	24353
コスモス	24354
コズビ	24355
コタツ	24356
コチラ	24357
コッミット	24358
コツン	24359
コテージ	24360
コト	24361
コトコト	24362
コナー	24363
コナーズ	24364
コニチカ	24365
コニー	24366
コネチカット	24367
コネリー	24368
コバルト	24369
コパコバナ	24370
コピる	24371
コブクロ	24372
コミコン	24373
コミックス	24374
コミヤコフ	24375
コミュニティー	24376
コム	24377
コムロ	24378
コモンズ	24379
コヨミ	24380
コラプション	24381
コラボレーション	24382
コラムニスト	24383
コラーダ	24384
コリー	24385
コルコット	24386
コレクター	24387
コレクターズ	24388
コロ	24389
コロセウム	24390
コロッ	24391
コロッセオ	24392
コロニー	24393
コロンボ	24394
コンガリ	24395
コンコルド	24396
コンコーダンス	24397
コンスタンティヌス	24398
コンスタンティノープル	24399
コンソール	24400
コンチータ	24401
コンテキスト	24402
コント	24403
コントラスト	24404
コントリビューション	24405
コントローラー	24406
コンドミニアム	24407
コンドル	24408
コンニャク	24409
コンバーチブル	24410
コンパニオン	24411
コンパートメント	24412
コンファレンス	24413
コンフィグ	24414
コンベアー	24415
コンボ	24416
コンポート	24417
コーエン	24418
コーガン	24419
コーテーション	24420
コーディネーション	24421
コードブック	24422
コーヒ	24423
コーポレート	24424
コールセルフライ	24425
コールタール	24426
ゴシキヒワ	24427
ゴシゴシ	24428
ゴシップ	24429
ゴジラ	24430
ゴチャゴチャ	24431
ゴブリン	24432
ゴボウ	24433
ゴミバケツ	24434
ゴミ捨て	24435
ゴムバンド	24436
ゴムボート	24437
ゴルバチョフ	24438
ゴロ	24439
ゴロウ	24440
ゴワゴワ	24441
ゴー	24442
ゴーっ	24443
ゴーシ	24444
ゴーダ	24445
ゴート	24446
ゴーヤ	24447
ゴーレム	24448
サイコロ	24449
サイバー	24450
サイバースペース	24451
サイバーテロ	24452
サウサンプトン	24453
サウジアラビア	24454
サウスカロライナ	24455
サウスポー	24456
サウル	24457
サウンズ	24458
サギ	24459
サクラメント	24460
サクララテ	24461
ササっ	24462
ササッ	24463
サザエ	24464
サザンプトン	24465
サスペンス	24466
サタデー	24467
サダコ	24468
サダム	24469
サッポー	24470
サテン	24471
サトヤマ	24472
サトル	24473
サドル	24474
サニモマケヌ	24475
サニー	24476
サハロフ	24477
サバ	24478
サバンナ	24479
サビ	24480
サビ抜き	24481
サフラン	24482
サブ	24483
サブアド	24484
サブウェイ	24485
サブフランチャイザー	24486
サブロン	24487
サプリメント	24488
サボ	24489
サマ	24490
サマセット	24491
サマンサ	24492
サミーデービスジュニア	24493
サムネイル	24494
サヨナラ勝ち	24495
サラエボ	24496
サラゴサ	24497
サラダバー	24498
サラブレッド	24499
サラミピザ	24500
サラリー	24501
サラー	24502
サルサ	24503
サルタン	24504
サルファ	24505
サルマン	24506
サルモネラ	24507
サン	24508
サンクス	24509
サンクトペテルブルク	24510
サンクト・ペテルブルク	24511
サンゴ	24512
サンショウウオ	24513
サンジャシント	24514
サンスクリーン	24515
サンダー	24516
サンディ	24517
サンパウロ	24518
サンプリング	24519
サンベルト	24520
サン・ピエトロ	24521
サーキット	24522
サード	24523
サーフ	24524
サーファー	24525
ザアザア	24526
ザアッ	24527
ザクザク	24528
ザチャリー	24529
ザラザラ	24530
ザル	24531
ザルツブルク	24532
ザンネン	24533
シイタケ	24534
シェラトン	24535
シェル	24536
シェルダン	24537
シェレメーチエヴォ	24538
シガー	24539
シテ	24540
シティー	24541
シドロモドロ	24542
シニカル	24543
シニック	24544
シネコン	24545
シビア	24546
シブー	24547
シベリアトラ	24548
シマシマ	24549
シミュレーション	24550
シャイレーンドラ	24551
シャオワン	24552
シャキシャキ	24553
シャキッ	24554
シャキーラ	24555
シャスタ	24556
シャッド	24557
シャッポ	24558
シャドー	24559
シャドーイング	24560
シャネラー	24561
シャネル	24562
シャモニー	24563
シャラポア	24564
シャリ	24565
シャロン	24566
シャワ	24567
シャン	24568
シャー	24569
シャーウッド	24570
シャープペンシル	24571
シャーレ	24572
シャーロック	24573
シュガー	24574
シュガーレスガム	24575
シュケル	24576
シュノーケル	24577
シュバイシェン	24578
シュバイツァー	24579
シュプレー	24580
シュレーダー	24581
シュワイツァー	24582
シュワルツェネッガー	24583
シュンシュン	24584
シュヴァイツァー	24585
シューマイ	24586
ショウガ	24587
ショウナン	24588
ショウブ	24589
ショタ	24590
ショタコン	24591
ショベル	24592
ショベルカー	24593
ショペンハウエル	24594
ショボショボ	24595
ショルダー	24596
ショーウインドー	24597
ショーケース	24598
ショートカットキー	24599
ショートケーキ	24600
ショールーム	24601
シラ	24602
シラタキ	24603
シラバス	24604
シリアス	24605
シリコン	24606
シリヤ	24607
シリル	24608
シルビア	24609
シルヴァ	24610
シルヴィウス	24611
シルヴィオ	24612
シロ	24613
シロアリ	24614
シロウト	24615
シロオニタケ	24616
シロクマ	24617
シワ	24618
シン	24619
シンギュラリティ	24620
シングルス	24621
シングルバー	24622
シンシア	24623
シンシナティ	24624
シンドローム	24625
シンハラ	24626
シンバル	24627
シンパ	24628
シンフォニー	24629
シー	24630
シーエー	24631
シークレット	24632
シーケンス	24633
シーズナリティ	24634
シーズンパス	24635
シーチキン	24636
シーフ	24637
シーラカンス	24638
シーラーズ	24639
シーリア	24640
ジェイ	24641
ジェイムス	24642
ジェイルハウス	24643
ジェミニ	24644
ジェラール	24645
ジェル	24646
ジェレミ	24647
ジェレミー	24648
ジェント	24649
ジェーソン	24650
ジェームズグルード	24651
ジエチル	24652
ジオキャッシング	24653
ジカウイルス	24654
ジグ	24655
ジダン	24656
ジフテリア	24657
ジブ	24658
ジブリ	24659
ジプシー	24660
ジャイルズ	24661
ジャカルタ	24662
ジャクージ	24663
ジャコウネコ	24664
ジャコブ	24665
ジャス	24666
ジャスパー	24667
ジャッボーン	24668
ジャニーズ	24669
ジャブジャブ	24670
ジャマ	24671
ジャリ	24672
ジャリジャリ	24673
ジャンクション	24674
ジャンスキー	24675
ジャンバー	24676
ジャンパー	24677
ジャージ	24678
ジュエリー	24679
ジュデイー	24680
ジュピター	24681
ジュラシック	24682
ジュワジュワ	24683
ジューシー	24684
ジューノ	24685
ジューブズ	24686
ジョアン	24687
ジョット	24688
ジョディ	24689
ジョナサン	24690
ジョナス	24691
ジョブ	24692
ジョンカボット	24693
ジョンケネディ	24694
ジョンテル	24695
ジョヴァンニカボート	24696
ジリジリ	24697
ジルヴァーナ	24698
ジロウ	24699
ジワジワ	24700
ジンクス	24701
ジンライム	24702
ジージャン	24703
ジーッと	24704
スイセン	24705
スイレン	24706
スウィッチ	24707
スウィフト	24708
スウィート	24709
スエード	24710
スカスカ	24711
スカパー	24712
スキッド	24713
スキッパー	24714
スキャナー	24715
スキンケア	24716
スキンシップ	24717
スキーウェア	24718
スギ	24719
スクショ	24720
スクラップ	24721
スクラム	24722
スクリプト	24723
スクリャービン	24724
スクーナー	24725
スグリ	24726
スケッチブック	24727
スケルトン	24728
スケープゴート	24729
スコップ	24730
スコール	24731
スコーン	24732
スゴい	24733
スザンヌ	24734
スタイン	24735
スタック	24736
スタッドレス	24737
スタディ	24738
スタミナ	24739
スタローン	24740
スタントマン	24741
スタンバイ	24742
スタンプ	24743
スターリン	24744
スチブンソン	24745
スチュワート	24746
スチル	24747
スチロール	24748
スッカラカン	24749
スッテンテン	24750
スティック	24751
スティブ	24752
スティービー	24753
スティーヴ	24754
スティーヴン	24755
ステイ	24756
ステキ	24757
ステディ	24758
ステンレス	24759
ステーション	24760
ステータス	24761
ステート	24762
ストックホルム	24763
ストップウオッチ	24764
ストライク	24765
ストラスブール	24766
ストラットフォード	24767
ストラップ	24768
ストラップレス	24769
ストラップレスドレス	24770
ストレッチャー	24771
ストレージ	24772
ストロガノフ	24773
ストロボ	24774
ストーキング	24775
ストーン	24776
スノボー	24777
スノーケル	24778
スバル	24779
スパイダー	24780
スパイダーマン	24781
スパゲッティー	24782
スパゲティー	24783
スパニッシュ	24784
スパン	24785
スパート	24786
スピアーズ	24787
スピデ	24788
スピノザ	24789
スピリチュアル	24790
スピリッツ	24791
スピリット	24792
スピルバーグ	24793
スプリングフィールド	24794
スプレッド	24795
スプートニク	24796
スペクトル	24797
スペシャルデー	24798
スペリング	24799
スペード	24800
スポイル	24801
スポットライト	24802
スポロアウト	24803
スポーン	24804
スマイル	24805
スマイルズ	24806
スマブラ	24807
スモア	24808
スモック	24809
スモモ	24810
スライディング	24811
スラスト	24812
スラッ	24813
スラッピー	24814
スラヴ	24815
スリラー	24816
スレ	24817
スレタイ	24818
スレーター	24819
スレート	24820
スロープ	24821
スローン	24822
スローンズ	24823
スワン	24824
スースー	24825
スーパーゴーリー	24826
スーパーソニック	24827
ズガナ	24828
ズキン	24829
ズキンズキン	24830
ズシッ	24831
ズズ	24832
ズタズタ	24833
ズッ	24834
ズバッ	24835
ズブズブ	24836
ズラッ	24837
ズル	24838
ズルい	24839
ズンバ	24840
ズーム	24841
ズールー	24842
セイカ	24843
セイコ	24844
セイジ	24845
セイフティ	24846
セイリング	24847
セガ	24848
セキュア	24849
セキュリティー	24850
セク	24851
セクシャル	24852
セクショナリズム	24853
セクター	24854
セゴビア	24855
セザンヌ	24856
セバティック	24857
セファ	24858
セブン	24859
セブンイレブン	24860
セマンティクス	24861
セミコロン	24862
セミタリー	24863
セラー	24864
セルゲイヴィッチ	24865
セルマ	24866
セレブ	24867
セロハン	24868
セロリ	24869
センキュ	24870
センティナル	24871
セントヘレナ	24872
セントヘレンズ	24873
センブリ	24874
セーキ	24875
セーフティ	24876
セーラ	24877
セーレム	24878
セ氏	24879
ゼ	24880
ゼィリ	24881
ゼッタイ	24882
ゼネスト	24883
ゼネラル	24884
ゼミナール	24885
ゼラチン	24886
ゼン	24887
ゼーゼー	24888
ソアレズ	24889
ソウイチロウ	24890
ソチオリンピック	24891
ソニア	24892
ソビエトロジスト	24893
ソフィ	24894
ソフイー	24895
ソプラノ	24896
ソマリア	24897
ソルト	24898
ソルト・レイク	24899
ソレイユ	24900
ソレノイド	24901
ソロ	24902
ソロナンバー	24903
ソロバン	24904
ソロモン	24905
ソングライター	24906
ソー	24907
ソーク	24908
ソーサー	24909
ソーシャル	24910
ソード	24911
ソープ	24912
ソーヤー	24913
ゾクッ	24914
ゾロ目	24915
タイガー	24916
タイピングミス	24917
タイマン	24918
タイムリー	24919
タイレル	24920
タエ	24921
タカ	24922
タカコ	24923
タクシ	24924
タクシン	24925
タクヤ	24926
タグライン	24927
タケノコ	24928
タコパ	24929
タシュケント	24930
タジク	24931
タジタジ	24932
タスク	24933
タスマニア	24934
タックス	24935
タッソー	24936
タッチダウン	24937
タッド	24938
タツヤ	24939
タトエバプロジェクト	24940
タトエバホームページ	24941
タニンナ	24942
タバスコ	24943
タピオカ	24944
タフガイ	24945
タフネゴシエータ	24946
タマコ	24947
タマレ	24948
タマレス	24949
タラタラ	24950
タラフク	24951
タラレバ	24952
タリバン	24953
タリン	24954
タルティーヌ	24955
タルムード	24956
タンガニーカ	24957
タンゴ	24958
タンザニア	24959
タンジェリン	24960
タンジェント	24961
タンチョウ	24962
タンドリー	24963
タンバリン	24964
タンポン	24965
タンマ	24966
タークス	24967
ターニング	24968
ターミネーター	24969
ターメリック	24970
タール	24971
ダ	24972
ダイアモンド	24973
ダイアリー	24974
ダイアログ	24975
ダイイング	24976
ダイオウグソクムシ	24977
ダイキリ	24978
ダイナミクス	24979
ダイニング	24980
ダイハード	24981
ダイバーズ	24982
ダイブ	24983
ダグラス	24984
ダジャレ	24985
ダック	24986
ダッフル	24987
ダニー	24988
ダビッドソン	24989
ダビング	24990
ダブルス	24991
ダベ	24992
ダベッ	24993
ダラム	24994
ダリア	24995
ダルい	24996
ダルク	24997
ダロウェイ	24998
ダンゴムシ	24999
ダンヌ	25000
ダンピング	25001
ダンプカー	25002
ダヴィンチ	25003
ダ・ヴィンチ	25004
ダーウィニズム	25005
ダークヘア	25006
ダーダー	25007
ダーリン	25008
チ	25009
チイス	25010
チェスター	25011
チェダー	25012
チェルノブイリ	25013
チェンソー	25014
チェンバレン	25015
チェーンソー	25016
チキンパイ	25017
チクる	25018
チクショウ	25019
チクッ	25020
チコリ	25021
チック	25022
チビチビ	25023
チフス	25024
チマチマ	25025
チャイ	25026
チャカ	25027
チャパティ	25028
チャブ台	25029
チャムス	25030
チャランポラン	25031
チャリティー	25032
チャルズ	25033
チャレンジャー	25034
チャン	25035
チャーシュー	25036
チャージ	25037
チャージット	25038
チャーチ	25039
チャート	25040
チャーム	25041
チヤホヤ	25042
チュチュ	25043
チュニジア	25044
チュパ	25045
チュルク	25046
チューインガム	25047
チューター	25048
チューダー	25049
チュートリアル	25050
チューハイ	25051
チューブ	25052
チューリヒ	25053
チューン	25054
チョウチョ	25055
チョット	25056
チョプスイ	25057
チョモランマ	25058
チョリソー	25059
チョロチョロ	25060
チョンガー	25061
チョーサー	25062
チラ	25063
チラっ	25064
チリダニ	25065
チリチリ	25066
チリペッパー	25067
チリマツ	25068
チルド	25069
チルドレン	25070
チンタラ	25071
チンプンカンプン	25072
チンポジ	25073
チータ	25074
ヂューク	25075
ッパ	25076
ッ子	25077
ツ	25078
ツイスト	25079
ツインズ	25080
ツイード	25081
ツグ	25082
ツグミ	25083
ツケ	25084
ツタウルシ	25085
ツツジ	25086
ツナマヨ	25087
ツノ	25088
ツバキ	25089
ツマミ	25090
ツムジ	25091
ツヤ	25092
ツル	25093
ツルハシ	25094
ツルン	25095
ツンツン	25096
ツンドラ	25097
ツー	25098
ツーアウト	25099
ツーカー	25100
ツーストライクツーボール	25101
ツーパンツスーツ	25102
ツーリング	25103
ツーン	25104
ティアラ	25105
ティピカル	25106
ティファニー	25107
ティンホイル	25108
ティーシャツ	25109
ティーポット	25110
テイスティコカ	25111
テイスト	25112
テイート	25113
テオドシウス	25114
テカリ	25115
テク	25116
テクトロニクス	25117
テグ	25118
テグシガルパ	25119
テコ	25120
テコンドー	25121
テコ入れ	25122
テストダメ	25123
テディー	25124
テニソン	25125
テハノ	25126
テヘラン	25127
テメエ	25128
テメー	25129
テュルク	25130
テリトリー	25131
テル	25132
テレアポ	25133
テレカ	25134
テレックス	25135
テレビジョン	25136
テレフォン	25137
テレマーケティング	25138
テログループ	25139
テンス	25140
テントウムシ	25141
テンパ	25142
テンプル	25143
テンプレート	25144
テンペ	25145
テーゼ	25146
テーピング	25147
テーベ	25148
テームズ	25149
テーラー	25150
ディオゲネス	25151
ディクテーション	25152
ディジェネ	25153
ディスカバリー	25154
ディッケンズ	25155
ディップ	25156
ディビッド	25157
ディフェンス	25158
ディマ	25159
ディレクター	25160
ディロン	25161
ディーマ	25162
デイ	25163
デイック	25164
デイビス	25165
デイリー	25166
デイヴィッド	25167
デイヴィッドソン	25168
デイヴィド	25169
デオキシリボ	25170
デカ	25171
デカイ	25172
デカフェ	25173
デコピン	25174
デコード	25175
デジタルコム	25176
デジタルペン	25177
デジネフ	25178
デジャルダン	25179
デスメタルバンド	25180
デッサン	25181
デッチアゲ	25182
デバイス	25183
デビュド	25184
デマンド	25185
デメトリウス	25186
デュエット	25187
デュエル	25188
デュオ	25189
デュパン	25190
デュボア	25191
デュボワ	25192
デラウェア	25193
デラウエア	25194
デリア	25195
デリバリー	25196
デルバート	25197
デレ	25198
デンジャラス	25199
デンヴァー	25200
データーベース	25201
デービス	25202
デービットソン	25203
デーブ	25204
デーン	25205
トゥ	25206
トゥーサンルーヴェルテュール	25207
トウ	25208
トウフ	25209
トキワ	25210
トクトク	25211
トゲトゲしい	25212
トコ	25213
トサカ	25214
トシ	25215
トナカイ	25216
トナー	25217
トネリコ	25218
トビウオ	25219
トピックス	25220
トフル	25221
トマ	25222
トムズ	25223
トムママ	25224
トモコ	25225
トモダチ	25226
トモダチサクセン	25227
トモヤ	25228
トライアングル	25229
トラウマ	25230
トラファルガー	25231
トラブる	25232
トラベラー	25233
トラベル	25234
トランキライザー	25235
トランクス	25236
トランジスタ	25237
トランジスター	25238
トリカブト	25239
トリガー	25240
トリクイグモ	25241
トリグラウ	25242
トルーマン	25243
トレイ	25244
トレイシー	25245
トレス	25246
トレッキング	25247
トレッドミル	25248
トレパン	25249
トレンチ	25250
トレーサー	25251
トロい	25252
トロイ	25253
トロピカル	25254
トローチ	25255
トロール	25256
トンカツ	25257
トング	25258
トンボ返り	25259
トークン	25260
トータル	25261
トート	25262
トーニ	25263
トーニー	25264
ドアマット	25265
ドアマン	25266
ドイチュラント	25267
ドイル	25268
ドゥブラ	25269
ドカ雪	25270
ドクター	25271
ドコモ	25272
ドサンピン	25273
ドシン	25274
ドジ	25275
ドジ話	25276
ドス	25277
ドタドタ	25278
ドタバタ	25279
ドック	25280
ドッグラン	25281
ドット	25282
ドッペルゲンガー	25283
ドナ	25284
ドナー	25285
ドノヴァン	25286
ドバイ	25287
ドビュッシー	25288
ドビー	25289
ドブネズミ	25290
ドベ	25291
ドボドボ	25292
ドミトリー	25293
ドヤ	25294
ドライアイ	25295
ドライビング	25296
ドライブウェイ	25297
ドラエモン	25298
ドラフト	25299
ドラマチック	25300
ドラマー	25301
ドラムスティッ	25302
ドリス	25303
ドレスデン	25304
ドレスメーカー	25305
ドレッサー	25306
ドレンテ	25307
ドロッ	25308
ドロップ	25309
ドロドロ	25310
ドロン	25311
ドロー	25312
ドローシー	25313
ドンドン	25314
ドンパチ	25315
ドンビキ	25316
ドヴォルザーク	25317
ドーゲン	25318
ドーナッツ	25319
ドーヴァー	25320
ナイアガラ	25321
ナイキ	25322
ナイジェリア	25323
ナイチンゲール	25324
ナイネックス	25325
ナイロビ	25326
ナイン	25327
ナインティー	25328
ナオキ	25329
ナカラダヲモチ	25330
ナショナリズム	25331
ナタ	25332
ナタリー	25333
ナターシャ	25334
ナチ	25335
ナチズム	25336
ナチュラル	25337
ナッシュ	25338
ナット	25339
ナップサック	25340
ナップザック	25341
ナビ	25342
ナベ	25343
ナポリタン	25344
ナルキッソス	25345
ナルシ	25346
ナルホド	25347
ナンバーワンバッター	25348
ナンプレ	25349
ニキータ	25350
ニコ	25351
ニコチン	25352
ニコラ	25353
ニコリ	25354
ニコン	25355
ニシン	25356
ニジェール	25357
ニジマス	25358
ニセ	25359
ニッコリ	25360
ニッサン	25361
ニット	25362
ニトログリセリン	25363
ニムロッド	25364
ニモ	25365
ニャアアアー	25366
ニャン	25367
ニヤつく	25368
ニヤリ	25369
ニューイングランド	25370
ニューオリンズ	25371
ニューオーリンズ	25372
ニュージランド	25373
ニュースクライアントソフト	25374
ニューデリー	25375
ニューハンプシャー	25376
ニューマン	25377
ニューメキシコ	25378
ニューヨーカー	25379
ニューロ	25380
ニユース	25381
ニワトコ	25382
ニンテンドー	25383
ニール	25384
ヌテラ	25385
ヌミトル	25386
ヌル	25387
ヌルシア	25388
ヌンチャク	25389
ヌーディスト	25390
ヌード	25391
ネ	25392
ネオ	25393
ネガティブ	25394
ネコババ	25395
ネタ切れ	25396
ネチケット	25397
ネチャネチャ	25398
ネバダ	25399
ネバネバ	25400
ネルヴァル	25401
ネンネ	25402
ネヴィル	25403
ノ	25404
ノる	25405
ノイブロナー	25406
ノウノウ	25407
ノコギリ	25408
ノシ	25409
ノスタルジック	25410
ノット	25411
ノドチンコ	25412
ノビ	25413
ノミネート	25414
ノリコ	25415
ノルウエー	25416
ノルド	25417
ノルマンディ	25418
ノロウイルス	25419
ノロノロ	25420
ノンカロリー	25421
ノーウェア	25422
ノースカロライナ	25423
ノーブラ	25424
ノープロブレム	25425
ノーボギー	25426
ノーマル	25427
ノーマーク	25428
ハァハァ	25429
ハアハア	25430
ハイウェー	25431
ハイエンド	25432
ハイオク	25433
ハイセンス	25434
ハイゼンベルク	25435
ハイティーン	25436
ハイテンション	25437
ハイデンハイム	25438
ハイド	25439
ハイドン	25440
ハイネケン	25441
ハイハイ	25442
ハイハイハイハイ	25443
ハイバネーション	25444
ハイビーム	25445
ハイヤー	25446
ハエたたき	25447
ハクション	25448
ハクチョウ	25449
ハゲ	25450
ハサン	25451
ハジキ	25452
ハス	25453
ハズれる	25454
ハズレる	25455
ハセ	25456
ハダッド	25457
ハチ公	25458
ハッカ	25459
ハッシュ	25460
ハッピーバースデーディアーメアリー	25461
ハッブル	25462
ハツカ	25463
ハナク	25464
ハノイ	25465
ハハ	25466
ハバル	25467
ハバロフスク	25468
ハフハフ	25469
ハブ	25470
ハマグリ	25471
ハミルトン	25472
ハミングバード	25473
ハムエッグ	25474
ハムサンド	25475
ハヤサカ	25476
ハヤシ	25477
ハヤブサ	25478
ハラペコ	25479
ハラル	25480
ハラール	25481
ハリエット	25482
ハリス	25483
ハリストス	25484
ハリボーグミ	25485
ハリントン	25486
ハル	25487
ハルカ	25488
ハルヒ	25489
ハルビン	25490
ハルミ	25491
ハローウィン	25492
ハングル	25493
ハンケチ	25494
ハンデ	25495
ハント	25496
ハンナ	25497
ハー	25498
ハーゲンダッツ	25499
ハーツ	25500
ハードコア	25501
ハードボイルド	25502
ハーバル	25503
ハーバー	25504
ハーパー	25505
ハーフェンシティ	25506
ハーモニー	25507
ハーレー	25508
バイアウト	25509
バイアグラ	25510
バイオーム	25511
バイキンマン	25512
バイセクシュアル	25513
バイソン	25514
バイト先	25515
バイフォーカル	25516
バイブル	25517
バイブレーション	25518
バイヤー	25519
バイリンガル	25520
バインミー	25521
バウムクーヘン	25522
バカげる	25523
バク	25524
バクスゲン	25525
バクバク	25526
バグダッド	25527
バサッ	25528
バザー	25529
バスガイド	25530
バスギター	25531
バスパワー	25532
バズる	25533
バタフライ	25534
バタリ	25535
バタ足	25536
バチ	25537
バックギャモン	25538
バックハンド	25539
バックパッカー	25540
バックロー	25541
バッタ	25542
バッチ	25543
バッチシ	25544
バッテン	25545
バッファー	25546
バティカン	25547
バナウエ	25548
バナナパイ	25549
バナー	25550
バニヤン	25551
バネ	25552
バラエティ	25553
バラク	25554
バリウム	25555
バル	25556
バルブ	25557
バルボア	25558
バレット	25559
バレル	25560
バレンシア	25561
バンガロー	25562
バンク	25563
バングラデシュ	25564
バンコク	25565
バンザイ	25566
バンダナ	25567
バント	25568
バンプ	25569
バンヤン	25570
バーチャル	25571
バーディ	25572
バート	25573
バートン	25574
バーナデイン	25575
バーナード	25576
バーニ	25577
バーバリ	25578
バーベル	25579
バーミセリ	25580
バーミューダ	25581
バーミンガム	25582
バーラト	25583
バーン	25584
パ	25585
パべ	25586
パァー	25587
パイロキネシス	25588
パイン	25589
パウエル	25590
パウダー	25591
パウラ	25592
パウル	25593
パウロ	25594
パク	25595
パクれる	25596
パクパク	25597
パケット	25598
パシ	25599
パシフィック	25600
パスカル	25601
パスツール	25602
パタパタ	25603
パタン	25604
パッシング	25605
パッタイ	25606
パッチン	25607
パッパ	25608
パツパツ	25609
パテ	25610
パドヴァ	25611
パニーニ	25612
パノフスキー	25613
パパイア	25614
パパサウス	25615
パパラッチ	25616
パピー	25617
パフィー	25618
パベル	25619
パペット	25620
パメラ	25621
パラダイム	25622
パララックス	25623
パリアティブケア	25624
パリス	25625
パリパリ	25626
パリーグ	25627
パル	25628
パルサー	25629
パルメザン	25630
パワステ	25631
パワハラ	25632
パングラム	25633
パンセク	25634
パンタロン	25635
パンツネタ	25636
パンティー	25637
パントマイム	25638
パンプス	25639
パンペキ	25640
パーキング	25641
パース	25642
パーソナル	25643
パーチィー	25644
パーテーション	25645
パートナーシップ	25646
パーマー	25647
パーヴェル	25648
ヒエログリフ	25649
ヒギンズ	25650
ヒクソン	25651
ヒゲづら	25652
ヒゲ剃り	25653
ヒス	25654
ヒスパニック	25655
ヒッグス	25656
ヒッター	25657
ヒットラー	25658
ヒツジ	25659
ヒトデ	25660
ヒトミ	25661
ヒナタ	25662
ヒバリ	25663
ヒポクラテス	25664
ヒマワリ	25665
ヒムロ	25666
ヒモ	25667
ヒュウヒュウ	25668
ヒュヒュー	25669
ヒョコヒョコ	25670
ヒラヒラ	25671
ヒラメ	25672
ヒラメク	25673
ヒラリ	25674
ヒリつく	25675
ヒルサイドホテル	25676
ヒルベルト	25677
ヒロミ	25678
ヒンギス	25679
ヒンディー	25680
ヒータ	25681
ヒーティング	25682
ヒール	25683
ヒーロ	25684
ビア	25685
ビザカード	25686
ビショ濡れ	25687
ビジネスライク	25688
ビジュアル	25689
ビスマルク	25690
ビズ	25691
ビター	25692
ビデオカセット	25693
ビバリーヒルズ	25694
ビバーク	25695
ビビンバ	25696
ビルダー	25697
ビルマ	25698
ビルンギ	25699
ビワ	25700
ビンゴ	25701
ビンタ	25702
ビートル	25703
ビーナス	25704
ピアソン	25705
ピアリー	25706
ピエロギ	25707
ピカイチ	25708
ピカッ	25709
ピカ一	25710
ピクサー	25711
ピコピコ	25712
ピザパーティー	25713
ピシッ	25714
ピシャっ	25715
ピストン	25716
ピタッ	25717
ピチピチ	25718
ピッザ	25719
ピッチング	25720
ピッツァ	25721
ピット	25722
ピニャ	25723
ピュタゴラス	25724
ピョコピョコ	25725
ピョンピョン	25726
ピョンヤン	25727
ピリエス	25728
ピリッ	25729
ピンぼけ	25730
ピンボケ	25731
ピンポーン	25732
ピータ	25733
ピーチクパーチク	25734
ピーッ	25735
ピーピー	25736
ピープルズ	25737
ピーポー	25738
ファ	25739
ファイアフォックス	25740
ファイアーウォール	25741
ファイナル	25742
ファイルザムービー	25743
ファインダー	25744
ファウスト	25745
ファウンテン	25746
ファクトリー	25747
ファジィ	25748
ファック	25749
ファックユー	25750
ファヒマ	25751
ファビョ	25752
ファミコン	25753
ファランフ	25754
ファル	25755
ファンダム	25756
ファンド	25757
ファーブル	25758
ファーム	25759
ファーリーファンダム	25760
フアン	25761
フィシェル	25762
フィジカル	25763
フィジー	25764
フィセル	25765
フィッシャー	25766
フィッシング	25767
フィトル	25768
フィナーレ	25769
フィニッシュ	25770
フィボナッチ	25771
フィリッピン	25772
フィリップス	25773
フィリリ	25774
フィル	25775
フィルハーモニー	25776
フィードバック	25777
フィーバー	25778
フィーリング	25779
フェイジョアーダ	25780
フェイス	25781
フェイント	25782
フェスティバ	25783
フェタ	25784
フェチ	25785
フェデラル	25786
フェニックス	25787
フェラ	25788
フェリペ	25789
フェルナンダ	25790
フェルナンド	25791
フォイエルバッハ	25792
フォカッチャ	25793
フォグ	25794
フォックス	25795
フォロワー	25796
フォワード	25797
フォン	25798
フォンデュ	25799
フォー	25800
フォークナー	25801
フォーチュン	25802
フォーラム	25803
フキ	25804
フキノトウ	25805
フクシア	25806
フケ	25807
フジテレビ	25808
フジモリ	25809
フット	25810
フットワーク	25811
フッド	25812
フツー	25813
フフ	25814
フューシャ	25815
フラ	25816
フラストレーション	25817
フラッシュ	25818
フラッフィー	25819
フラマン	25820
フラメンコ	25821
フランクス	25822
フランシスコ	25823
フランシーヌ	25824
フランスン	25825
フランソア	25826
フランデレン	25827
フリガナ	25828
フリマ	25829
フリヴニャ	25830
フリータ	25831
フリーター	25832
フリーマン	25833
フリーランス	25834
フルカラー	25835
フルコンプ	25836
フルサイズ	25837
フルシチョフ	25838
フルトン	25839
フルパワー	25840
フルマラソン	25841
フレックスタイム	25842
フレッシュ	25843
フレッチャー	25844
フレディー	25845
フレデイ	25846
フレデリック	25847
フロイド	25848
フロスト	25849
フローリング	25850
フローレンス	25851
フンパ	25852
フーズ	25853
フーッ	25854
ブイブイ	25855
ブカレスト	25856
ブクブク	25857
ブタペスト	25858
ブッキング	25859
ブッダガヤ	25860
ブット	25861
ブッフェ	25862
ブツ	25863
ブブカ	25864
ブヨブヨ	25865
ブライズ	25866
ブライダル	25867
ブラコン	25868
ブラジリア	25869
ブラッキー	25870
ブラックス	25871
ブラッシング	25872
ブラッディー	25873
ブラッド	25874
ブランク	25875
ブランテル	25876
ブランディ	25877
ブランデンブルク	25878
ブリス	25879
ブリッグス	25880
ブリティッシュコロンビア	25881
ブリトニー	25882
ブリトン	25883
ブリュッセル	25884
ブルック	25885
ブルドッグ	25886
ブルマー	25887
ブルーネット	25888
ブルーワン	25889
ブレスユー	25890
ブレックファスト	25891
ブレッツェル	25892
ブレント	25893
ブレンドン	25894
ブレー	25895
ブレード	25896
ブレーブス	25897
ブレーン	25898
ブロガー	25899
ブロニスラウ	25900
ブロンディ	25901
ブロー	25902
ブロードウェー	25903
ブーイング	25904
ブースカ	25905
ブースカグッズ	25906
ブースター	25907
ブート	25908
ブービー	25909
ブ男	25910
プア	25911
プツッ	25912
プツン	25913
プテラノドン	25914
プライス	25915
プライヤー	25916
プラカード	25917
プラザ	25918
プラズマ	25919
プラチナ	25920
プラットフォーム	25921
プラトン	25922
プラム	25923
プラモ	25924
プランク	25925
プラント	25926
プリセット	25927
プリプリ	25928
プリマス	25929
プリャーニク	25930
プルオーバー	25931
プレイス	25932
プレイステーション	25933
プレイン	25934
プレイング	25935
プレスリー	25936
プレト	25937
プレーン	25938
プロアマ	25939
プロサッカー	25940
プロサッカーチーム	25941
プロダクション	25942
プロダクツ	25943
プロダクト	25944
プロテスタント	25945
プロデュース	25946
プロバスケットボール	25947
プロパガンダ	25948
プロパン	25949
プロファイル	25950
プロプライエタリ	25951
プロペラ	25952
プロレスラー	25953
プロレタリア	25954
プロレタリアート	25955
プンプン	25956
プー	25957
プーシキン	25958
プー太郎	25959
ヘ	25960
ヘアピン	25961
ヘアブリーチ	25962
ヘアワックス	25963
ヘイ	25964
ヘイリー	25965
ヘコむ	25966
ヘスティア	25967
ヘタクソ	25968
ヘッジ	25969
ヘッセ	25970
ヘッテ	25971
ヘプバン	25972
ヘボン	25973
ヘミング	25974
ヘミングウェイ	25975
ヘミングウェー	25976
ヘラヘラ	25977
ヘリ	25978
ヘリウムガス	25979
ヘルシンゲル	25980
ヘルツェゴビナ	25981
ヘルパー	25982
ヘルプ	25983
ヘルマン	25984
ヘレブラント	25985
ヘンダーソン	25986
ヘンデル	25987
ヘースティングズ	25988
ヘーゼル	25989
ヘーゼルナッツ	25990
ベア	25991
ベアトリス	25992
ベイスギ	25993
ベイスン	25994
ベイダー	25995
ベイリー	25996
ベェー	25997
ベガス	25998
ベクター	25999
ベジマイト	26000
ベストテン	26001
ベタ	26002
ベタニヤ	26003
ベッカム	26004
ベットリ	26005
ベツサイダ	26006
ベトベト	26007
ベナジル	26008
ベネット	26009
ベネディクト	26010
ベネディクトゥス	26011
ベリー	26012
ベルナール	26013
ベルファ	26014
ベルベット	26015
ベルルスコーニ	26016
ベルン	26017
ベレー	26018
ベロ	26019
ベンガルール	26020
ベンダー	26021
ベンチャー	26022
ベンツ	26023
ベントレー	26024
ベンヤミン	26025
ベーカリー	26026
ベージュ	26027
ベースボール	26028
ベースライン	26029
ベーム	26030
ベール	26031
ペア	26032
ペアリー	26033
ペアルック	26034
ペアー	26035
ペイリン	26036
ペカ	26037
ペスカトーレ	26038
ペダンチック	26039
ペチャパイ	26040
ペチャペチャ	26041
ペティ	26042
ペトロ	26043
ペナルティー	26044
ペニス	26045
ペピス	26046
ペリカン	26047
ペルージャ	26048
ペロリ	26049
ペンケース	26050
ペンシル	26051
ペンシルベニア	26052
ペーズリー	26053
ペート	26054
ペーパ	26055
ペーパーバック	26056
ホイッスル	26057
ホイップ	26058
ホカホカ	26059
ホステル	26060
ホゼ	26061
ホッケ	26062
ホットット	26063
ホピ	26064
ホブボーム	26065
ホムペ	26066
ホラス	26067
ホルクハイマー	26068
ホルダー	26069
ホルヘ	26070
ホレーショー	26071
ホワイトニング	26072
ホワイトボード	26073
ホンコン	26074
ホンダ	26075
ホントクズ	26076
ホンプキンス	26077
ホンマ	26078
ホンマアカン	26079
ホンミョンボ	26080
ホー	26081
ホーク	26082
ホークス	26083
ホープ	26084
ホーマー	26085
ホームストレッチ	26086
ホールドアップ	26087
ホーン	26088
ボ	26089
ボイコット	26090
ボイラ	26091
ボイラー	26092
ボイル	26093
ボウフラ	26094
ボガート	26095
ボケッと	26096
ボゴボゴ	26097
ボチボチ	26098
ボッタクリ	26099
ボットン	26100
ボツ	26101
ボトゥニア	26102
ボトムス	26103
ボナパルト	26104
ボヤ	26105
ボリボリ	26106
ボルボ	26107
ボレー	26108
ボロい	26109
ボロブドゥール	26110
ボン	26111
ボーイズ	26112
ボーイズラブ	26113
ボーカル	26114
ボーダー	26115
ポインタ	26116
ポイ捨て	26117
ポエム	26118
ポカ	26119
ポケストップ	26120
ポケットベル	26121
ポケベル	26122
ポジション	26123
ポストマン	26124
ポタージュ	26125
ポチっ	26126
ポチッ	26127
ポッカリ	26128
ポッパー	26129
ポツリ	26130
ポツリポツリ	26131
ポテトチップ	26132
ポテポテ	26133
ポテンシャル	26134
ポディウム	26135
ポトフ	26136
ポピー	26137
ポマト	26138
ポリ	26139
ポリポリ	26140
ポリマー	26141
ポリープ	26142
ポロ	26143
ポロチーム	26144
ポロネギ	26145
ポロポロ	26146
ポン	26147
ポンコツ車	26148
ポンジュース	26149
ポンポン	26150
ポー	26151
ポーク	26152
ポーシャ	26153
ポータブル	26154
ポーチュギーズ	26155
ポートサイド	26156
ポートレート	26157
ポーン	26158
マアジャン	26159
マイエコバッグ	26160
マイクラ	26161
マイクロウエーブ	26162
マイクロバス	26163
マイコン	26164
マイティ	26165
マイノリティー	26166
マイボトル	26167
マイヤー	26168
マイルス	26169
マウイ	26170
マウンド	26171
マカベー	26172
マギー	26173
マクリネ	26174
マクレラン	26175
マグ	26176
マグダレナ	26177
マグネット	26178
マサコ	26179
マサシ	26180
マジソン	26181
マジボケ	26182
マジレス	26183
マジ切れ	26184
マスカット	26185
マスキング	26186
マスコット	26187
マスゴミ	26188
マスターベーション	26189
マスト	26190
マズい	26191
マセロアレズ	26192
マタイ	26193
マチュピチュ	26194
マッキンリー	26195
マッコウ	26196
マッシュ	26197
マッターホルン	26198
マッチョ	26199
マッピング	26200
マティーニ	26201
マテラッツィ	26202
マデイラ	26203
マトン	26204
マトヴェイ	26205
マドリッド	26206
マドリード	26207
マナカ	26208
マニー	26209
マネージャ	26210
マハトラ	26211
マハラシュトラ	26212
ママチャリ	26213
ママハハ	26214
マラ	26215
マラドーナ	26216
マリアーンスケー	26217
マリコ	26218
マリナー	26219
マリファナ	26220
マリヤ	26221
マリーア	26222
マリーゴールド	26223
マリーナ	26224
マルガリータ	26225
マルク	26226
マルコフ	26227
マルコム	26228
マルセイユ	26229
マルセル	26230
マルセーユ	26231
マルチコア	26232
マルチーズ	26233
マルメゾン	26234
マレー	26235
マロンパイ	26236
マンサク	26237
マンタ	26238
マンチェスター	26239
マンツーマン	26240
マントルピース	26241
マンパワー	26242
マーサー	26243
マーシー	26244
マーストリヒト	26245
マーチ	26246
マーチン	26247
マーティ	26248
マーテン	26249
マーボ	26250
マーリー	26251
マーロー	26252
ミ	26253
ミア	26254
ミエ	26255
ミキ	26256
ミサコ	26257
ミサト	26258
ミシェル	26259
ミシシッピー	26260
ミシミシ	26261
ミスタトエバ	26262
ミスティー	26263
ミスド	26264
ミスプリ	26265
ミズゴロウ	26266
ミズーリ	26267
ミゼラブル	26268
ミックス	26269
ミッシェル	26270
ミッション	26271
ミッチェル	26272
ミッツィ	26273
ミッテラン	26274
ミット	26275
ミッドタウン	26276
ミッドナイト	26277
ミディアムレア	26278
ミニカー	26279
ミニゲーム	26280
ミニディスク	26281
ミニマム	26282
ミニヨン	26283
ミネソタ	26284
ミハイル	26285
ミホ	26286
ミミッキュ	26287
ミュウズ	26288
ミュラー	26289
ミュンヒェン	26290
ミュンヘン	26291
ミューズ	26292
ミリメートル	26293
ミレニアム	26294
ミレー	26295
ミンミン	26296
ミー	26297
ミータ	26298
ミーム	26299
ムアンマル	26300
ムイリレール	26301
ムキ	26302
ムギュッ	26303
ムサカ	26304
ムササビ	26305
ムジナ	26306
ムスク	26307
ムスッ	26308
ムズイ	26309
ムズイテスト	26310
ムチャ	26311
ムッと	26312
ムッシュ	26313
ムニャムニャ	26314
ムネ	26315
ムラサキシキブ	26316
ムラムラ	26317
ムリエル	26318
ムワンザ	26319
ムンバイ	26320
ムース	26321
ムーディー	26322
ムーラ	26323
ムーリイエル	26324
ムール	26325
メイフラワー	26326
メイブル	26327
メイラー	26328
メカニカル	26329
メカニズム	26330
メガネザル	26331
メガホン	26332
メキメキ	26333
メクラ	26334
メシア	26335
メス猫	26336
メソメソ	26337
メゾソプラノ	26338
メダリスト	26339
メチャ	26340
メチャクチャ	26341
メチャメチャ	26342
メッ	26343
メッカ	26344
メッセジー	26345
メットヴルスト	26346
メディナ	26347
メトロイドプライム	26348
メドレー	26349
メモる	26350
メラネシア	26351
メリ	26352
メリア	26353
メリサ	26354
メル	26355
メルセデス	26356
メルトダウン	26357
メルヘン	26358
メル友	26359
メロス	26360
メロディ	26361
メントール	26362
メンド	26363
メンフィス	26364
メーキャップ	26365
メーソン	26366
メープル	26367
メーン	26368
モガ	26369
モコ	26370
モコモコ	26371
モゴモゴ	26372
モジモジ	26373
モジュール	26374
モタモタ	26375
モチ	26376
モチベ	26377
モチベート	26378
モッツァレラ	26379
モットー	26380
モツァレラ	26381
モテモテ	26382
モデルガン	26383
モナコ	26384
モニュメント	26385
モノづくり	26386
モノル	26387
モノ作り	26388
モハメッド	26389
モビラ	26390
モフモフ	26391
モボ	26392
モミ	26393
モモエ	26394
モモンガ	26395
モモ肉	26396
モリス	26397
モルジブ	26398
モルヒネ	26399
モンキー	26400
モンゴメリ	26401
モンゴメリー	26402
モンシロ	26403
モンタギュ	26404
モンタージュ	26405
モンテカルロ	26406
モンデール	26407
モント	26408
モンドリアン	26409
モーターズ	26410
モーターボート	26411
モーモー	26412
ヤ	26413
ヤカン	26414
ヤク	26415
ヤク中	26416
ヤケ	26417
ヤコ	26418
ヤシ	26419
ヤスリ	26420
ヤッパリ	26421
ヤドカリ	26422
ヤフオク	26423
ヤブ	26424
ヤマ	26425
ヤマガタ	26426
ヤマネコ	26427
ヤマハ	26428
ヤミ	26429
ヤリチン	26430
ヤリマン	26431
ヤンデクス	26432
ヤンデックス	26433
ヤンマ	26434
ヤンママ	26435
ヤーニ	26436
ユウジ	26437
ユキノ	26438
ユグノー	26439
ユタ	26440
ユディット	26441
ユニオン	26442
ユリコ	26443
ユリ子	26444
ユルゲン	26445
ユー	26446
ユーカリ	26447
ユークリッド	26448
ユーザーズ	26449
ユース	26450
ユーミン	26451
ユーモラス	26452
ヨウコ	26453
ヨシオ	26454
ヨシヤ	26455
ヨセフ	26456
ヨタ	26457
ヨチヨチ	26458
ヨッチャン	26459
ヨブ	26460
ヨユー	26461
ヨルゲン	26462
ヨロパー	26463
ヨンビョン	26464
ヨークシャー	26465
ヨーコ	26466
ヨーダ	26467
ライアン	26468
ライザ	26469
ライトモチーフ	26470
ライド	26471
ライヒェルト	26472
ライフセーバー	26473
ライプツィヒ	26474
ライムギパン	26475
ライラック	26476
ラインドル	26477
ラオス	26478
ラガー	26479
ラク	26480
ラクト	26481
ラザーロ	26482
ラシュディ	26483
ラシュモア	26484
ラジカセ	26485
ラジコン	26486
ラジャー	26487
ラスカル	26488
ラスボス	26489
ラズ	26490
ラダー	26491
ラチ	26492
ラッカー	26493
ラッキーデー	26494
ラックスハム	26495
ラッコ	26496
ラッシー	26497
ラッフルズ	26498
ラテ	26499
ラティーノ	26500
ラディッシュ	26501
ラニアケア	26502
ラニョン	26503
ラノベ	26504
ラバト	26505
ラビ	26506
ラブドール	26507
ラブホテル	26508
ラベンダー	26509
ラボ	26510
ラボラトリー	26511
ラムヅ	26512
ラムレーズン	26513
ララミー	26514
ラリアット	26515
ラリー	26516
ラン	26517
ランカスター	26518
ランシング	26519
ランジ	26520
ランス	26521
ランセロット	26522
ランドマーク	26523
ランブータン	26524
ランボルギーニ	26525
ラージ	26526
ラーズニェ	26527
ラ行	26528
リ	26529
リアス	26530
リアリティ	26531
リアルボク	26532
リア充	26533
リイ	26534
リウヴィル	26535
リオ・デ・ジャネイロ	26536
リカ	26537
リカー	26538
リガ	26539
リキッド	26540
リクリエーション	26541
リコピン	26542
リコンファーム	26543
リザーブ	26544
リスカ	26545
リスニング	26546
リズミカル	26547
リセッション	26548
リチャーズ	26549
リッキー	26550
リッジ	26551
リツコ	26552
リデュース	26553
リナ	26554
リハ	26555
リハパン	26556
リハルツ	26557
リバース	26558
リヒャルト	26559
リビア	26560
リビエラ	26561
リフレイン	26562
リフレッシュ	26563
リプレイ	26564
リベラル	26565
リベリア	26566
リポート	26567
リマ	26568
リマン	26569
リミックス	26570
リミッター	26571
リメイク	26572
リヤ	26573
リュート	26574
リューマチ	26575
リョーコ	26576
リヨン	26577
リリ	26578
リンス	26579
リンデルジョンソン	26580
リンパ	26581
リヴァプール	26582
リーザ	26583
リースマン	26584
リーチ	26585
リーディング	26586
リーバイス	26587
リーブラ	26588
リール	26589
ルアー	26590
ルイン	26591
ルイーザ	26592
ルイージ	26593
ルイーズ	26594
ルカ	26595
ルクセンバーグ	26596
ルチア	26597
ルッカ	26598
ルデュック	26599
ルナパーク	26600
ルノアール	26601
ルノワール	26602
ルバーブ	26603
ルビコン	26604
ルブラン	26605
ルミ	26606
ルル	26607
ルワンダ	26608
ルーイ	26609
ルーキー	26610
ルース	26611
ルーズ	26612
ルーター	26613
ルーチン	26614
ルートビアフロート	26615
ルーニー	26616
ルービック	26617
ループ	26618
ルーン	26619
レ	26620
レイアップ	26621
レイク	26622
レイクサイド	26623
レイノルズ	26624
レイム	26625
レインジャー	26626
レオン	26627
レギンス	26628
レクサス	26629
レクス	26630
レグロ	26631
レゴ	26632
レシャム	26633
レジスタ	26634
レジャンドル	26635
レジュメ	26636
レジリエンス	26637
レジーム	26638
レスボス	26639
レスポンス	26640
レズビアン	26641
レチェ	26642
レックス	26643
レッグ	26644
レッズ	26645
レッドッド	26646
レテュ	26647
レディース	26648
レトリック	26649
レトロ	26650
レバレッジド	26651
レパード	26652
レビ	26653
レフ	26654
レフェリー	26655
レフリー	26656
レベッカ	26657
レンタサイクル	26658
レンチン	26659
レーカース	26660
レークジェニーバ	26661
レーサー	26662
レーザ	26663
レーシングドライバイー	26664
レーベル	26665
レーラ	26666
レーンコート	26667
ロイス	26668
ロイド	26669
ロイヤル	26670
ロイヤルシェイクスペア	26671
ログアウト	26672
ログオン	26673
ロケ	26674
ロサンジェルス	26675
ロザリー	26676
ロシオ	26677
ロジェ	26678
ロジャース	26679
ロスト	26680
ロゼ	26681
ロッジ	26682
ロッテリア	26683
ロドリゴ	26684
ロハ	26685
ロビイスト	26686
ロブ	26687
ロブソン	26688
ロベル	26689
ロベルト	26690
ロボ	26691
ロマネスク	26692
ロマンティスト	26693
ロムルス	26694
ロリコン	26695
ロレックス	26696
ロレッタ	26697
ロレンス	26698
ロー	26699
ローカライズ	26700
ローカル	26701
ローキック	26702
ローション	26703
ロージー	26704
ローズヒップ	26705
ローズマリー	26706
ローテーション	26707
ローテーブル	26708
ローデシア	26709
ロービーム	26710
ローフ	26711
ローブロー	26712
ロープレ	26713
ローマン	26714
ロールス	26715
ローンダリング	26716
ワ	26717
ワイキキ	26718
ワイフ	26719
ワイヤー	26720
ワイルダー	26721
ワイワイ	26722
ワォ	26723
ワカメ	26724
ワケ	26725
ワタクシ	26726
ワタシ	26727
ワタシニハカンジヨウガアリマセン	26728
ワタシハロボツトデス	26729
ワタリガラス	26730
ワハハ	26731
ワラビ	26732
ワル	26733
ワレサ	26734
ワレモノ	26735
ワロタ	26736
ワロン	26737
ワンギリ	26738
ワンコ	26739
ワンサイズ	26740
ワンシーン	26741
ワンテンポ	26742
ワントライ	26743
ワンパターン	26744
ワンパック	26745
ワンピ	26746
ワンルーム	26747
ワンワンッ	26748
ワーウルフ	26749
ワーカホリック	26750
ワークブック	26751
ワーグナー	26752
ワーナー	26753
ワーホリ	26754
ヱホバ	26755
ヲタ	26756
ン	26757
ン十	26758
ヴァチカーノ	26759
ヴァリェヴォ	26760
ヴァルセ	26761
ヴァルナ	26762
ヴァレンシア	26763
ヴァンクーヴァー	26764
ヴァンパレラ	26765
ヴァーチャル	26766
ヴィエンチャン	26767
ヴィオラ	26768
ヴィクトーロ	26769
ヴィチェンツァ	26770
ヴィラ	26771
ヴィルヘルム	26772
ヴィレッジ	26773
ヴィンス	26774
ヴィンチ	26775
ヴィヴァルディ	26776
ヴィーガン	26777
ヴィーナス	26778
ヴェスヴィオ	26779
ヴェニス	26780
ヴェルヌ	26781
ヴュルツブルク	26782
ヴルフ	26783
ヸオロン	26784
一しょ	26785
一まとめ	26786
一万八千四百三十二	26787
一世	26788
一九二〇	26789
一二	26790
一二三	26791
一人ひとり	26792
一人旅	26793
一人暮し	26794
一人親	26795
一人頭	26796
一任	26797
一億	26798
一儲け	26799
一刀	26800
一動	26801
一千	26802
一善	26803
一喝	26804
一堂	26805
一声	26806
一夏	26807
一太郎	26808
一夫	26809
一如	26810
一姫	26811
一子	26812
一宿	26813
一富士	26814
一封	26815
一川	26816
一巡り	26817
一戸	26818
一擲	26819
一朗	26820
一望	26821
一枝	26822
一案	26823
一概	26824
一派	26825
一溜まり	26826
一物	26827
一男	26828
一皮	26829
一眠り	26830
一等	26831
一緒くた	26832
一縷	26833
一罰	26834
一義	26835
一肌	26836
一脈	26837
一芸	26838
一菜	26839
一説	26840
一蹴	26841
一隅	26842
一隊	26843
一雫	26844
丁目	26845
七つ	26846
七三	26847
七五	26848
七光り	26849
七化け	26850
七千八百	26851
七夕祭り	26852
七子	26853
七百	26854
七色	26855
七転	26856
七輪	26857
万万	26858
万別	26859
万有	26860
万札	26861
万次郎	26862
万理	26863
万策	26864
万象	26865
三〇	26866
三つ星	26867
三ノ宮	26868
三十一	26869
三十七	26870
三十万	26871
三十三	26872
三十五	26873
三十八	26874
三十六	26875
三原	26876
三叉	26877
三味線	26878
三四郎	26879
三国	26880
三太夫	26881
三寸	26882
三島	26883
三才	26884
三村	26885
三毛	26886
三流	26887
三箇	26888
三転	26889
三途	26890
三遷	26891
三隅	26892
三顧	26893
上がり目	26894
上げ	26895
上げ下げ	26896
上ずる	26897
上まわる	26898
上り口	26899
上れる	26900
上人	26901
上官	26902
上履き	26903
上戸	26904
上書き	26905
上杉	26906
上梓	26907
上気	26908
上水	26909
上目	26910
上肢	26911
上背	26912
上長者	26913
上階	26914
下ごしらえ	26915
下せる	26916
下りれる	26917
下ネタ	26918
下京	26919
下側	26920
下働き	26921
下僕	26922
下北沢	26923
下手クソ	26924
下方	26925
下枠	26926
下段	26927
下火	26928
下積み	26929
下級	26930
下肢	26931
下腹	26932
下衆	26933
下表	26934
下請け	26935
下達	26936
下降	26937
下階	26938
不倶	26939
不偏	26940
不党	26941
不出来	26942
不動	26943
不可侵	26944
不可思議	26945
不同	26946
不埒	26947
不実	26948
不届き	26949
不得	26950
不徳	26951
不感	26952
不慮	26953
不承	26954
不敬	26955
不束者	26956
不渡り	26957
不測	26958
不真面目	26959
不等	26960
不精	26961
不純	26962
不義	26963
不買	26964
不躾	26965
不遇	26966
不順	26967
与	26968
与ふ	26969
与信	26970
与奪	26971
与野党	26972
丑	26973
世捨て	26974
世渡り	26975
世直し	26976
世継ぎ	26977
丘陵	26978
両々	26979
両岸	26980
両州	26981
両思い	26982
両断	26983
両眼	26984
両翼	26985
両耳	26986
両肩	26987
両脇	26988
両膝	26989
両軍	26990
両輪	26991
両院	26992
並はずれる	26993
中々	26994
中上	26995
中位	26996
中内	26997
中堅	26998
中外	26999
中大	27000
中央口	27001
中島	27002
中座	27003
中書	27004
中期	27005
中松	27006
中森	27007
中欧	27008
中海	27009
中目黒	27010
中空	27011
中等	27012
中米	27013
中肉	27014
中背	27015
中船	27016
中英	27017
中道	27018
中部	27019
中風	27020
中高	27021
中鳥	27022
串	27023
串かつ	27024
丸々	27025
丸わかり	27026
丸一	27027
丸写し	27028
丸出し	27029
丸呑み	27030
丸善	27031
丸潰れ	27032
丸焼き	27033
丸田	27034
丸穴	27035
丸腰	27036
丸薬	27037
丸首	27038
丹治	27039
丹精	27040
主君	27041
主宰	27042
主教	27043
主文	27044
主眼	27045
主菜	27046
主著	27047
主部	27048
丼もの	27049
乃ち	27050
久し振り	27051
久夫	27052
久方	27053
久美子	27054
乖離	27055
乗っける	27056
乗り気	27057
乗り降り	27058
乗合	27059
乗物	27060
乗鞍	27061
乘	27062
乙姫	27063
九〇	27064
九九	27065
九十七	27066
九千九百九十九	27067
九千二百五十八億一千四百七十万三千六百九十二	27068
九百	27069
九谷	27070
九頭竜	27071
乱交	27072
乱文	27073
乱筆	27074
乱視	27075
乱闘	27076
乱麻	27077
乳搾り	27078
乳癌	27079
乳腺	27080
乳首	27081
乾き	27082
乾咳	27083
乾坤	27084
乾期	27085
予選	27086
予鈴	27087
争いごと	27088
争点	27089
事後	27090
事由	27091
二〇	27092
二三十	27093
二人乗り	27094
二人暮らし	27095
二十一	27096
二十三	27097
二十億	27098
二千二百	27099
二千十一	27100
二千十三	27101
二千十六	27102
二千四百六十八	27103
二卵性	27104
二条	27105
二癖	27106
二百万	27107
二百五十万	27108
二科	27109
二転	27110
二部	27111
二頭	27112
互い違い	27113
互換	27114
五億	27115
五十二	27116
五十五	27117
五千五百	27118
五月病	27119
五本	27120
五百万	27121
五臓	27122
五鬼上	27123
井内	27124
亙る	27125
些か	27126
亜佐美	27127
亜希良	27128
亜弓	27129
亜由美	27130
亡い	27131
亡骸	27132
交じり	27133
交す	27134
交戦	27135
交易	27136
交点	27137
交配	27138
交霊	27139
享子	27140
京大	27141
京成	27142
人なれる	27143
人使い	27144
人力	27145
人名	27146
人型	27147
人声	27148
人実	27149
人後	27150
人徳	27151
人日	27152
人望	27153
人波	27154
人畜	27155
人肉	27156
人肩	27157
人脈	27158
人見	27159
人身	27160
人選	27161
人頭	27162
人騒がせ	27163
仄	27164
仇討ち	27165
今一	27166
今日日	27167
今期	27168
今東	27169
今生	27170
今船	27171
今道	27172
介す	27173
仏人	27174
仏仏	27175
仏家	27176
仏心	27177
仏桑	27178
仏英	27179
仏閣	27180
仏頂	27181
仕事がら	27182
仕事前	27183
仕事着	27184
仕入れ	27185
仕切り直し	27186
仕官	27187
仕手	27188
仕留める	27189
仕組む	27190
他人事	27191
他人任せ	27192
他山	27193
他意	27194
他所	27195
他車	27196
他邦	27197
付与	27198
付随	27199
仙人	27200
仙人掌	27201
代わるがわる	27202
代休	27203
代引き	27204
代打	27205
代案	27206
代謝	27207
代返	27208
令嬢	27209
以心	27210
仮令	27211
仮免	27212
仮託	27213
仲よし	27214
仲睦まじい	27215
仲買	27216
仲違い	27217
件名	27218
任	27219
任地	27220
任天堂	27221
企図	27222
伊	27223
伊万里	27224
伊勢崎	27225
伊太利	27226
伊織	27227
伊達	27228
伊部	27229
伏す	27230
伏兵	27231
伏目	27232
休まる	27233
休み休み	27234
休み場	27235
休刊	27236
休学	27237
休肝日	27238
休部	27239
会わす	27240
会堂	27241
伝えれる	27242
伝奇	27243
伝心	27244
伝書	27245
伝送	27246
伝道	27247
伯仲	27248
伯領	27249
伸二	27250
伸縮	27251
似つかわしい	27252
似顔	27253
佇まい	27254
低まる	27255
低俗	27256
低木	27257
低減	27258
低能	27259
低落	27260
低調	27261
低速	27262
住み込み	27263
住家	27264
佐倉	27265
佐和子	27266
佐野	27267
体外	27268
体形	27269
体色	27270
体躯	27271
何せ	27272
何とぞ	27273
何れ	27274
何所	27275
何處	27276
余り物	27277
余念	27278
余波	27279
余白	27280
余興	27281
余談	27282
余韻	27283
作りつけ	27284
作り事	27285
作り置き	27286
作人	27287
作付け	27288
作詞	27289
佩刀	27290
佳作	27291
佳子	27292
併し	27293
併設	27294
使役	27295
使徒	27296
侃々	27297
侃侃	27298
來る	27299
例会	27300
例証	27301
例題	27302
侍女	27303
侘びしい	27304
侘び寂び	27305
供す	27306
供物	27307
供花	27308
供養	27309
依瑠	27310
侮れる	27311
侵犯	27312
便せん	27313
便乗	27314
便器	27315
便数	27316
便益	27317
便箋	27318
係官	27319
係数	27320
係長	27321
促音	27322
俄然	27323
俊	27324
俊夫	27325
俊敏	27326
俗	27327
俗世	27328
俗事	27329
俗受け	27330
俗物	27331
俗称	27332
俗語	27333
俗説	27334
保冷	27335
保憲	27336
保母	27337
保湿	27338
保身	27339
信	27340
信二	27341
信彦	27342
信望	27343
信管	27344
信良	27345
信行	27346
信託	27347
信販	27348
修める	27349
修業	27350
修辞	27351
俯瞰	27352
俳人	27353
俳壇	27354
俸給	27355
倅	27356
倉	27357
倉敷	27358
倍する	27359
倍数	27360
倍率	27361
倍額	27362
倒せる	27363
倒木	27364
倒置	27365
借り手	27366
借り着	27367
借財	27368
倣う	27369
値うち	27370
値動き	27371
値域	27372
値崩れ	27373
倨傲	27374
偏に	27375
偏差	27376
偏重	27377
偕	27378
停泊	27379
停波	27380
健作	27381
健太郎	27382
健夫	27383
健常	27384
健次	27385
側転	27386
側近	27387
偽名	27388
偽者	27389
偽証	27390
傀儡	27391
傍受	27392
傑物	27393
傘下	27394
備へ	27395
備忘	27396
催涙	27397
傷める	27398
傷付く	27399
傷心	27400
傷物	27401
傷痕	27402
傾注	27403
傾聴	27404
僅差	27405
働き手	27406
働き盛り	27407
僞	27408
僭主	27409
僻み	27410
僻地	27411
儀	27412
儂	27413
儒教	27414
儘	27415
優に	27416
優れもの	27417
優劣	27418
優奈	27419
優子	27420
優紀子	27421
優美子	27422
優良	27423
優遇	27424
元サヤ	27425
元ネタ	27426
元手	27427
元春	27428
元祖	27429
元老	27430
充当	27431
兇器	27432
先の日	27433
先代	27434
先例	27435
先刻	27436
先取り	27437
先安	27438
先払い	27439
先攻	27440
先物	27441
先発	27442
先細り	27443
先願	27444
光一	27445
光学	27446
光束	27447
光量	27448
克巳	27449
免責	27450
兎に角	27451
兜	27452
入り日	27453
入れ子	27454
入れ替わり	27455
入れ違い	27456
入れ食い	27457
入信	27458
入園	27459
入城	27460
入居	27461
入市	27462
入来	27463
入棺	27464
入湯	27465
入退院	27466
入道	27467
入部	27468
全っ然	27469
全会	27470
全品	27471
全域	27472
全容	27473
全巻	27474
全戦	27475
全曲	27476
全権	27477
全治	27478
全社	27479
全粒	27480
八つ手	27481
八倒	27482
八十	27483
八十二	27484
八千	27485
八百万	27486
公使	27487
公債	27488
公判	27489
公団	27490
公序	27491
公文	27492
公益	27493
公論	27494
公転	27495
公述	27496
六万	27497
六千	27498
六甲	27499
六腑	27500
共振	27501
共済	27502
共立	27503
兵力	27504
兵卒	27505
兵員	27506
兵衛	27507
其れ	27508
具材	27509
典子	27510
典籍	27511
兼任	27512
兼子	27513
兼行	27514
内剛	27515
内包	27516
内圧	27517
内幕	27518
内弁	27519
内接	27520
内服	27521
内海	27522
内申	27523
内的	27524
内紛	27525
内縁	27526
内角	27527
内鍵	27528
円卓	27529
円墳	27530
円弧	27531
円札	27532
円柱	27533
円熟	27534
冊数	27535
再々	27536
再燃	27537
再編	27538
再見	27539
再訪	27540
再読	27541
再起	27542
冗漫	27543
写本	27544
写経	27545
冠詞	27546
冥土	27547
冥想	27548
冥王	27549
冬ごもり	27550
冬作	27551
冬山	27552
冬期	27553
冬物	27554
冬用	27555
冶金	27556
冷	27557
冷え込み	27558
冷やかす	27559
冷徹	27560
冷暖房	27561
冷気	27562
冷肉	27563
冷遇	27564
凄惨	27565
凄腕	27566
准	27567
凉子	27568
凋落	27569
凌	27570
凍傷	27571
凍土	27572
凛々しい	27573
凝視	27574
凡て	27575
凡例	27576
凡打	27577
処世	27578
処士	27579
凶弾	27580
凶漢	27581
凹み	27582
出きる	27583
出ず	27584
出で立ち	27585
出任せ	27586
出入	27587
出入国	27588
出処	27589
出向	27590
出土	27591
出塁	27592
出展	27593
出待ち	27594
出撃	27595
出来上がり	27596
出来合い	27597
出来心	27598
出歯	27599
出獄	27600
出稼ぎ	27601
出窓	27602
出納	27603
出花	27604
出走	27605
出願	27606
刀匠	27607
刀法	27608
刃向かう	27609
分かち書き	27610
分かれ目	27611
分け目	27612
分け隔て	27613
分ち	27614
分乗	27615
分位	27616
分光	27617
分刻み	27618
分家	27619
分度	27620
分校	27621
分業	27622
分煙	27623
分解る	27624
分量	27625
分針	27626
分隊	27627
切	27628
切りたて	27629
切り抜き	27630
切り替え	27631
切り株	27632
切り紙	27633
切れ者	27634
切れ間	27635
切下げ	27636
切傷	27637
切磋	27638
切願	27639
刈	27640
刈り	27641
刈れる	27642
列席	27643
初める	27644
初刷	27645
初太刀	27646
初婚	27647
初学	27648
初志	27649
初旬	27650
初秋	27651
初笑い	27652
初陣	27653
初霜	27654
判然	27655
別個	27656
別冊	27657
別名	27658
別嬪	27659
別宅	27660
別段	27661
別状	27662
別紙	27663
別途	27664
別館	27665
利かす	27666
利き酒	27667
利休	27668
利得	27669
利敵	27670
利根	27671
制汗	27672
制空	27673
刷り	27674
刷る	27675
刺し傷	27676
刻印	27677
刻苦	27678
剃刀	27679
剃毛	27680
削ぐ	27681
前のめり	27682
前ぶれ	27683
前カノ	27684
前合わせ	27685
前夜	27686
前奏	27687
前屈	27688
前巻	27689
前庭	27690
前後ろ	27691
前払	27692
前掛け	27693
前橋	27694
前歴	27695
前渡し	27696
前立	27697
前記	27698
前足	27699
前身	27700
前転	27701
前述	27702
前部	27703
前頭	27704
剛健	27705
剛性	27706
剣士	27707
剣岳	27708
剣歯	27709
剣闘	27710
剥き出し	27711
剥離	27712
副官	27713
副流	27714
割ける	27715
割り増し	27716
割り箸	27717
割れ	27718
割れ物	27719
割引き	27720
割当て	27721
割愛	27722
割礼	27723
創刊	27724
創建	27725
創意	27726
創案	27727
剽窃	27728
劃する	27729
劉	27730
力仕事	27731
力作	27732
力演	27733
功名	27734
加奈子	27735
加法	27736
加筆	27737
劣勢	27738
助け舟	27739
助平	27740
助演	27741
助長	27742
劫	27743
労務	27744
効き	27745
効きめ	27746
効用	27747
勇士	27748
勇姿	27749
動	27750
動かせる	27751
動乱	27752
動悸	27753
動脈	27754
動静	27755
勘ぐる	27756
勘案	27757
務所	27758
勝ち気	27759
勝ち逃げ	27760
勝子	27761
勝機	27762
勝率	27763
勝虫	27764
勢揃い	27765
勤まる	27766
勤め先	27767
勤続	27768
勧善	27769
勧工	27770
勲	27771
勾引	27772
勿し	27773
勿体	27774
匂ふ	27775
包	27776
包み紙	27777
包含	27778
包容	27779
匍匐	27780
化物	27781
化身	27782
北上	27783
北岳	27784
北東	27785
北面	27786
北魏	27787
区々	27788
区切る	27789
区割り	27790
区民	27791
区立	27792
医薬	27793
十九	27794
十二指腸	27795
十八番	27796
十前	27797
十色	27798
十進	27799
千代の富士	27800
千六百	27801
千切る	27802
千差	27803
千百	27804
千賀子	27805
千鶴	27806
午	27807
半そで	27808
半円	27809
半月	27810
半死	27811
半殺し	27812
半泣き	27813
半纏	27814
半面	27815
卑下	27816
卑俗	27817
卑猥	27818
卒直	27819
卒研	27820
協働	27821
協和	27822
南ア	27823
南下	27824
南会津	27825
南側	27826
南南東	27827
南岸	27828
南島	27829
南洋	27830
南瓜	27831
南禅	27832
南緯	27833
南美	27834
単	27835
単価	27836
単元	27837
単発	27838
単身	27839
博学	27840
占有	27841
印字	27842
印紙	27843
危うし	27844
危急	27845
即売	27846
即応	27847
即日	27848
即時	27849
卵型	27850
卵白	27851
卸し	27852
卸す	27853
卸売	27854
卸売り	27855
厄日	27856
厚意	27857
厚焼き	27858
厚顔	27859
原付	27860
原曲	27861
原木	27862
原水爆	27863
原点	27864
原生	27865
原画	27866
原簿	27867
原綿	27868
厳か	27869
厳に	27870
厳めしい	27871
厳島	27872
厳戒	27873
厳罰	27874
去々	27875
去れる	27876
参ずる	27877
参上	27878
参政	27879
参謀	27880
参院	27881
及び腰	27882
友愛	27883
友理子	27884
友美	27885
友誼	27886
双	27887
反吐	27888
反問	27889
反徒	27890
反意	27891
反故	27892
反旗	27893
反核	27894
反芻	27895
反覆	27896
収録	27897
取りえ	27898
取り付け	27899
取り分け	27900
取り合い	27901
取り壊し	27902
取り急ぎ	27903
取り消し	27904
取り皿	27905
取り締まり	27906
取り調べ	27907
取引き	27908
取扱い	27909
取柄	27910
取説	27911
取調べ	27912
受	27913
受け売り	27914
受け手	27915
受け持ち	27916
受け皿	27917
受け答え	27918
受像	27919
受刑	27920
受容	27921
受注	27922
受益	27923
受精	27924
受託	27925
受領	27926
叙事	27927
叙情	27928
叙述	27929
叢	27930
叢書	27931
口々	27932
口ぐせ	27933
口べた	27934
口まね	27935
口やかましい	27936
口コミ	27937
口上	27938
口下手	27939
口付ける	27940
口任せ	27941
口和	27942
口径	27943
口早	27944
口汚い	27945
口汚ない	27946
口直し	27947
口腔	27948
口車	27949
口輪	27950
古ぼける	27951
古参	27952
古家	27953
古川	27954
古巣	27955
古株	27956
古賀	27957
句読	27958
叩き	27959
叩ける	27960
只見	27961
叫喚	27962
召しあがる	27963
可及	27964
可否	27965
可哀そう	27966
可哀相	27967
可塑	27968
台地	27969
台座	27970
台本	27971
史記	27972
右ひざ	27973
右傾	27974
右回り	27975
右寄り	27976
右端	27977
右翼	27978
右耳	27979
右脇	27980
右隣	27981
号泣	27982
司る	27983
司書	27984
吃驚	27985
各文	27986
各様	27987
各章	27988
各紙	27989
各色	27990
各藩	27991
各週	27992
各隊	27993
各階	27994
合い挽き	27995
合い鍵	27996
合せる	27997
合わさる	27998
合わせれる	27999
合切	28000
合否	28001
合気	28002
合点	28003
合羽	28004
合議	28005
合道	28006
吉報	28007
吉弥	28008
吉本	28009
吉祥	28010
吉行	28011
吉野山	28012
吊し上げ	28013
吊す	28014
吊革	28015
同い	28016
同位	28017
同族	28018
同日	28019
同書	28020
同権	28021
同点	28022
同県	28023
同舟	28024
同衾	28025
同語	28026
同道	28027
名分	28028
名家	28029
名手	28030
名文	28031
名月	28032
名残	28033
名残惜しい	28034
名立	28035
名答	28036
名義	28037
名訳	28038
名詩	28039
后	28040
吐露	28041
向い側	28042
向こう気	28043
吟醸	28044
吠え面	28045
否む	28046
否める	28047
含み	28048
吸い取り	28049
吸い殻	28050
吸い物	28051
吸わす	28052
吸入	28053
吸殻	28054
吸湿	28055
吸音	28056
吹聴	28057
吾れ	28058
吾郎	28059
呂律	28060
呈す	28061
呉れる	28062
呉越	28063
告ぐ	28064
呑気	28065
周作	28066
周回	28067
周忌	28068
周波	28069
周知	28070
周航	28071
呪術	28072
呵成	28073
呻く	28074
呼	28075
呼び名	28076
呼び捨て	28077
呼応	28078
呼気	28079
命じる	28080
命拾い	28081
命日	28082
和え	28083
和也	28084
和人	28085
和名	28086
和夫	28087
和尚	28088
和成	28089
和文	28090
和書	28091
和洋	28092
和牛	28093
和田	28094
和英	28095
和裁	28096
和製	28097
和訳	28098
和議	28099
咎め	28100
咲	28101
咲き	28102
咲子	28103
咳く	28104
咽喉	28105
哀しむ	28106
哀憐	28107
哀楽	28108
哀調	28109
品揃え	28110
品書き	28111
品目	28112
品評	28113
員数	28114
哨戒	28115
唐	28116
唐墨	28117
唐木	28118
唖	28119
唯心	28120
唯我	28121
唯春	28122
唸り声	28123
唾液	28124
啄む	28125
商事	28126
商務	28127
商船	28128
問いかけ	28129
問診	28130
啓する	28131
啓介	28132
啓太	28133
啼く	28134
善処	28135
善戦	28136
善政	28137
喜べる	28138
喜怒	28139
喧噪	28140
喪う	28141
営利	28142
嗅げる	28143
嗜好	28144
嗜癖	28145
嗤い	28146
嗤う	28147
嘆息	28148
嘗胆	28149
嘱望	28150
嘶く	28151
噛み	28152
噛み合わせ	28153
噫	28154
噴射	28155
囚われ	28156
四つ角	28157
四つ足	28158
四則	28159
四十七	28160
四十路	28161
四千	28162
四天王寺	28163
四宮	28164
四球	28165
四百万	28166
四角い	28167
四足	28168
回し	28169
回帰	28170
回教	28171
回生	28172
回虫	28173
因習	28174
団塊	28175
困らす	28176
囲い込み	28177
囲える	28178
図太い	28179
図式	28180
図柄	28181
図案	28182
図画	28183
図表	28184
図解	28185
固め	28186
固結び	28187
固茹で	28188
固辞	28189
国ざかい	28190
国元	28191
国内外	28192
国別	28193
国名	28194
国営	28195
国富	28196
国府	28197
国庫	28198
国技	28199
国教	28200
国是	28201
国賊	28202
国賓	28203
国軍	28204
国道	28205
土いじり	28206
土埃	28207
土壁	28208
土岐	28209
土用	28210
土石	28211
土葬	28212
土釜	28213
圧する	28214
圧巻	28215
在り	28216
在勤	28217
在日	28218
在校	28219
在米	28220
圭	28221
地べた	28222
地デジ	28223
地主	28224
地団太	28225
地場	28226
地植え	28227
地歩	28228
地歴	28229
地毛	28230
地滑り	28231
地熱	28232
地界	28233
地異	28234
地盤	28235
地肩	28236
地蔵	28237
地虫	28238
地軸	28239
地酒	28240
地金	28241
地階	28242
地頭	28243
坂崎	28244
坂本	28245
坂東	28246
均整	28247
均斉	28248
坡	28249
坪	28250
垂範	28251
垂線	28252
型崩れ	28253
型落ち	28254
垢	28255
垢抜け	28256
埋もれ木	28257
埋没	28258
城中	28259
城内	28260
城外	28261
城崎	28262
埒外	28263
執事	28264
執心	28265
執念	28266
培養	28267
基幹	28268
基底	28269
基督	28270
基調	28271
堅実	28272
堅牢	28273
堅物	28274
報せ	28275
報奨	28276
場当たり	28277
場末	28278
塁打	28279
塑像	28280
塗す	28281
塗り直し	28282
塗料	28283
塚	28284
塩からい	28285
塩ゆで	28286
塩基	28287
塩焼き	28288
塩素	28289
塩辛	28290
填まる	28291
塹壕	28292
境内	28293
境地	28294
境涯	28295
墓碑	28296
増やせる	28297
増収	28298
増夫	28299
増援	28300
増発	28301
増益	28302
増設	28303
増配	28304
増量	28305
増額	28306
墜ちる	28307
墨	28308
壁面	28309
壮麗	28310
声がけ	28311
声価	28312
声出し	28313
声帯	28314
声掛け	28315
声色	28316
声調	28317
声音	28318
壱	28319
売りもの	28320
売りもん	28321
売り値	28322
売り地	28323
売り家	28324
売れっ子	28325
売れ足	28326
売上げ	28327
売人	28328
売名	28329
売国	28330
売女	28331
売行き	28332
壽	28333
変り	28334
変わり映え	28335
変わり種	28336
変わり身	28337
変域	28338
変心	28339
変貌	28340
変質	28341
変電	28342
変顔	28343
夏休	28344
夏子	28345
夏恵	28346
夏服	28347
夏物	28348
夏至	28349
夕空	28350
外付け	28351
外傷	28352
外周	28353
外地	28354
外壁	28355
外柔	28356
外洋	28357
外皮	28358
外米	28359
外線	28360
外聞	28361
外野	28362
外面	28363
多国	28364
多士	28365
多妻	28366
多彩	28367
多才	28368
多摩	28369
多病	28370
多言	28371
多読	28372
多重	28373
多雨	28374
多項	28375
夜なべ	28376
夜な夜な	28377
夜もすがら	28378
夜一	28379
夜会	28380
夜具	28381
夜更し	28382
夜目	28383
夜襲	28384
夜警	28385
夜逃げ	28386
夜遊び	28387
夜長	28388
夜霧	28389
夥しい	28390
大々	28391
大いばり	28392
大さじ	28393
大ざっぱ	28394
大しけ	28395
大ぜい	28396
大っきらい	28397
大てい	28398
大なり	28399
大にぎわい	28400
大また	28401
大らか	28402
大中小	28403
大乗	28404
大仏	28405
大仕事	28406
大作	28407
大修	28408
大儀	28409
大入り	28410
大冊	28411
大別	28412
大助	28413
大助かり	28414
大原	28415
大味	28416
大和	28417
大喜利	28418
大坂	28419
大垣	28420
大大	28421
大寒	28422
大寺	28423
大嵐	28424
大引け	28425
大形	28426
大慌て	28427
大掛かり	28428
大敗	28429
大書	28430
大東	28431
大枚	28432
大枝	28433
大橋	28434
大欲	28435
大正	28436
大津	28437
大玉	28438
大盛り	28439
大盤	28440
大穴	28441
大箱	28442
大綱	28443
大義	28444
大翔	28445
大蛇	28446
大要	28447
大詰め	28448
大豆	28449
大象	28450
大賞	28451
大赦	28452
大輔	28453
大輝	28454
大辞林	28455
大辞泉	28456
大逆	28457
大道	28458
大野	28459
大鎌	28460
大関	28461
大難	28462
大頭	28463
大顎	28464
大魚	28465
天びん	28466
天下り	28467
天与	28468
天分	28469
天命	28470
天啓	28471
天変	28472
天外	28473
天寿	28474
天心	28475
天敵	28476
天日	28477
天津	28478
天爵	28479
天空	28480
天網	28481
天職	28482
天花	28483
天賦	28484
天路	28485
天道	28486
太もも	28487
太れる	28488
太初	28489
太利	28490
太字	28491
太朗	28492
太股	28493
太陰	28494
太陽が丘	28495
失い	28496
失墜	28497
失禁	28498
失職	28499
失血	28500
失調	28501
夾竹	28502
奇人	28503
奇想	28504
奇異	28505
奇病	28506
奇遇	28507
奈津	28508
奈美恵	28509
奉私	28510
奉納	28511
奏	28512
奥さま	28513
奥まる	28514
奥地	28515
奥手	28516
奥深い	28517
奥行	28518
奥行き	28519
奧	28520
奧山	28521
奨める	28522
奪	28523
奪える	28524
奪取	28525
奮迅	28526
女っ気	28527
女人	28528
女体	28529
女児	28530
女史	28531
女夫	28532
女好き	28533
女帝	28534
女湯	28535
女狐	28536
女郎	28537
女郎花	28538
好きずき	28539
好悪	28540
好演	28541
好走	28542
如何に	28543
妙ちくりん	28544
妙手	28545
妥結	28546
妬ける	28547
妬ましい	28548
妬み	28549
妻帯	28550
妾	28551
姉弟	28552
姑息	28553
委せる	28554
委縮	28555
姦淫	28556
姦通	28557
姿かたち	28558
姿見	28559
威信	28560
威力	28561
威圧	28562
娑婆	28563
娘盛り	28564
娶る	28565
婉曲	28566
婚前	28567
婚家	28568
婦徳	28569
婦警	28570
婦長	28571
媚	28572
嫌ひ	28573
嫌み	28574
嫌らしい	28575
嫗	28576
子午	28577
子取り	28578
子宝	28579
子役	28580
子息	28581
子煩悩	28582
孔子	28583
字句	28584
字形	28585
存外	28586
孝	28587
孝一	28588
孟母	28589
孤島	28590
孤軍	28591
孤高	28592
学び	28593
学ラン	28594
学内	28595
学士	28596
学外	28597
学籍	28598
学芸	28599
学課	28600
学際	28601
孫子	28602
孫息子	28603
宅地	28604
宅急便	28605
宇治	28606
宇田	28607
宇都宮	28608
宇野	28609
守武	28610
安らぐ	28611
安室	28612
安宿	28613
安手	28614
安月	28615
安泰	28616
安田	28617
安直	28618
安眠	28619
安置	28620
安西	28621
安逸	28622
宋代	28623
完工	28624
完徹	28625
完敗	28626
完治	28627
完熟	28628
完結	28629
完膚	28630
完走	28631
宏美	28632
宗	28633
宗旨	28634
宗派	28635
官吏	28636
官民	28637
官能	28638
官話	28639
定形	28640
宛てる	28641
宝塚	28642
実写	28643
実名	28644
実子	28645
実存	28646
実実	28647
実年	28648
実権	28649
実父	28650
実益	28651
実相	28652
客体	28653
客先	28654
客入り	28655
客席	28656
客引き	28657
客船	28658
客集め	28659
室料	28660
宮城	28661
宮島	28662
宮澤	28663
宮里	28664
害悪	28665
宵闇	28666
家の子	28667
家紋	28668
家財	28669
家飲み	28670
宿代	28671
宿帳	28672
宿敵	28673
宿根	28674
宿直	28675
寄す	28676
寄り	28677
寄宿	28678
密会	28679
密約	28680
富子	28681
富良野	28682
富裕	28683
寒冷	28684
寒帯	28685
寒暑	28686
寒空	28687
寒風	28688
寓意	28689
寛恕	28690
寝がえり	28691
寝っ転がる	28692
寝つき	28693
寝巻	28694
寝息	28695
寝汗	28696
寝顔	28697
寝首	28698
察	28699
察知	28700
寡欲	28701
實	28702
寧	28703
審良	28704
寮生	28705
寸劇	28706
寸断	28707
寸鉄	28708
寺子	28709
対う	28710
対人	28711
対価	28712
対日	28713
対案	28714
対義	28715
封ずる	28716
封切り	28717
封切る	28718
封書	28719
専ら	28720
専売	28721
専属	28722
射つ	28723
射程	28724
射精	28725
将	28726
将官	28727
尊師	28728
尋	28729
導き	28730
導火	28731
小6	28732
小うるさい	28733
小じわ	28734
小ぢんまり	28735
小ぶり	28736
小やみ	28737
小・中学	28738
小中学	28739
小作	28740
小供	28741
小倉	28742
小回り	28743
小太郎	28744
小山	28745
小差	28746
小幅	28747
小心	28748
小憎らしい	28749
小杉	28750
小桃	28751
小津	28752
小瓶	28753
小用	28754
小田	28755
小田急	28756
小町	28757
小突く	28758
小競り合い	28759
小笠原	28760
小箱	28761
小粋	28762
小粒	28763
小脳	28764
小舟	28765
小象	28766
小走り	28767
小路	28768
小金	28769
小鍋	28770
小難	28771
小館	28772
小高い	28773
小鼻	28774
少雨	28775
尖塔	28776
尚更	28777
就床	28778
尺	28779
尻もち	28780
尻取り	28781
尻込み	28782
尼僧	28783
尾ひれ	28784
尾崎	28785
尾形	28786
尾羽	28787
尿症	28788
局長	28789
居丈	28790
居住まい	28791
居候	28792
居城	28793
居宅	28794
居残り	28795
居空き	28796
屈伸	28797
届け	28798
届け出	28799
屍姦	28800
屍骸	28801
屏風	28802
属格	28803
屠殺	28804
屡々	28805
山すそ	28806
山なみ	28807
山下	28808
山中湖	28809
山内	28810
山勘	28811
山吹	28812
山地	28813
山奥	28814
山崎	28815
山嶺	28816
山巓	28817
山梨	28818
山水	28819
山河	28820
山深い	28821
山盛り	28822
山羊乳	28823
山菜	28824
山藤	28825
山賊	28826
山路	28827
山里	28828
岐路	28829
岡っ引き	28830
岡目八目	28831
岩場	28832
岩壁	28833
岩宿	28834
岩崩れ	28835
岩戸	28836
岩手	28837
岩本	28838
岩棚	28839
岩登り	28840
岩穴	28841
岩角	28842
岳人	28843
島島	28844
島影	28845
島村	28846
島根	28847
島流し	28848
峻別	28849
崇	28850
崇める	28851
崖っ縁	28852
崩せる	28853
崩御	28854
嵌まる	28855
嵌める	28856
嵌合	28857
嵯峨	28858
川下り	28859
川勝	28860
川岸	28861
川床	28862
川底	28863
川村	28864
川流れ	28865
川添	28866
川風	28867
川魚	28868
州税	28869
州間	28870
巡らす	28871
巡れる	28872
巡航	28873
巣ごもり	28874
巣穴	28875
巣立つ	28876
巣箱	28877
巣食う	28878
工匠	28879
工合	28880
工員	28881
工房	28882
工藤	28883
工面	28884
左うちわ	28885
左っ側	28886
左上	28887
左中	28888
左前	28889
左派	28890
左翼	28891
左胸	28892
左脚	28893
左藤	28894
左表	28895
左遷	28896
巧い	28897
巧拙	28898
巨富	28899
巨石	28900
巫女	28901
巫山戯る	28902
差し	28903
差し入れ	28904
差し向かい	28905
差し止め	28906
差し歯	28907
差し足	28908
已己	28909
巳己	28910
巻き尺	28911
巻き毛	28912
巻き髪	28913
市価	28914
市営	28915
布く	28916
布張り	28917
布石	28918
帆柱	28919
希書	28920
帝政	28921
師事	28922
師団	28923
帯び	28924
帯出	28925
帯域	28926
帰する	28927
帰せる	28928
帰りがけ	28929
帰休	28930
帰巣	28931
帰港	28932
帳じり	28933
帳尻	28934
帳面	28935
常備	28936
常勝	28937
常夏	28938
常套	28939
常温	28940
常設	28941
常道	28942
常飲	28943
幅広	28944
幕の内	28945
幕切れ	28946
幕府	28947
幕開け	28948
干せる	28949
干天	28950
干物	28951
干草	28952
干魃	28953
干魚	28954
平らか	28955
平一郎	28956
平仄	28957
平仮名	28958
平価	28959
平坦	28960
平城	28961
平家	28962
平屋	28963
平河	28964
平部	28965
年がら	28966
年取る	28967
年子	28968
年季	28969
年数	28970
年甲斐	28971
年表	28972
年貢	28973
年輪	28974
年限	28975
年頭	28976
年額	28977
幸之助	28978
幸二	28979
幸正	28980
幸治	28981
幸甚	28982
幸田	28983
幹	28984
幻覚	28985
幼女	28986
幼子	28987
幼時	28988
幾度	28989
広し	28990
広州	28991
広範	28992
広美	28993
広義	28994
広葉	28995
広野	28996
庇い立て	28997
床ずれ	28998
床の間	28999
床入り	29000
床板	29001
底なし	29002
底力	29003
底抜け	29004
底辺	29005
底面	29006
店子	29007
府中	29008
度合い	29009
度忘れ	29010
度数	29011
度重なる	29012
座り込み	29013
座敷	29014
座禅	29015
庭先	29016
庭弄り	29017
庭木	29018
廃人	29019
廃刊	29020
廃屋	29021
廃校	29022
廃業	29023
廃液	29024
廃物	29025
廃絶	29026
廃部	29027
廉	29028
廉価	29029
延び延び	29030
延べ	29031
延べる	29032
延べ払い	29033
延べ棒	29034
延引	29035
廷臣	29036
建てつけ	29037
建て増し	29038
建材	29039
建雄	29040
廻す	29041
廻る	29042
廿日	29043
弁別	29044
弁士	29045
弁証	29046
弊害	29047
式服	29048
弓なり	29049
弓矢	29050
引きこもり	29051
引き下げ	29052
引き伸ばし	29053
引き出	29054
引き寄せ	29055
引き戸	29056
引き抜き	29057
引き立て	29058
引き続き	29059
引く手	29060
引け目	29061
引っかかり	29062
引っ切り	29063
引っ越せる	29064
引継	29065
弘美	29066
弛む	29067
弥太郎	29068
弥生	29069
弱腰	29070
張らす	29071
張りぼて	29072
張り合い	29073
張れる	29074
強いて	29075
強がる	29076
強し	29077
強姦	29078
強敵	29079
強面	29080
弾き語り	29081
弾子	29082
弾薬	29083
弾道	29084
当たり外れ	29085
当たり年	29086
当たり障り	29087
当てこすり	29088
当て逃げ	29089
当代	29090
当会	29091
当塾	29092
当所	29093
当期	29094
当校	29095
形体	29096
彩り	29097
彩雲	29098
彫り	29099
彫琢	29100
彰	29101
彰良	29102
彷徨う	29103
役立てる	29104
彼奴	29105
往く	29106
待ちあわせ	29107
待ちどおしい	29108
待ちぼうけ	29109
待ち伏せ	29110
待望	29111
律する	29112
後ずさる	29113
後ろ指	29114
後ろ暗い	29115
後上	29116
後光	29117
後出し	29118
後場	29119
後姿	29120
後学	29121
後宮	29122
後家	29123
後屈	29124
後指	29125
後攻	29126
後発	29127
後続	29128
後脚	29129
後見	29130
後込み	29131
従前	29132
従姉	29133
従弟	29134
従軍	29135
從ふ	29136
御する	29137
御の字	29138
御出で	29139
御前	29140
御坊	29141
御守	29142
御意	29143
御覧	29144
御飯	29145
復しゅう	29146
復仇	29147
復号	29148
復員	29149
復職	29150
復路	29151
微動	29152
微睡む	29153
微笑ましい	29154
微風	29155
徹	29156
徹す	29157
徹尾	29158
徹頭	29159
心がけ	29160
心づかい	29161
心もち	29162
心付け	29163
心外	29164
心子	29165
心安い	29166
心憎い	29167
心打つ	29168
心拍	29169
心持ち	29170
心掛け	29171
心根	29172
心棒	29173
心残り	29174
心無い	29175
心痛	29176
心肺	29177
心胆	29178
心違い	29179
心酔	29180
心電	29181
必定	29182
必携	29183
必衰	29184
忌々しい	29185
忌み	29186
忌中	29187
忌憚	29188
忌避	29189
忍	29190
志村	29191
忘却	29192
忘我	29193
応分	29194
応召	29195
応報	29196
忠勤	29197
忠犬	29198
忠順	29199
快	29200
快便	29201
快刀	29202
快癒	29203
快眠	29204
快調	29205
快諾	29206
快食	29207
念ずる	29208
念ふ	29209
念仏	29210
忿怒	29211
怒声	29212
怒気	29213
怒涛	29214
怒濤	29215
怖じる	29216
怜悧	29217
思いすごし	29218
思いのほか	29219
思いの外	29220
思い入れ	29221
思ひ出	29222
急ぎ足	29223
急ごしらえ	29224
急峻	29225
急患	29226
急減	29227
急襲	29228
急送	29229
急逝	29230
性愛	29231
性慾	29232
性根	29233
怪談	29234
怯む	29235
恋仲	29236
恋敵	29237
恋歌	29238
恐れ多い	29239
恐喝	29240
恒心	29241
恒産	29242
恒等	29243
恒興	29244
恢恢	29245
恥ずい	29246
恨みがましい	29247
恨めしい	29248
恩着せ	29249
恩赦	29250
恩返し	29251
恭介	29252
恭子	29253
恭平	29254
息吹	29255
息災	29256
息遣い	29257
恵	29258
恵美	29259
恵美子	29260
悔み	29261
悔恨	29262
悟り	29263
悠々	29264
悠真	29265
悠長	29266
患部	29267
悩みごと	29268
悩み事	29269
悪しい	29270
悪しからず	29271
悪し様	29272
悪だくみ	29273
悪びれる	29274
悪天	29275
悪女	29276
悪妻	29277
悪婆	29278
悪寒	29279
悪手	29280
悪政	29281
悪業	29282
悪法	29283
悪漢	29284
悪狐	29285
悪用	29286
悪疫	29287
悪童	29288
悪貨	29289
悪賢い	29290
悪路	29291
悪露	29292
悪風	29293
悪鬼	29294
悲し	29295
悲哀	29296
悲喜	29297
悲願	29298
悶着	29299
悼む	29300
情っ張り	29301
情愛	29302
情状	29303
惑う	29304
惚れ惚れ	29305
惡し	29306
惨死	29307
想	29308
愁い	29309
愁える	29310
意表	29311
愚問	29312
愚弟	29313
愚息	29314
愚論	29315
愚連	29316
愛媛	29317
愛憎	29318
愛欲	29319
愛玩	29320
愛育	29321
愛誦	29322
愛護	29323
愛鳥	29324
感傷	29325
感化	29326
感度	29327
慈雨	29328
態	29329
態と	29330
慌しい	29331
慌て者	29332
慎み	29333
慎也	29334
慕	29335
慢心	29336
慣らし	29337
慨世	29338
慮る	29339
慰む	29340
慰安	29341
慰留	29342
慰謝	29343
慶	29344
慶び	29345
慶ぶ	29346
慾	29347
憂き目	29348
憂国	29349
憎たらしい	29350
憩い	29351
憮然	29352
憲信	29353
憲政	29354
憶測	29355
懇意	29356
懐かし	29357
懐かしむ	29358
懐く	29359
懐柔	29360
懐炉	29361
懐石	29362
懲り懲り	29363
懲悪	29364
懲罰	29365
懸垂	29366
懸案	29367
懸隔	29368
成	29369
成せる	29370
成り上がり	29371
成り立ち	29372
成り金	29373
成る可く	29374
成句	29375
成否	29376
成層	29377
成算	29378
成金	29379
成魚	29380
我がまま	29381
我欲	29382
戒める	29383
戒厳	29384
或	29385
戦わす	29386
戦中	29387
戦意	29388
戦慄	29389
戦歴	29390
戦火	29391
戦犯	29392
戦禍	29393
戦艦	29394
戦費	29395
戯	29396
戯画	29397
戯談	29398
戴天	29399
戸別	29400
戸川	29401
戸建て	29402
戸惑い	29403
所作	29404
所出	29405
所存	29406
所感	29407
所望	29408
所管	29409
所見	29410
所轄	29411
扁桃	29412
手あたり	29413
手くび	29414
手さげ	29415
手すき	29416
手ぬぐい	29417
手はず	29418
手ぶり	29419
手ま	29420
手まり	29421
手ェ	29422
手並み	29423
手伝わす	29424
手出し	29425
手分け	29426
手初め	29427
手動	29428
手塚	29429
手巻き	29430
手引き	29431
手形	29432
手後れ	29433
手慣れる	29434
手放し	29435
手放せる	29436
手早い	29437
手柔らか	29438
手根	29439
手漕ぎ	29440
手狭	29441
手玉	29442
手箱	29443
手綱	29444
手羽	29445
手荒	29446
手荒い	29447
手荒れ	29448
手負い	29449
手鏡	29450
手間暇	29451
手離せる	29452
才子	29453
才気	29454
打ち出し	29455
打ち身	29456
打ってつけ	29457
打刻	29458
打席	29459
托鉢	29460
批准	29461
抄本	29462
抉じる	29463
抉る	29464
把	29465
把瑠都	29466
抑止	29467
投げ	29468
投棄	29469
抗える	29470
抗酸	29471
折々	29472
折檻	29473
折衝	29474
折衷	29475
折鶴	29476
抜かり	29477
抜きん出る	29478
抜き打ち	29479
抜き足	29480
抜けがけ	29481
抜け抜け	29482
抜け毛	29483
抜け道	29484
抜け駆け	29485
択	29486
択ぶ	29487
抱き枕	29488
抱擁	29489
抱腹	29490
抵触	29491
抹殺	29492
押入	29493
押印	29494
担保	29495
拇印	29496
拉げる	29497
拓く	29498
拓也	29499
拗音	29500
拘泥	29501
拙者	29502
招き	29503
招き猫	29504
拝受	29505
拝察	29506
拝観	29507
拝読	29508
拝謁	29509
拠り所	29510
拠る	29511
拠出	29512
拡充	29513
括り	29514
括る	29515
拳固	29516
拳骨	29517
拵える	29518
持ちきり	29519
持ち出し	29520
持ち味	29521
持ち手	29522
持ち札	29523
持ち株	29524
持ち歌	29525
持ち越し	29526
持て成し	29527
持久	29528
持分	29529
持田	29530
指しゃぶり	29531
指使い	29532
指南	29533
指折り	29534
指相撲	29535
指遣い	29536
挙げ	29537
挙上	29538
挙句	29539
挙行	29540
挟撃	29541
挫く	29542
挫ける	29543
挫傷	29544
振	29545
振り子	29546
振り込み	29547
振り返り	29548
振る舞わす	29549
振幅	29550
振舞	29551
振込み	29552
挿げる	29553
挿し木	29554
捌ける	29555
捏ねる	29556
捕らえどころ	29557
捕らわれ	29558
捕虫	29559
捕鯨	29560
捗る	29561
捜し物	29562
捧げ物	29563
捨て方	29564
捨て猫	29565
捨て鉢	29566
捨離	29567
捲れる	29568
掃討	29569
掌中	29570
排	29571
排他	29572
排便	29573
排撃	29574
排斥	29575
排球	29576
掘っ建て	29577
掛かり合い	29578
掛けくぎ	29579
掛け売り	29580
掛け捨て	29581
掛け釘	29582
掠れる	29583
採れたて	29584
採光	29585
採寸	29586
採血	29587
採録	29588
探せる	29589
探り	29590
接ぎ木	29591
接ぐ	29592
接合	29593
接点	29594
接見	29595
接辞	29596
接頭	29597
控え	29598
推察	29599
推戴	29600
推挙	29601
推移	29602
推計	29603
推量	29604
掲揚	29605
掴まる	29606
掴み取り	29607
掴める	29608
掻痒	29609
揉める	29610
揉め事	29611
描きかけ	29612
描画	29613
提げる	29614
提督	29615
提言	29616
揚羽	29617
換わる	29618
換言	29619
握り	29620
握りこぶし	29621
握り拳	29622
握れる	29623
援護	29624
揶揄	29625
揺籃	29626
揺蕩う	29627
搬入	29628
摂れる	29629
摂理	29630
摂生	29631
摘まむ	29632
摩周	29633
摸造	29634
撃てる	29635
撃墜	29636
撃破	29637
撃退	29638
撤する	29639
撩乱	29640
擁する	29641
擁立	29642
擂る	29643
操	29644
擬似	29645
擬声	29646
攫う	29647
支えれる	29648
支払わす	29649
支流	29650
支離	29651
改作	29652
改姓	29653
改行	29654
改選	29655
攻守	29656
放し飼い	29657
放任	29658
放心	29659
放歌	29660
放水	29661
放縦	29662
政夫	29663
政局	29664
政略	29665
故事	29666
效	29667
敏腕	29668
救い主	29669
敗因	29670
敗残	29671
敗者	29672
敗訴	29673
敗走	29674
敗軍	29675
教えれる	29676
教具	29677
教典	29678
教区	29679
教官	29680
教示	29681
教義	29682
教鞭	29683
教頭	29684
敢て	29685
敢行	29686
散りばめる	29687
散乱	29688
散在	29689
散布	29690
散弾	29691
散見	29692
散財	29693
散開	29694
敬二	29695
敬具	29696
敬称	29697
敬老	29698
数100	29699
数え年	29700
数の子	29701
数列	29702
数合わせ	29703
数多	29704
数奇屋	29705
数式	29706
数検	29707
数独	29708
整合	29709
整地	29710
整水	29711
整髪	29712
敵側	29713
敵地	29714
敵影	29715
敵機	29716
敵船	29717
敵視	29718
敷ける	29719
敷設	29720
文型	29721
文壇	29722
文士	29723
文夫	29724
文子	29725
文殊	29726
文盲	29727
文系	29728
文語	29729
文部	29730
文鳥	29731
斑点	29732
斗	29733
斜	29734
斜め読み	29735
斜陽	29736
斟酌	29737
斡旋	29738
斤量	29739
斬首	29740
断	29741
断機	29742
断罪	29743
断腸	29744
断裂	29745
断頭	29746
断髪	29747
新しもの	29748
新し物	29749
新党	29750
新兵	29751
新出	29752
新加	29753
新味	29754
新大阪	29755
新店	29756
新式	29757
新手	29758
新春	29759
新月	29760
新期	29761
新来	29762
新歓	29763
新法	29764
新版	29765
新興	29766
新茶	29767
新装	29768
新設	29769
新道	29770
新顔	29771
新風	29772
新駅	29773
方方	29774
於	29775
施せる	29776
施工	29777
施療	29778
施策	29779
旋風	29780
旗印	29781
旗本	29782
旗艦	29783
旗色	29784
既視	29785
日ごろ	29786
日でり	29787
日トム	29788
日付け	29789
日傘	29790
日報	29791
日岡	29792
日替わり	29793
日月	29794
日朗	29795
日朝	29796
日歯連	29797
日立	29798
日章	29799
日航	29800
日葵	29801
日進	29802
日野	29803
日韓	29804
旧交	29805
旧名	29806
旧家	29807
旧弊	29808
旧態	29809
旧跡	29810
早ね	29811
早仕舞い	29812
早出	29813
早割	29814
早婚	29815
早引き	29816
早歩き	29817
早漏	29818
早熟れ	29819
早送り	29820
早飯	29821
昇り降り	29822
昇れる	29823
昇段	29824
昇華	29825
昌	29826
明か	29827
明かり窓	29828
明けがた	29829
明け透け	29830
明らむ	29831
明らめる	29832
明君	29833
明夜	29834
明大	29835
明察	29836
明快	29837
明敏	29838
明文	29839
明日海	29840
明日香	29841
明明後日	29842
明星	29843
明石家	29844
明示	29845
明細	29846
明良	29847
明記	29848
明鏡	29849
昏倒	29850
易者	29851
昔むかし	29852
昔気質	29853
星条	29854
星祭	29855
星野	29856
映え	29857
映える	29858
映り	29859
映写	29860
映良	29861
春奈	29862
春子	29863
春木	29864
春田	29865
春眠	29866
春菊	29867
春遠	29868
春風	29869
昨秋	29870
昭二	29871
昭良	29872
是々	29873
是れ	29874
是空	29875
是色	29876
昼めし	29877
昼メシ	29878
時々輪	29879
時めく	29880
時効	29881
時化	29882
時戸	29883
時森	29884
時水	29885
時矢	29886
時節	29887
時針	29888
時雨	29889
時鳥	29890
晃	29891
晒し者	29892
晩さん	29893
晩メシ	29894
晩婚	29895
晩学	29896
普遍	29897
景品	29898
晴らせる	29899
晴朗	29900
晴着	29901
晴耕	29902
晶子	29903
晶良	29904
智也	29905
暁波	29906
暑くるしい	29907
暖気	29908
暖流	29909
暗ます	29910
暗やみ	29911
暗夜	29912
暗澹	29913
暗示	29914
暗譜	29915
暗躍	29916
暫らく	29917
暮し	29918
暮れ	29919
暮改	29920
暴れん坊	29921
暴れ馬	29922
暴徒	29923
暴漢	29924
暴虐	29925
暴論	29926
暴風雨	29927
曇らす	29928
曇天	29929
曝ける	29930
曰う	29931
曲げれる	29932
曲り角	29933
曲芸	29934
曳く	29935
更々	29936
更なる	29937
更地	29938
更年	29939
更正	29940
更迭	29941
書きこみ	29942
書き手	29943
書き換え	29944
書き直し	29945
書名	29946
書型	29947
書架	29948
書生	29949
書記	29950
書院	29951
曽原	29952
曽根崎	29953
曾て	29954
替え玉	29955
替え芯	29956
替玉	29957
最優	29958
最前	29959
最早	29960
月が丘	29961
月ぎめ	29962
月例	29963
月初	29964
月夜	29965
月影	29966
月払い	29967
月歩	29968
月経	29969
月間	29970
月額	29971
有らゆる	29972
有り難い	29973
有休	29974
有史	29975
有明	29976
有村	29977
有楽町	29978
有理子	29979
有袋	29980
有識	29981
有蹄	29982
朋	29983
服する	29984
服屋	29985
望み薄	29986
朝めし	29987
朝令	29988
朝家	29989
朝寝	29990
朝明	29991
朝立ち	29992
朝霧	29993
朝靄	29994
朝顔	29995
朝風	29996
朝餉	29997
朦朧	29998
朧	29999
木かげ	30000
木の芽	30001
木下	30002
木偶の坊	30003
木像	30004
木刀	30005
木工	30006
木工芸	30007
木彫り	30008
木戸	30009
木曽	30010
木本	30011
木村屋	30012
木漏れ日	30013
木犀	30014
木目	30015
木石	30016
木苺	30017
木蔭	30018
木金	30019
木阿弥	30020
木靴	30021
未明	30022
未曽有	30023
未曾有	30024
未練	30025
未踏	30026
末広がり	30027
末弟	30028
末恐ろしい	30029
末日	30030
末法	30031
末筆	30032
末節	30033
末頼もしい	30034
本代	30035
本会	30036
本体	30037
本元	30038
本君	30039
本塁	30040
本尊	30041
本年	30042
本懐	30043
本教	30044
本数	30045
本月	30046
本毛	30047
本稿	30048
本管	30049
本職	30050
本膳	30051
本論	30052
本郷	30053
本館	30054
朱肉	30055
机上	30056
杉本	30057
李	30058
李下	30059
杏	30060
杏子	30061
村々	30062
村外れ	30063
村長	30064
杖道	30065
杜仲	30066
杞憂	30067
束の間	30068
条文	30069
来す	30070
来季	30071
来歴	30072
来社	30073
来航	30074
来院	30075
杭州	30076
東亜	30077
東加古川	30078
東名	30079
東向き	30080
東大寺	30081
東奔	30082
東急	30083
東映	30084
東経	30085
東芝	30086
東邦	30087
東電	30088
杳	30089
杵柄	30090
松下	30091
松川	30092
松明	30093
松野	30094
板チョコ	30095
板前	30096
板戸	30097
枇杷	30098
枚挙	30099
果	30100
果肉	30101
枝分かれ	30102
枝葉	30103
枝豆	30104
枡	30105
枢要	30106
枯らす	30107
枯れ枝	30108
枯木	30109
架す	30110
某氏	30111
染む	30112
染めれる	30113
染め上がり	30114
染物	30115
染葉	30116
柔	30117
柔らか	30118
柔らげる	30119
柔毛	30120
柱廊	30121
査べる	30122
査察	30123
査証	30124
栃木	30125
栄枯	30126
栄華	30127
栄転	30128
栗田	30129
校正	30130
校章	30131
校閲	30132
株券	30133
核酸	30134
根元	30135
根回し	30136
根城	30137
根差す	30138
根幹	30139
根底	30140
根比べ	30141
根絶	30142
根絶やし	30143
根菜	30144
格上げ	30145
格下げ	30146
格付け	30147
格子	30148
格幅	30149
桂子	30150
桃いろ	30151
桃太郎	30152
桐	30153
桜んぼ	30154
桜花	30155
桜貝	30156
桶	30157
桶屋	30158
梃子	30159
梅干	30160
梅村	30161
梅毒	30162
梅沢	30163
梟	30164
梨奈	30165
梳かす	30166
梳く	30167
棄却	30168
棋譜	30169
棍棒	30170
棒きれ	30171
棒切れ	30172
棒大	30173
棒引き	30174
棒読み	30175
棕櫚	30176
森田	30177
森羅	30178
棹立ち	30179
椅	30180
植え	30181
植林	30182
植栽	30183
植込み	30184
椎	30185
検便	30186
検挙	30187
検疫	30188
検眼	30189
検算	30190
検視	30191
椿	30192
楊枝	30193
楊貴	30194
楔形	30195
楢	30196
業主	30197
極み	30198
極めつけ	30199
極小	30200
極楽	30201
極致	30202
極論	30203
極限	30204
楷書	30205
楽い	30206
楽し	30207
楽ちん	30208
楽士	30209
楽曲	30210
楽章	30211
概説	30212
榊	30213
構え	30214
槌	30215
槍ヶ岳	30216
槍投げ	30217
様態	30218
槙	30219
模写	30220
模糊	30221
権謀	30222
横っちょ	30223
横付け	30224
横倒し	30225
横側	30226
横入り	30227
横幅	30228
横棒	30229
横槍	30230
横滑り	30231
横腹	30232
横行	30233
樹氷	30234
樹皮	30235
樽	30236
橋げた	30237
機制	30238
機動	30239
機数	30240
機織り	30241
機首	30242
櫛	30243
櫻	30244
欄干	30245
欠品	30246
欠損	30247
次いで	30248
次女	30249
次官	30250
次週	30251
欲す	30252
欺ける	30253
歌人	30254
歌唱	30255
歌姫	30256
歌曲	30257
歓心	30258
歓楽	30259
歓談	30260
止まり	30261
止み	30262
止むない	30263
止る	30264
止水	30265
止血	30266
正人	30267
正則	30268
正味	30269
正座	30270
正念	30271
正教	30272
正論	30273
正餐	30274
此の	30275
此方	30276
武勇	30277
武将	30278
武藤	30279
武雄	30280
歩き疲れ	30281
歩める	30282
歩兵	30283
歩哨	30284
歩留まり	30285
歪める	30286
歯がゆい	30287
歯ぐき	30288
歯切れ	30289
歯抜け	30290
歳下	30291
歴程	30292
歸る	30293
死にざま	30294
死力	30295
死活	30296
死滅	30297
死産	30298
死線	30299
殉職	30300
殊の外	30301
残り香	30302
残尿	30303
残暑	30304
残量	30305
残金	30306
残額	30307
殘	30308
殴打	30309
殺	30310
殺げる	30311
殺せる	30312
殺りく	30313
殺風景	30314
殿	30315
殿下	30316
毀す	30317
毀れる	30318
毀損	30319
母体	30320
母港	30321
母猫	30322
母系	30323
母鳥	30324
毎秋	30325
毎秒	30326
毎食	30327
毒々しい	30328
毒ヘビ	30329
毒殺	30330
毒蛇	30331
比べ物	30332
比肩	30333
毛づくろい	30334
毛なみ	30335
毛むくじゃら	30336
毛先	30337
毛唐	30338
毛筆	30339
毛羽立つ	30340
民放	30341
民法	30342
民生	30343
民謡	30344
気だて	30345
気づかう	30346
気どる	30347
気のどく	30348
気付かす	30349
気付き	30350
気位	30351
気勢	30352
気宇	30353
気安い	30354
気心	30355
気狂い	30356
気短か	30357
気色	30358
気軽い	30359
気道	30360
気配り	30361
気鋭	30362
気骨	30363
水かさ	30364
水こぼし	30365
水びたし	30366
水仕事	30367
水先	30368
水出し	30369
水圧	30370
水域	30371
水揚げ	30372
水晶	30373
水木	30374
水気	30375
水洗い	30376
水流	30377
水浴	30378
水深	30379
水溜	30380
水滴	30381
水爆	30382
水球	30383
水生	30384
水練	30385
水臭い	30386
水遊び	30387
水遣り	30388
水金	30389
水銀	30390
水風呂	30391
氷のう	30392
氷水	30393
氷結	30394
永らえる	30395
永年	30396
永田	30397
汀線	30398
汎	30399
汗まみれ	30400
汚	30401
汚し	30402
汚らしい	30403
汚れ落ち	30404
汚損	30405
汚水	30406
汚物	30407
江南	30408
江崎	30409
江本	30410
決まりごと	30411
決まり事	30412
決まり悪い	30413
決め	30414
決めれる	30415
決る	30416
決別	30417
決裁	30418
決裂	30419
沁む	30420
沈殿	30421
沈着	30422
沖合	30423
沙知代	30424
沙羅	30425
没	30426
没入	30427
沢庵	30428
沢田	30429
河原	30430
河岸	30431
河田	30432
河風	30433
河馬	30434
沸点	30435
油っこい	30436
油まみれ	30437
油井	30438
油揚げ	30439
油物	30440
油臭い	30441
治世	30442
治虫	30443
沼田	30444
沿線	30445
沿道	30446
泊まらす	30447
法る	30448
法令	30449
法務	30450
法衣	30451
法要	30452
法話	30453
泡だつ	30454
泡立ち	30455
泡立て	30456
泡風呂	30457
波乗り	30458
波動	30459
波打つ	30460
波止場	30461
泣かせ	30462
泣きぼくろ	30463
泣き面	30464
泥んこ遊び	30465
泥塗れ	30466
泥水	30467
泥風呂	30468
注入	30469
注油	30470
注視	30471
泪	30472
泰之	30473
泰平	30474
洋ナシ	30475
洋式	30476
洋楽	30477
洋洋	30478
洋風	30479
洋食	30480
洋館	30481
洒落	30482
洒落る	30483
洗いざらい	30484
洗礼	30485
津原	30486
津山	30487
津軽	30488
洩れる	30489
活き造り	30490
活ける	30491
活況	30492
流し読み	30493
流れい	30494
流氷	30495
流浪	30496
流石	30497
流言	30498
流麗	30499
浄化	30500
浄土	30501
浄閑	30502
浜松	30503
浣腸	30504
浦	30505
浦々	30506
浦和	30507
浦子	30508
浦島	30509
浦賀	30510
浪	30511
浪士	30512
浪漫	30513
浮かばれる	30514
浮きぼり	30515
浮き世	30516
浮き名	30517
浮き浮き	30518
浮き袋	30519
浮世	30520
浮力	30521
浴する	30522
海パン	30523
海兵	30524
海女	30525
海戦	30526
海流	30527
海浜	30528
海綿	30529
海舟	30530
海運	30531
海部	30532
海風	30533
海鮮	30534
浸ける	30535
消失	30536
涙ぐましい	30537
液性	30538
液状	30539
涵養	30540
涸れる	30541
涼やか	30542
涼宮	30543
淀む	30544
淋病	30545
淑子	30546
淡淡	30547
淡白	30548
淡路	30549
淨	30550
淫ら	30551
深入り	30552
深大	30553
深更	30554
深深	30555
深遠	30556
淵	30557
混じり	30558
混ぜ物	30559
混交	30560
混入	30561
混和	30562
混在	30563
混沌	30564
淺い	30565
添加	30566
清々しい	30567
清め	30568
清廉	30569
清張	30570
清濁	30571
清聴	30572
済ませる	30573
済済	30574
渓谷	30575
減じる	30576
減ずる	30577
減免	30578
減産	30579
減給	30580
減速	30581
渡り	30582
渡来	30583
渡航	30584
渡英	30585
渦巻き	30586
温とい	30587
温故	30588
測れる	30589
港内	30590
港市	30591
港湾	30592
渾身	30593
湊	30594
湖岸	30595
湖沼	30596
湘北	30597
湧水	30598
湯あか	30599
湯わかし	30600
湯切り	30601
湯呑み	30602
湯水	30603
湯飲み	30604
湾曲	30605
湿らす	30606
湿布	30607
満たせる	30608
満ち潮	30609
満州	30610
満床	30611
満座	30612
満更	30613
満杯	30614
満枝	30615
満潮	30616
満身	30617
源泉	30618
溜まり	30619
溜め息	30620
溜る	30621
溯る	30622
溲瓶	30623
溶融	30624
溶解	30625
溺れ死	30626
滅ぶ	30627
滅公	30628
滅法	30629
滅私	30630
滅裂	30631
滋賀	30632
滋養	30633
滑り	30634
滑車	30635
滝山	30636
滞留	30637
滞英	30638
滴下	30639
漁	30640
漁り	30641
漁村	30642
漁火	30643
漂白	30644
漏えい	30645
漏る	30646
漏出	30647
漏洩	30648
漏電	30649
演壇	30650
演芸	30651
演題	30652
漕げる	30653
漢文	30654
漢検	30655
漫然	30656
漸進	30657
潔し	30658
潜	30659
潜り	30660
潜伏	30661
潜望	30662
澄ませる	30663
激やせ	30664
激マズ	30665
激似	30666
激務	30667
激化	30668
激情	30669
激減	30670
激烈	30671
激甘	30672
濃いい	30673
濡れ	30674
濡れねずみ	30675
濡れ手	30676
濫用	30677
瀉	30678
灌漑	30679
火の手	30680
火の気	30681
火の玉	30682
火ばさみ	30683
火力	30684
火渡り	30685
火炎	30686
火種	30687
灯篭	30688
灰汁	30689
灼熱	30690
炉辺	30691
炊きたて	30692
炊ける	30693
炎熱	30694
炒めもの	30695
炒め物	30696
炒飯	30697
炬燵	30698
点す	30699
点在	30700
点差	30701
点火	30702
為め	30703
為る	30704
烈しい	30705
烈火	30706
烈風	30707
烏有	30708
焚き火	30709
焚書	30710
無償	30711
無勢	30712
無医	30713
無地	30714
無塩	30715
無形	30716
無恥	30717
無惨	30718
無期	30719
無様	30720
無機	30721
無欠	30722
無欲	30723
無比	30724
無洗	30725
無痛	30726
無稽	30727
無精	30728
無給	30729
無色	30730
無闇	30731
無闇矢鱈	30732
無電	30733
無駄口	30734
無駄話	30735
無駄足	30736
焦	30737
焦げくさい	30738
焦げ目	30739
焦らす	30740
焦り	30741
焦熱	30742
焦眉	30743
然し	30744
然り	30745
焼き芋	30746
焼け焦げ	30747
焼け野	30748
焼刃	30749
焼石	30750
煌く	30751
煎餅	30752
煙い	30753
煙る	30754
照り返し	30755
照美	30756
煩	30757
煩い	30758
煩悶	30759
煮	30760
煮え湯	30761
煮立ち	30762
煮込み	30763
煮魚	30764
煽ぐ	30765
煽てる	30766
煽り	30767
熊手	30768
熟	30769
熟慮	30770
熱力	30771
熱弁	30772
熱海	30773
熱源	30774
熱発	30775
熱血	30776
熱風	30777
熾烈	30778
燃やせる	30779
燈	30780
燒く	30781
燕	30782
燕尾	30783
燕魚	30784
燗	30785
燥く	30786
爆殺	30787
爆熱	30788
爆裂	30789
爆買い	30790
爪楊枝	30791
父娘	30792
片っ端	30793
片仮名	30794
片刃	30795
片割れ	30796
片寄る	30797
片端	30798
片耳	30799
片腹	30800
片膝	30801
片鱗	30802
版権	30803
版画	30804
牌	30805
牛耳る	30806
牛蒡	30807
牛車	30808
牝馬	30809
牡丹餅	30810
牡羊	30811
牡蛎	30812
牧	30813
牧野	30814
物まね	30815
物凄い	30816
物分り	30817
物別れ	30818
物取り	30819
物好き	30820
物差し	30821
物干し	30822
物怖じ	30823
物憂い	30824
物指し	30825
物狂い	30826
物産	30827
物色	30828
物見	30829
物語り	30830
物販	30831
物陰	30832
特	30833
特使	30834
特効	30835
特務	30836
特待	30837
特段	30838
特異	30839
特筆	30840
特級	30841
特集	30842
牽引	30843
犧牲	30844
犬歯	30845
犬猫	30846
犬猿	30847
犬臭い	30848
犬飼	30849
狂信	30850
狂犬	30851
狂詩	30852
狂風	30853
狐使い	30854
狡猾	30855
独	30856
独りよがり	30857
独り歩き	30858
独り言つ	30859
独唱	30860
独尊	30861
独眼	30862
独行	30863
独語	30864
独逸	30865
狭し	30866
狭心	30867
狭義	30868
狭間	30869
猛る	30870
猛然	30871
猜疑	30872
猟場	30873
猫かぶり	30874
猫なで	30875
猫型	30876
猫娘	30877
猫舌	30878
猫被り	30879
猫語	30880
献げる	30881
猿まね	30882
猿真似	30883
猿芝居	30884
獄舎	30885
獣姦	30886
獰悪	30887
玄孫	30888
玉ネギ	30889
玉屋	30890
玉条	30891
玉石	30892
玉虫	30893
王朝	30894
玲	30895
珈琲	30896
珍	30897
珍妙	30898
珠玉	30899
現わす	30900
現出	30901
現實	30902
現職	30903
球団	30904
球形	30905
球拾い	30906
理系	30907
理路	30908
琢磨	30909
琵琶	30910
瑕	30911
瑕疵	30912
瑠璃	30913
瑣事	30914
瑪瑙	30915
環状	30916
瓜	30917
瓢	30918
瓢箪	30919
瓦	30920
甘え	30921
甘酢	30922
甘露	30923
甚だしい	30924
生い立ち	30925
生え際	30926
生かせる	30927
生き	30928
生きざま	30929
生きれる	30930
生き埋め	30931
生き恥	30932
生き残り	30933
生き血	30934
生き餌	30935
生き馬	30936
生ごみ	30937
生なましい	30938
生まれ変わり	30939
生み	30940
生みたて	30941
生れ	30942
生協	30943
生噛り	30944
生彩	30945
生得	30946
生暖かい	30947
生殖	30948
生殺	30949
生温かい	30950
生焼け	30951
生煮え	30952
生牡蠣	30953
生皮	30954
生真面目	30955
生米	30956
生肉	30957
生麦	30958
産品	30959
産婆	30960
産後	30961
産毛	30962
産経	30963
用務	30964
用向き	30965
用地	30966
用済み	30967
田中前	30968
田村	30969
田森	30970
田植え	30971
田畑	30972
田舎びる	30973
田舎もん	30974
田舎町	30975
由利	30976
由実	30977
由希恵	30978
由紀	30979
由紀夫	30980
甲人	30981
甲子	30982
甲子園	30983
甲府	30984
申し合わせ	30985
申分	30986
男っ気	30987
男まさり	30988
男やもめ	30989
男心	30990
男物	30991
男盛り	30992
男装	30993
町はずれ	30994
町並み	30995
町名	30996
町外れ	30997
町民	30998
町田	30999
画する	31000
画一	31001
画壇	31002
画布	31003
画帳	31004
画材	31005
画策	31006
画集	31007
畏まる	31008
畏れる	31009
畏怖	31010
畑仕事	31011
留	31012
留り	31013
留る	31014
留美子	31015
留金	31016
畜牛	31017
畜類	31018
略図	31019
略称	31020
略記	31021
番人	31022
番屋	31023
番長	31024
異な	31025
異人	31026
異動	31027
異教	31028
異端	31029
異義	31030
異色	31031
異言	31032
異邦	31033
異音	31034
疑	31035
疑似	31036
疳	31037
疵	31038
病みつき	31039
病変	31040
病棟	31041
病歴	31042
病犬	31043
病理	31044
病相	31045
病魔	31046
症例	31047
痕	31048
痛く	31049
痛撃	31050
痛風	31051
痣	31052
痩せれる	31053
痰	31054
痴	31055
痴呆	31056
痴女	31057
瘦せっぽち	31058
療治	31059
癇癖	31060
癒し	31061
癖毛	31062
発がん	31063
発令	31064
発動	31065
発句	31066
発情	31067
発案	31068
発汗	31069
発火	31070
発破	31071
発給	31072
発話	31073
発起	31074
発足	31075
登別	31076
登板	31077
登極	31078
白々	31079
白む	31080
白ウサギ	31081
白ネギ	31082
白バラ	31083
白兎	31084
白刃	31085
白夜	31086
白山	31087
白波	31088
白湯	31089
白犬	31090
白目	31091
白眉	31092
白石	31093
白票	31094
白秋	31095
白組	31096
白線	31097
白羽	31098
白袴	31099
白雪	31100
白飯	31101
白骨	31102
白魚	31103
百二十	31104
百人力	31105
百八	31106
百合子	31107
百地	31108
百害	31109
百恵	31110
百戒	31111
百戦	31112
百歩	31113
百花	31114
皆人	31115
皆働	31116
皆実	31117
皆無	31118
皇位	31119
皇后	31120
皐月	31121
皮むき	31122
皮脂	31123
皮袋	31124
盂蘭盆	31125
益する	31126
益虫	31127
盗	31128
盗み癖	31129
盗める	31130
盗撮	31131
盛りつけ	31132
盛り場	31133
盛会	31134
盛田	31135
盛者	31136
盛衰	31137
盟約	31138
監査	31139
監獄	31140
目あて	31141
目がける	31142
目くそ	31143
目だし	31144
目つぶし	31145
目のあたり	31146
目の敵	31147
目の玉	31148
目まぐるしい	31149
目やに	31150
目元	31151
目押し	31152
目潰し	31153
目眩	31154
目蓋	31155
目視	31156
目途	31157
目通り	31158
目配せ	31159
目頭	31160
目鷹	31161
目黒	31162
目鼻	31163
盲信	31164
盲点	31165
直下	31166
直人	31167
直向き	31168
直帰	31169
直情	31170
直球	31171
直紀	31172
直結	31173
直言	31174
直進	31175
相伝	31176
相似	31177
相関	31178
省みる	31179
省吾	31180
眈々	31181
眉間	31182
看る	31183
看守	31184
県営	31185
県民	31186
県花	31187
県道	31188
眞理	31189
真っ白い	31190
真っ赤っか	31191
真ん丸	31192
真下	31193
真似事	31194
真北	31195
真向い	31196
真喜	31197
真子	31198
真帆	31199
真後ろ	31200
真昼	31201
真東	31202
真正	31203
真水	31204
真理花	31205
真田	31206
真由	31207
真由子	31208
真直ぐ	31209
真砂	31210
真綿	31211
真贋	31212
真黒	31213
眦	31214
眩い	31215
眼底	31216
眼界	31217
着せ替え	31218
着倒れ	31219
着工	31220
着席	31221
着映え	31222
着服	31223
着痩せ	31224
着眼	31225
督促	31226
睨み	31227
瞋	31228
瞥見	31229
瞬き	31230
瞬時	31231
瞳孔	31232
矍鑠	31233
矛先	31234
矢内	31235
矢継ぎ	31236
知之	31237
知新	31238
知見	31239
短剣	31240
短篇	31241
短絡	31242
短評	31243
短調	31244
短足	31245
石像	31246
石動	31247
石柱	31248
石灰	31249
石田	31250
石畳	31251
石碑	31252
石組み	31253
石造	31254
石鹼	31255
砂上	31256
砂利道	31257
砂肝	31258
砂金	31259
研く	31260
研磨	31261
砲丸	31262
砲弾	31263
砲撃	31264
破	31265
破傷	31266
破傷風	31267
破廉恥	31268
破目	31269
破竹	31270
破算	31271
硝子	31272
硬	31273
硬水	31274
磁	31275
磔	31276
磯田	31277
磯野	31278
礼服	31279
礼砲	31280
社債	31281
社則	31282
社務	31283
社命	31284
社外	31285
社宅	31286
社用	31287
社販	31288
祈祷	31289
祓い	31290
祓う	31291
祖	31292
祝典	31293
祝杯	31294
祝辞	31295
神代	31296
神光	31297
神在	31298
神意	31299
神明	31300
神業	31301
神武	31302
神無月	31303
神父	31304
神獣	31305
神神	31306
神託	31307
神輿	31308
神頼み	31309
祟る	31310
票数	31311
票決	31312
祭典	31313
禁じ手	31314
禁制	31315
禁忌	31316
禁欲	31317
禁猟	31318
禅僧	31319
禍害	31320
禍福	31321
福引き	31322
福来	31323
福沢	31324
福神	31325
福耳	31326
福袋	31327
福音	31328
禮	31329
秀でる	31330
秀麗	31331
私利	31332
私心	31333
私有	31334
私服	31335
私欲	31336
私生	31337
私腹	31338
私見	31339
私語	31340
私費	31341
秋刀魚	31342
秋晴れ	31343
秋良	31344
科料	31345
秒読み	31346
秒間	31347
秘か	31348
秘策	31349
秤	31350
移り気	31351
移れる	31352
移ろい	31353
稀少	31354
程々	31355
税別	31356
税収	31357
税率	31358
稚魚	31359
種牛	31360
種種	31361
稲刈り	31362
稻葉	31363
稼動	31364
穂	31365
穂木	31366
積み重ね	31367
積める	31368
積年	31369
積荷	31370
穏健	31371
穏当	31372
穢す	31373
穢れる	31374
穣崇	31375
穴開け	31376
空きっ腹	31377
空き箱	31378
空る	31379
空冷	31380
空即	31381
空咳	31382
空地	31383
空室	31384
空巣	31385
空文	31386
空洞	31387
空海	31388
空理	31389
空瓶	31390
空砲	31391
空箱	31392
空缶	31393
空襲	31394
空言	31395
空車	31396
空輸	31397
突き	31398
突き出し	31399
突っけんどん	31400
突っつく	31401
突貫	31402
突飛	31403
窄める	31404
窓ぎわ	31405
窓辺	31406
窟	31407
窪み	31408
窪む	31409
窮鳥	31410
立ちくらみ	31411
立ちづめ	31412
立ち振る舞い	31413
立ち消え	31414
立ち直り	31415
立つ瀬	31416
立て板	31417
立件	31418
立入り	31419
立地	31420
立山	31421
立方	31422
立秋	31423
立聞き	31424
立花	31425
立見	31426
立食	31427
竜也	31428
章典	31429
章良	31430
童顔	31431
竪琴	31432
端切れ	31433
端午	31434
端子	31435
端役	31436
端折る	31437
端書き	31438
端金	31439
競泳	31440
竹かご	31441
竹内	31442
竹刀	31443
竹取	31444
竹炭	31445
竹製	31446
竹馬	31447
竿	31448
笑む	31449
笑気	31450
笑窪	31451
笑納	31452
笑覧	31453
笛吹き	31454
笞	31455
笠雲	31456
第一線	31457
筆まめ	31458
筆使い	31459
筆写	31460
筆墨	31461
筆書き	31462
等価	31463
等式	31464
等質	31465
筋書き	31466
筋腫	31467
筋骨	31468
筏	31469
筑波	31470
筑紫	31471
筒抜け	31472
答えれる	31473
答弁	31474
答申	31475
策動	31476
筵	31477
箇月	31478
箒	31479
箔	31480
算定	31481
管内	31482
箱舟	31483
箱詰め	31484
箸先	31485
節々	31486
節分	31487
節回し	31488
節度	31489
節減	31490
節用	31491
節目	31492
篇	31493
築ける	31494
篠田	31495
簡	31496
簡便	31497
簡明	31498
簡約	31499
米中	31500
米人	31501
米俵	31502
米粒	31503
米貨	31504
米酢	31505
粉砂糖	31506
粉雪	31507
粒より	31508
粗悪	31509
粗探し	31510
粗熱	31511
粗相	31512
粗筋	31513
粗衣	31514
粗雑	31515
粗鬆	31516
粘り	31517
粘り強い	31518
粘度	31519
粘液	31520
粘着	31521
粛然	31522
粟	31523
粟立つ	31524
精彩	31525
精根	31526
精白	31527
精製	31528
精鋭	31529
精霊	31530
精髄	31531
糖	31532
糖菓	31533
糖質	31534
糞尿	31535
糠	31536
糠喜び	31537
糧食	31538
糸車	31539
系図	31540
糾う	31541
糾す	31542
紀子	31543
紀行	31544
約数	31545
約款	31546
紅一点	31547
紅白	31548
紋章	31549
紐付き	31550
紐付け	31551
純一郎	31552
純情	31553
純愛	31554
純正	31555
純毛	31556
純米	31557
紗美	31558
紙くず	31559
紙やすり	31560
紙巻	31561
紙背	31562
紙製	31563
紛う	31564
紛らわせる	31565
素因	31566
素気ない	31567
素行	31568
素裸	31569
索引	31570
紫式部	31571
紫芋	31572
紫陽花	31573
累積	31574
累計	31575
細やか	31576
細細	31577
紺屋	31578
紺碧	31579
終う	31580
終り	31581
終わり値	31582
終値	31583
終局	31584
終演	31585
組する	31586
組ます	31587
組み手	31588
組長	31589
経団連	31590
結びつき	31591
結愛	31592
結社	31593
結美	31594
結跏	31595
結集	31596
結露	31597
絞り	31598
絡み	31599
絡める	31600
給紙	31601
統べる	31602
統括	31603
統率	31604
統語	31605
絵描き	31606
絵書き	31607
絵柄	31608
絵馬	31609
絶え絶え	31610
絶倒	31611
絶句	31612
絶後	31613
絶海	31614
絶縁	31615
絶間	31616
絶飲食	31617
絹物	31618
絹製	31619
継ぎ目	31620
継父	31621
続	31622
続けざま	31623
続投	31624
続柄	31625
維新	31626
網戸	31627
網棚	31628
網膜	31629
綴り字	31630
綾	31631
綾乃	31632
綿入	31633
綿毛	31634
綿畑	31635
綿菓子	31636
緊縛	31637
総じて	31638
総て	31639
総スカン	31640
総力	31641
総和	31642
総員	31643
総画	31644
総省	31645
総裁	31646
総身	31647
総轄	31648
緑化	31649
緑黄	31650
緒方	31651
線量	31652
締め	31653
締めれる	31654
締め日	31655
締切り	31656
編み込み	31657
編纂	31658
緩急	31659
緩慢	31660
練り粉	31661
練達	31662
縁側	31663
縁組	31664
縁結び	31665
縁談	31666
縄張り	31667
縛り首	31668
縞柄	31669
縦長	31670
縫物	31671
縮める	31672
縮れる	31673
縮瞳	31674
繁み	31675
繁体	31676
繁昌	31677
繁茂	31678
繋ぎ	31679
繋げる	31680
繕い	31681
繭	31682
繰り	31683
繻子	31684
纏う	31685
纏わる	31686
罪ほろぼし	31687
罪業	31688
罪滅ぼし	31689
罪状	31690
置いてきぼり	31691
置いてけぼり	31692
置きざり	31693
置き傘	31694
置き場	31695
置き引き	31696
置る	31697
置物	31698
罰当たり	31699
署長	31700
罵詈	31701
罷免	31702
罹患	31703
罹災	31704
羅列	31705
羅紗	31706
羊肉	31707
美し	31708
美しくも	31709
美代子	31710
美和子	31711
美國	31712
美土里	31713
美奈子	31714
美由	31715
美由紀	31716
美禰子	31717
美羽	31718
美質	31719
美雪	31720
美食	31721
群生	31722
群馬	31723
羨む	31724
義妹	31725
義父	31726
義軍	31727
羹	31728
羽ばたき	31729
羽化	31730
羽子板	31731
羽根突き	31732
習える	31733
習わせる	31734
習熟	31735
翔ける	31736
翠	31737
翳	31738
翳る	31739
翻る	31740
翻案	31741
老いらく	31742
老巧	31743
老成	31744
老木	31745
老朽	31746
老母	31747
老父	31748
老練	31749
考えごと	31750
考へる	31751
耐	31752
耐寒	31753
耐性	31754
耐火	31755
耐震	31756
耕運	31757
耳ざわり	31758
耳より	31759
耳垢	31760
耳慣れる	31761
耳抜き	31762
耳栓	31763
聞	31764
聞き方	31765
聞き込み	31766
聞こえ	31767
聡い	31768
聲	31769
聳	31770
聴こえる	31771
聴取	31772
聴診	31773
聴講	31774
職歴	31775
職責	31776
聾者	31777
肉付き	31778
肉厚	31779
肉太	31780
肉汁	31781
肉筆	31782
肉薄	31783
肌あれ	31784
肌理	31785
肌触り	31786
肌身	31787
肖る	31788
肝油	31789
肝胆	31790
肝試し	31791
股間	31792
肢体	31793
肥やす	31794
肥厚	31795
肩ごし	31796
肩口	31797
肩身	31798
肩車	31799
肱	31800
育ち盛り	31801
肴	31802
肺癌	31803
胃の腑	31804
胃癌	31805
胃酸	31806
胆のう	31807
胆力	31808
胆石	31809
背おう	31810
背信	31811
背水	31812
背理	31813
胎	31814
胎児	31815
胎内	31816
胎動	31817
胡蝶蘭	31818
胴	31819
胴衣	31820
胸くそ	31821
胸やけ	31822
胸キュン	31823
胸元	31824
胸板	31825
胸焼け	31826
胸筋	31827
胸騒ぎ	31828
能天気	31829
能書き	31830
能楽	31831
能面	31832
脂身	31833
脆い	31834
脆弱	31835
脇息	31836
脇見	31837
脇道	31838
脈打つ	31839
脚韻	31840
脛	31841
脱ぎ着	31842
脱サラ	31843
脱兎	31844
脱法	31845
脱皮	31846
脱糞	31847
脱脂	31848
脱臼	31849
脱色	31850
脱落	31851
脳内	31852
脾臓	31853
腎	31854
腐り	31855
腐れる	31856
腐れ縁	31857
腐植	31858
腕ずく	31859
腫れ物	31860
腰巻	31861
腰振り	31862
腱	31863
腱炎	31864
腱鞘	31865
腹いせ	31866
腹ばい	31867
腹ばう	31868
腹積もり	31869
腹立ち	31870
腹立てる	31871
腹背	31872
腹蔵	31873
腹這い	31874
腹部	31875
腿	31876
膜	31877
膝丈	31878
膝上	31879
膝蓋	31880
膝頭	31881
膨らし粉	31882
膨らす	31883
膨らます	31884
膵臓	31885
膾	31886
膿む	31887
臆測	31888
臆面	31889
臓	31890
臓物	31891
臥薪	31892
臨床	31893
自他	31894
自供	31895
自働	31896
自前	31897
自叙	31898
自嘲	31899
自律	31900
自滅	31901
自爆	31902
自生	31903
自給	31904
自若	31905
自認	31906
自費	31907
自足	31908
自軍	31909
自適	31910
臭気	31911
至	31912
至上	31913
至善	31914
至当	31915
至言	31916
至難	31917
興じる	31918
興ずる	31919
興る	31920
興隆	31921
舌ざわり	31922
舌鼓	31923
舗道	31924
舛添	31925
舞姫	31926
舞子	31927
舞曲	31928
舞踊	31929
般若	31930
船中	31931
船主	31932
船内	31933
船底	31934
船田	31935
船級	31936
船首	31937
艇身	31938
艇長	31939
艦隊	31940
良し悪し	31941
良一	31942
良俗	31943
良品	31944
良性	31945
良樹	31946
良貨	31947
良雄	31948
色よい	31949
色仕掛け	31950
色分け	31951
色刷り	31952
色即	31953
色差し	31954
色悪	31955
色物	31956
色素	31957
色艶	31958
色調	31959
色香	31960
艶やか	31961
花乃	31962
花会	31963
花園	31964
花形	31965
花環	31966
花祭り	31967
花道	31968
花鳥	31969
芳しい	31970
芳子	31971
芳樹	31972
芳田	31973
芳男	31974
芳華	31975
芳香	31976
芸道	31977
芸風	31978
苛立たしい	31979
苛立ち	31980
苛酷	31981
若作り	31982
若木	31983
若畑	31984
若菜	31985
若造	31986
苦々しい	31987
苦味	31988
苦悶	31989
苦慮	31990
苦楽	31991
苦渋	31992
苦笑い	31993
苦肉	31994
苫屋	31995
英二	31996
英仏	31997
英吉利	31998
英学	31999
英米	32000
英英	32001
茂平	32002
茂雄	32003
茅葺き	32004
茉奈	32005
茜	32006
茶せん	32007
茶っぱ	32008
茶づけ	32009
茶の湯	32010
茶の間	32011
茶わん	32012
茶摘み	32013
茶柱	32014
茶漬け	32015
茶目	32016
茶葉	32017
茶請け	32018
茶飲み	32019
茶魔	32020
茸	32021
荀子	32022
草むら	32023
草分け	32024
草取り	32025
草履	32026
草彅	32027
草抜き	32028
草本	32029
草稿	32030
草草	32031
荒くれる	32032
荒す	32033
荒む	32034
荒る	32035
荒れ	32036
荒唐	32037
荒天	32038
荒海	32039
荒涼	32040
荷作り	32041
荷担	32042
荷降ろし	32043
荻窪	32044
莉	32045
莟	32046
莫迦莫迦しい	32047
莫連	32048
菖蒲	32049
菜々	32050
菜っ葉	32051
菜種	32052
菩提樹	32053
菫	32054
華子	32055
華美	32056
菱形	32057
萌芽	32058
萎縮	32059
萩原	32060
萩野町	32061
落ちこぼれ	32062
落とし所	32063
落とせる	32064
落伍	32065
落度	32066
落成	32067
落花	32068
落語	32069
落馬	32070
葉子	32071
葉山	32072
葉桜	32073
葛西	32074
葡	32075
葬	32076
葬る	32077
蒙る	32078
蒟蒻	32079
蒲団	32080
蒲焼き	32081
蓄熱	32082
蓄膿	32083
蓄音	32084
蓼	32085
蔑む	32086
蔑ろ	32087
蔑視	32088
蕎麦	32089
蕩ける	32090
薄のろ	32091
薄幸	32092
薄情	32093
薄月	32094
薄氷	32095
薄汚い	32096
薄汚れる	32097
薄笑う	32098
薄紅	32099
薄給	32100
薙刀	32101
薩摩芋	32102
薬効	32103
薬学	32104
薬箱	32105
藍	32106
藍染め	32107
藤	32108
藤原	32109
藤村	32110
藤棚	32111
藤田	32112
藪の中	32113
藻	32114
藻掻く	32115
蘆	32116
蘇る	32117
蘭	32118
虎の巻	32119
虎次郎	32120
虎皮	32121
虎視	32122
虚勢	32123
虚空	32124
虚虚	32125
虫よけ	32126
虫垂	32127
虫干し	32128
虻	32129
蚊取り	32130
蚤の市	32131
蛋白	32132
蛤	32133
蛮カラ	32134
蜂起	32135
蜥蜴	32136
蜻蛉	32137
蝕む	32138
蝶番	32139
蝶結び	32140
蝸牛	32141
蠍	32142
蠢く	32143
蠱惑	32144
血なまぐさい	32145
血中	32146
血便	32147
血判	32148
血尿	32149
血族	32150
血流	32151
血痕	32152
血統	32153
血色	32154
血行	32155
血迷う	32156
衆	32157
衆寡	32158
衆院	32159
行きずり	32160
行き場	32161
行き当り	32162
行き道	32163
行く末	32164
行ずる	32165
行ない	32166
行員	32167
行木	32168
行水	32169
行爲	32170
行者	32171
行路	32172
行軍	32173
術中	32174
術師	32175
術策	32176
街外れ	32177
衣食	32178
表する	32179
表わせる	32180
表われる	32181
表出	32182
表向き	32183
表土	32184
表意	32185
表札	32186
衰勢	32187
衰微	32188
衷	32189
袋小路	32190
袖なし	32191
被せる	32192
被写	32193
被子	32194
被毛	32195
被爆	32196
被食	32197
袱紗	32198
裁つ	32199
裁てる	32200
裁断	32201
裁決	32202
装	32203
装い	32204
装弾	32205
裏づけ	32206
裏付ける	32207
裏向き	32208
裏声	32209
裏戸	32210
裏書き	32211
裏町	32212
裏返す	32213
裏返る	32214
裏通り	32215
裏金	32216
裕美	32217
補える	32218
補修	32219
補正	32220
補習	32221
補聴	32222
裸眼	32223
製法	32224
製粉	32225
製糖	32226
製薬	32227
複	32228
襟巻き	32229
襦袢	32230
襷	32231
西園寺	32232
西岡	32233
西方	32234
西英	32235
西走	32236
西遊	32237
西高	32238
要撃	32239
要旨	32240
覆る	32241
覇気	32242
見え	32243
見こみ	32244
見せしめ	32245
見せ所	32246
見せ掛け	32247
見てくれ	32248
見どり	32249
見なせる	32250
見もの	32251
見做す	32252
見劣り	32253
見取り	32254
見得	32255
見栄え	32256
見栄っ張り	32257
見目	32258
見積る	32259
見習い	32260
見聞き	32261
見込	32262
見返り	32263
視床	32264
覚せい	32265
親分	32266
親身	32267
親近	32268
観劇	32269
観葉	32270
角柱	32271
角質	32272
角隠し	32273
解法	32274
解熱	32275
触り	32276
触れ	32277
言いぐさ	32278
言い値	32279
言い換え	32280
言い直し	32281
言付け	32282
言伝	32283
言葉少な	32284
言葉尻	32285
言葉数	32286
言葉遊び	32287
言説	32288
言霊	32289
計り	32290
計れる	32291
計器	32292
訓令	32293
訓導	32294
訓戒	32295
訓示	32296
訓詁	32297
記名	32298
訥々	32299
設営	32300
許嫁	32301
許諾	32302
訳あり	32303
訳する	32304
訳注	32305
訳者	32306
訳読	32307
証印	32308
証左	32309
詐称	32310
評定	32311
詠唱	32312
詣	32313
詣で	32314
詣でる	32315
詣り	32316
詣る	32317
試	32318
試る	32319
試乗	32320
試作	32321
試掘	32322
試金	32323
試飲	32324
詩篇	32325
詰め合わせ	32326
詰め物	32327
詰め腹	32328
詰め込み	32329
話術	32330
詳らか	32331
誉め言葉	32332
認	32333
誓子	32334
誘える	32335
誘く	32336
誘蛾	32337
語らう	32338
語り	32339
語り口	32340
語り草	32341
語弊	32342
語感	32343
語気	32344
語用	32345
語義	32346
誠心	32347
誤らす	32348
誤爆	32349
誤算	32350
誤記	32351
誤診	32352
読み合わせ	32353
読み聞かせ	32354
読了	32355
読解	32356
読話	32357
誰彼	32358
調停	32359
調剤	32360
調度	32361
談笑	32362
談義	32363
請け合い	32364
請負	32365
論う	32366
論戦	32367
論拠	32368
論陣	32369
諜報	32370
諤々	32371
諤諤	32372
諭す	32373
諭吉	32374
諮問	32375
諸人	32376
諸宗	32377
諸神	32378
諸般	32379
諸語	32380
謀議	32381
謁見	32382
謎かけ	32383
謙	32384
講評	32385
講談社	32386
謝恩	32387
謝意	32388
謹聴	32389
證	32390
警句	32391
警棒	32392
警部	32393
譬へ	32394
譲	32395
譲れる	32396
護る	32397
護教	32398
讃める	32399
谷崎	32400
谷川	32401
谷沿い	32402
豊島	32403
豊漁	32404
豊田	32405
豊能	32406
豚汁	32407
豚箱	32408
象る	32409
象牙	32410
豪	32411
豪勢	32412
貞子	32413
貞潔	32414
負かせる	32415
負ぶう	32416
財力	32417
財源	32418
財界	32419
財閥	32420
貢ぐ	32421
貧する	32422
貧富	32423
貧相	32424
貧窮	32425
貧者	32426
販促	32427
貪る	32428
貰い物	32429
貰る	32430
貴い	32431
貴下	32432
貴乃花	32433
貴国	32434
貴士	32435
貴男	32436
貴船	32437
貴賎	32438
買い付け	32439
買い換え	32440
買い支え	32441
買い時	32442
買取	32443
貸し切り	32444
貸し手	32445
貸し渋り	32446
貸与	32447
貸金	32448
賃	32449
賃借り	32450
賄う	32451
賊軍	32452
賑わす	32453
賤民	32454
質屋	32455
質感	32456
賭	32457
賭け金	32458
賺す	32459
贈収賄	32460
贈物	32461
贋	32462
贋物	32463
贖罪	32464
赤っ恥	32465
赤らむ	32466
赤ら顔	32467
赤バラ	32468
赤土	32469
赤城	32470
赤帽	32471
赤恥	32472
赤旗	32473
赤木	32474
赤球	32475
赤白	32476
赤米	32477
赤紙	32478
赤紫	32479
赤組	32480
赤色	32481
赤茶	32482
赤裸々	32483
赤貧	32484
赤門	32485
赤青	32486
赤飯	32487
赧い	32488
走り書き	32489
赴任	32490
起き抜け	32491
起こり	32492
起つ	32493
起死	32494
起用	32495
超然	32496
超訳	32497
超越	32498
越え	32499
越せる	32500
越後	32501
越権	32502
趣き	32503
趨勢	32504
足あと	32505
足かせ	32506
足どり	32507
足もと	32508
足並み	32509
足代	32510
足先	32511
足回り	32512
足掻く	32513
足止め	32514
足腰	32515
足袋	32516
趺坐	32517
跆拳	32518
跋扈	32519
跫音	32520
跳躍	32521
踏	32522
踏まえる	32523
踏ん切り	32524
踏台	32525
踏襲	32526
躊躇う	32527
躍らす	32528
躍如	32529
身じろぎ	32530
身だしなみ	32531
身の代	32532
身の程	32533
身ぶるい	32534
身命	32535
身心	32536
身投げ	32537
身柄	32538
身罷る	32539
身軽	32540
身銭	32541
身頃	32542
軈て	32543
車上	32544
車体	32545
車室	32546
車検	32547
車種	32548
車窓	32549
車軸	32550
車載	32551
車道	32552
軋む	32553
軋轢	32554
軍医	32555
軍団	32556
軍手	32557
軍曹	32558
軍楽	32559
軍用	32560
軒下	32561
軒並み	32562
軒高	32563
軟水	32564
軟禁	32565
転	32566
転び	32567
転居	32568
転用	32569
転移	32570
転身	32571
転部	32572
転院	32573
軽そう	32574
軽口	32575
軽度	32576
軽微	32577
軽減	32578
軽石	32579
軽薄	32580
軽量	32581
輝かす	32582
輩	32583
輪っか	32584
輪切り	32585
轟々	32586
轟き	32587
辛子	32588
辛苦	32589
辞去	32590
辰雄	32591
辱い	32592
農奴	32593
農耕	32594
辷る	32595
辻褄	32596
込ます	32597
込もる	32598
迂濶	32599
迂闊	32600
迎合	32601
迎撃	32602
近刊	32603
近医	32604
近接	32605
近東	32606
近畿	32607
近縁	32608
近著	32609
近藤	32610
近衛	32611
返り血	32612
返上	32613
返報	32614
返本	32615
返球	32616
返礼	32617
迫力	32618
述	32619
述部	32620
迷ひ	32621
迷宮	32622
追	32623
追い剥ぎ	32624
追い越し	32625
追い風	32626
追っかけ	32627
追っ手	32628
追伸	32629
追従	32630
追究	32631
退かす	32632
退去	32633
退官	32634
退廃	32635
退行	32636
退路	32637
退避	32638
退陣	32639
送り状	32640
送り迎え	32641
送受信	32642
送話	32643
逃げ場	32644
逃げ腰	32645
逆なで	32646
逆らえる	32647
逆上がり	32648
逆夢	32649
逆子	32650
逆恨み	32651
逆手	32652
逆撫で	32653
逆玉	32654
逆行	32655
逆走	32656
逐一	32657
途	32658
途絶える	32659
這える	32660
通い妻	32661
通せんぼ	32662
通せん坊	32663
通りがかり	32664
通り抜け	32665
通り掛かり	32666
通り言葉	32667
通り魔	32668
通告	32669
通夜	32670
通年	32671
通弊	32672
通気	32673
通称	32674
逝去	32675
速	32676
速まる	32677
速読	32678
造園	32679
造幣	32680
造形	32681
造成	32682
造詣	32683
逢瀬	32684
連れ合い	32685
連れ込み	32686
連年	32687
連弾	32688
連戦	32689
連星	32690
連発	32691
連覇	32692
連隊	32693
週日	32694
進ぜる	32695
進物	32696
進軍	32697
逸品	32698
逸早く	32699
逸見	32700
遅番	32701
遅霜	32702
遊び人	32703
遊び好き	32704
遊び心	32705
遊学	32706
遊山	32707
遊弋	32708
遊覧	32709
遊説	32710
運まかせ	32711
運休	32712
運勢	32713
運搬	32714
運試し	32715
運輸	32716
過す	32717
過分	32718
過多	32719
過密	32720
過当	32721
過渡	32722
過疎	32723
過越	32724
過食	32725
道すがら	32726
道傍	32727
道幅	32728
道教	32729
道沿い	32730
達也	32731
遜色	32732
遠々	32733
遠山	32734
遠心	32735
遠景	32736
遠洋	32737
遠浅	32738
遠海	32739
遠火	32740
遠見	32741
遠視	32742
遠近	32743
遠近法	32744
遣い	32745
遣り場	32746
遣り甲斐	32747
遥	32748
適宜	32749
適性	32750
適格	32751
適者	32752
適齢	32753
選り抜き	32754
選任	32755
選対	32756
選抜	32757
選曲	32758
選集	32759
遺品	32760
遺志	32761
遺恨	32762
遺灰	32763
遺物	32764
遺骨	32765
避けれる	32766
避雷	32767
還元	32768
那覇	32769
邦人	32770
邦彦	32771
邦貨	32772
邪道	32773
部内	32774
部落	32775
部類	32776
郷土	32777
都内	32778
都道府県名	32779
配属	32780
配点	32781
酒くさい	32782
酒杯	32783
酒癖	32784
酒盛り	32785
酒税	32786
酒臭い	32787
酒造	32788
酒量	32789
酔	32790
酔態	32791
酢の物	32792
酢酸	32793
酪農	32794
酬う	32795
酵素	32796
酷寒	32797
酷暑	32798
酷評	32799
酸欠	32800
醉	32801
醍醐	32802
醜女	32803
醜男	32804
醸す	32805
醸造	32806
采配	32807
釈然	32808
里奈	32809
里香	32810
重々	32811
重々しい	32812
重ね着	32813
重ね重ね	32814
重体	32815
重厚	32816
重奏	32817
重婚	32818
重版	32819
重箱	32820
重篤	32821
重罰	32822
重軽傷	32823
野ねずみ	32824
野バラ	32825
野原中	32826
野垂れ死に	32827
野手	32828
野暮ったい	32829
野村	32830
野次	32831
野沢	32832
野火	32833
野田	32834
野良猫	32835
野花	32836
野苺	32837
野茂	32838
量産	32839
量的	32840
金ぞく	32841
金ぴか	32842
金もち	32843
金出	32844
金型	32845
金塊	32846
金持	32847
金時豆	32848
金木犀	32849
金玉	32850
金環	32851
金目	32852
金科	32853
金箔	32854
金縛り	32855
金衡	32856
金食い	32857
釜	32858
釜めし	32859
針小	32860
針穴	32861
針葉	32862
釣り人	32863
釣り師	32864
釣り銭	32865
釣果	32866
釣瓶	32867
釣瓶落とし	32868
釣竿	32869
鈍らす	32870
鈍痛	32871
鈍行	32872
鈴鹿	32873
鉄分	32874
鉄壁	32875
鉄棒	32876
鉄片	32877
鉄筋	32878
鉄腕	32879
鉄鎖	32880
鉤	32881
鉦	32882
鉱	32883
鉱業	32884
鉱産	32885
鉾	32886
銀歯	32887
銀狐	32888
銀髪	32889
銃火	32890
銅貨	32891
銘じる	32892
銭失い	32893
鋳型	32894
鋳物	32895
鋸	32896
鋼材	32897
鋼製	32898
錚々	32899
錠前	32900
錫	32901
錬る	32902
錬磨	32903
鍋底	32904
鍋物	32905
鍛え	32906
鍛錬	32907
鍵あけ	32908
鍵っ子	32909
鍵束	32910
鎌	32911
鎖国	32912
鎮まる	32913
長ける	32914
長じる	32915
長びく	32916
長久	32917
長井	32918
長命	32919
長嶋	32920
長机	32921
長煩い	32922
長篇	32923
長良川	32924
長足	32925
門前	32926
門地	32927
門柱	32928
門田	32929
閂	32930
閃き	32931
閃く	32932
閃光	32933
閉園	32934
閉山	32935
閉校	32936
閉門	32937
開らける	32938
開る	32939
開塾	32940
開墾	32941
開廷	32942
開港	32943
開祖	32944
開門	32945
開音	32946
閏年	32947
閑	32948
閑職	32949
間事	32950
間借り	32951
間取り	32952
間口	32953
間合い	32954
間断	32955
間欠	32956
間長	32957
関る	32958
関口	32959
関羽	32960
関門	32961
閣議	32962
閲する	32963
閻浮	32964
闇金	32965
闊歩	32966
防塵	32967
防寒	32968
防戦	32969
防毒	32970
防波	32971
防虫	32972
防除	32973
阿婆擦れ	32974
阿寒	32975
阿蘇	32976
阿賀野	32977
阿部	32978
阿鼻	32979
附	32980
附く	32981
降り口	32982
院政	32983
院生	32984
陣取る	32985
除夜	32986
除染	32987
除籍	32988
除菌	32989
除隊	32990
陰うつ	32991
陰徳	32992
陰翳	32993
陰茎	32994
陰陽	32995
陳腐	32996
陶冶	32997
陶片	32998
陶磁器	32999
陸生	33000
陽だまり	33001
陽報	33002
隅田川	33003
隆昌	33004
隆盛	33005
隆起	33006
隆鼻	33007
隈	33008
隋	33009
随一	33010
随伴	33011
随想	33012
隔世	33013
隔靴	33014
際だつ	33015
隠	33016
隠しだて	33017
隠し扉	33018
隠ぺい	33019
隠れ	33020
隠れ場	33021
隠喩	33022
隠居	33023
隠者	33024
隣り	33025
隣り合わせ	33026
隣家	33027
隷属	33028
隷従	33029
隼	33030
雀蜂	33031
雄々しい	33032
雄視	33033
雄鶏	33034
雅び	33035
雅子	33036
雅弘	33037
集まれる	33038
集る	33039
集積	33040
集配	33041
雇い	33042
雇い人	33043
雉子	33044
雌猫	33045
雌豚	33046
雌鶏	33047
雑務	33048
雑多	33049
雑然	33050
雑食	33051
雑魚	33052
雙樹	33053
雛菊	33054
離れ技	33055
離れ業	33056
離別	33057
離着陸	33058
難易	33059
難産	33060
難癖	33061
難行	33062
難読	33063
雨あし	33064
雨あられ	33065
雨ざらし	33066
雨やどり	33067
雨ガッパ	33068
雨乞い	33069
雨傘	33070
雨垂れ	33071
雨女	33072
雨期	33073
雨樋	33074
雨読	33075
雪おろし	33076
雪名	33077
雪山	33078
雪折れ	33079
雪片	33080
雪白	33081
雪祭り	33082
雪花	33083
雪辱	33084
雪遊び	33085
雪降り	33086
雲仙	33087
雲散	33088
雲海	33089
雲隠れ	33090
零れ	33091
雷雲	33092
電	33093
電圧	33094
電場	33095
電撃	33096
電機	33097
電燈	33098
電算	33099
電解	33100
震え	33101
震盪	33102
霊力	33103
霊安	33104
霍乱	33105
霜降り	33106
霧中	33107
霧消	33108
霧笛	33109
霧雨	33110
露伴	33111
露天	33112
露店	33113
靈	33114
青む	33115
青写真	33116
青山	33117
青息	33118
青梅	33119
青河	33120
青田	33121
青痣	33122
青筋	33123
静	33124
静まり	33125
静子	33126
静穏	33127
静置	33128
靜子	33129
非々	33130
非情	33131
非才	33132
非核	33133
非業	33134
非道	33135
面体	33136
面倒臭い	33137
面従	33138
面汚し	33139
面疔	33140
面白おかしい	33141
面通し	33142
靨	33143
革靴	33144
靭帯	33145
靴ずれ	33146
靴底	33147
靴擦れ	33148
靴磨き	33149
鞄持ち	33150
鞍馬	33151
鞭撻	33152
韜晦	33153
音大	33154
音波	33155
音調	33156
音韻	33157
韻律	33158
頃合い	33159
項羽	33160
順子	33161
順守	33162
順延	33163
順路	33164
預かり物	33165
預かり金	33166
頑健	33167
頑張り	33168
頒布	33169
領	33170
領する	33171
頭ごなし	33172
頭巾	33173
頭突き	33174
頭越し	33175
頭韻	33176
頸がん	33177
頻	33178
頻々	33179
頻発	33180
頼り甲斐	33181
題する	33182
題材	33183
題目	33184
額面	33185
顎髭	33186
顎鬚	33187
顔付き	33188
顔合わせ	33189
顕在	33190
願い下げ	33191
類義	33192
類語	33193
顰める	33194
顰蹙	33195
風切	33196
風刺	33197
風前	33198
風力	33199
風向き	33200
風呂桶	33201
風当たり	33202
風月	33203
風疹	33204
風紀	33205
風見	33206
風見鶏	33207
颯爽	33208
飛び切り	33209
飛び級	33210
飛び魚	33211
飛沫	33212
飛田	33213
飛蚊	33214
飛語	33215
飛騨	33216
飛鳥	33217
飜訳	33218
食あたり	33219
食い	33220
食いっぱぐれ	33221
食いもの	33222
食い倒れ	33223
食い物	33224
食い違い	33225
食す	33226
食する	33227
食べこぼし	33228
食べ比べ	33229
食傷	33230
食肉	33231
食餌	33232
飯店	33233
飯田	33234
飲みで	33235
飲み食い	33236
飲んだくれる	33237
飲んべえ	33238
飲兵衛	33239
飴玉	33240
飼犬	33241
飽かす	33242
飽和	33243
飽食	33244
飾	33245
飾り付け	33246
養い	33247
養成	33248
養老	33249
養蚕	33250
養蜂	33251
養護	33252
養豚	33253
餓え	33254
餓鬼	33255
饑饉	33256
饒舌	33257
首ったけ	33258
首つり	33259
首元	33260
首根	33261
首謀	33262
首飾り	33263
香る	33264
香具師	33265
香料	33266
馬丁	33267
馬券	33268
馬刺し	33269
馬場	33270
馬脚	33271
馬身	33272
馬鈴薯	33273
馳せる	33274
馴らす	33275
馴染み客	33276
馴染み深い	33277
馴染める	33278
駄々っ子	33279
駄賃	33280
駅弁	33281
駅長	33282
駆	33283
駆け足	33284
駐仏	33285
駐留	33286
駐禁	33287
駐米	33288
駐英	33289
駐輪	33290
駟	33291
駿	33292
駿馬	33293
騒がす	33294
騒然	33295
騙し合い	33296
騙し騙し	33297
騙せる	33298
騙り	33299
驕傲	33300
驚愕	33301
驢馬	33302
骨休め	33303
骨壷	33304
骨子	33305
骨格	33306
骨頂	33307
高1	33308
高いびき	33309
高まり	33310
高円寺	33311
高卒	33312
高吟	33313
高圧	33314
高坂	33315
高尚	33316
高岡	33317
高広	33318
高慢ちき	33319
高波	33320
高生加	33321
高田馬場	33322
高覧	33323
高遠	33324
高配	33325
高野	33326
高須	33327
髪色	33328
髭もじゃ	33329
鬱憤	33330
鬱金	33331
鬼太郎	33332
鬼女	33333
鬼婆	33334
魂魄	33335
魅惑	33336
魍魎	33337
魑魅	33338
魔境	33339
魔導	33340
魔族	33341
魔界	33342
魔除け	33343
魘される	33344
魚の目	33345
鮎	33346
鮮	33347
鮮烈	33348
鮮血	33349
鯖	33350
鯵	33351
鰓	33352
鰯	33353
鰻上り	33354
鰻登り	33355
鱈場蟹	33356
鳥捕り	33357
鳥皮	33358
鳥肉	33359
鳥類	33360
鳴管	33361
鴨川	33362
鵜	33363
鶇	33364
鶏舎	33365
鶯	33366
鷗外	33367
鷹派	33368
鹿島	33369
鹿狩り	33370
麗し	33371
麗らか	33372
麗華	33373
麝香	33374
麦粉	33375
麦藁	33376
麺つゆ	33377
麺類	33378
麻原	33379
麻理恵	33380
麻疹	33381
麻衣	33382
麻里	33383
黄熱	33384
黄砂	33385
黄緑	33386
黄道	33387
黍	33388
黒々	33389
黒あざ	33390
黒こげ	33391
黒ウサギ	33392
黒ネコ	33393
黒光り	33394
黒塗り	33395
黒崎	33396
黒死	33397
黒海	33398
黒犬	33399
黒田	33400
黒白	33401
黒紫	33402
黒縁	33403
黙とう	33404
黙想	33405
黙殺	33406
黙然	33407
黙示	33408
黙祷	33409
黴	33410
鼓	33411
鼓膜	33412
鼯鼠	33413
鼺鼠	33414
鼻かぜ	33415
鼻くそ	33416
鼻先	33417
鼻緒	33418
齢	33419
齧り	33420
齧る	33421
齧歯	33422
龍之介	33423
龍安寺	33424
